country,iso3,year,gdppc
Aruba,ABW,2008,29011.6390567532
Afghanistan,AFG,2008,382.533807216693
Angola,AGO,2008,4081.71750626182
Albania,ALB,2008,4370.53971639449
Andorra,AND,2008,53938.8521336326
Argentina,ARG,2008,8977.50685093365
Armenia,ARM,2008,3908.94906011431
American Samoa,ASM,2008,10019.502245442
Antigua and Barbuda,ATG,2008,18708.9733545632
Australia,AUS,2008,49701.2817843335
Austria,AUT,2008,51919.9835754226
Azerbaijan,AZE,2008,5574.46810432575
Burundi,BDI,2008,194.710634644444
Belgium,BEL,2008,48303.397956286
Benin,BEN,2008,1098.94667867138
Burkina Faso,BFA,2008,621.890271798117
Bangladesh,BGD,2008,630.148307727773
Bulgaria,BGR,2008,7271.30338858025
Bahrain,BHR,2008,23155.821449155
"Bahamas, The",BHS,2008,29013.6302870767
Bosnia and Herzegovina,BIH,2008,4846.79094117894
Belarus,BLR,2008,6376.17569162063
Belize,BLZ,2008,5665.96623188559
Bermuda,BMU,2008,106935.486341979
Bolivia,BOL,2008,1687.57849715048
Brazil,BRA,2008,8801.75787553359
Barbados,BRB,2008,17570.7829148862
Brunei Darussalam,BRN,2008,37427.5400573102
Bhutan,BTN,2008,1910.17421799781
Botswana,BWA,2008,5345.84875177376
Central African Republic,CAF,2008,446.228770359276
Canada,CAN,2008,46710.2526864484
Switzerland,CHE,2008,74175.1927898555
Chile,CHL,2008,10797.0473705117
China,CHN,2008,3468.32706307504
Cote d'Ivoire,CIV,2008,1683.33750616062
Cameroon,CMR,2008,1476.00907755673
"Congo, Dem. Rep.",COD,2008,317.88921008113
"Congo, Rep.",COG,2008,2848.6531631791
Colombia,COL,2008,5534.68944688198
Comoros,COM,2008,1454.65090944099
Cabo Verde,CPV,2008,3839.86363555731
Costa Rica,CRI,2008,6841.9114600079
Cuba,CUB,2008,4992.82449445836
Cayman Islands,CYM,2008,89704.2225482118
Cyprus,CYP,2008,35397.36328125
Czechia,CZE,2008,22804.5776774507
Germany,DEU,2008,45612.7106221441
Djibouti,DJI,2008,1131.63572564038
Dominica,DMA,2008,6661.46504737997
Denmark,DNK,2008,64322.0635020842
Dominican Republic,DOM,2008,5053.33028494248
Algeria,DZA,2008,5217.99182157355
Ecuador,ECU,2008,4217.44458448304
"Egypt, Arab Rep.",EGY,2008,1941.89997269337
Eritrea,ERI,2008,459.178402670323
Spain,ESP,2008,35510.7222312701
Estonia,EST,2008,18204.9664786762
Ethiopia,ETH,2008,320.861089711683
Finland,FIN,2008,53772.7942390019
Fiji,FJI,2008,3928.92173857964
France,FRA,2008,45515.9617533473
Faroe Islands,FRO,2008,51431.9730976048
"Micronesia, Fed. Sts.",FSM,2008,2420.7490064763
Gabon,GAB,2008,9732.22653332604
Georgia,GEO,2008,3324.7537205015
Ghana,GHA,2008,1178.95587732926
Guinea,GIN,2008,712.099416076712
"Gambia, The",GMB,2008,857.858239870456
Guinea-Bissau,GNB,2008,640.048174194621
Equatorial Guinea,GNQ,2008,19849.7177669705
Greece,GRC,2008,32127.9831943287
Grenada,GRD,2008,7343.44526962639
Greenland,GRL,2008,44366.7858688175
Guatemala,GTM,2008,2802.45158245094
Guam,GUM,2008,28277.432083776
Guyana,GUY,2008,4011.386903582
"Hong Kong SAR, China",HKG,2008,31515.5292103443
Honduras,HND,2008,1713.41816440351
Croatia,HRV,2008,15900.4693649251
Haiti,HTI,2008,1089.57634564151
Hungary,HUN,2008,15772.3300839383
Indonesia,IDN,2008,2144.38954419287
Isle of Man,IMN,2008,72304.9807352883
India,IND,2008,993.503405259298
Ireland,IRL,2008,61353.1065629523
"Iran, Islamic Rep.",IRN,2008,5623.91168093228
Iraq,IRQ,2008,4504.50810924484
Iceland,ISL,2008,56943.3704468563
Israel,ISR,2008,30173.3615938856
Italy,ITA,2008,40944.9124194678
Jamaica,JAM,2008,5056.25803606977
Jordan,JOR,2008,3416.12390126122
Japan,JPN,2008,39876.3039685725
Kazakhstan,KAZ,2008,8458.01947450022
Kenya,KEN,2008,915.998915654065
Kyrgyz Republic,KGZ,2008,966.393838565694
Cambodia,KHM,2008,742.397972321917
Kiribati,KIR,2008,1411.90543571667
St. Kitts and Nevis,KNA,2008,16491.8850906212
"Korea, Rep.",KOR,2008,21350.427979823
Kuwait,KWT,2008,55595.4843129592
Lao PDR,LAO,2008,887.639592455099
Lebanon,LBN,2008,5957.69675411548
Liberia,LBR,2008,456.144699881365
Libya,LBY,2008,13921.9037107842
St. Lucia,LCA,2008,8528.68208470429
Liechtenstein,LIE,2008,143540.573432591
Sri Lanka,LKA,2008,2007.02665500962
Lesotho,LSO,2008,885.65930324266
Lithuania,LTU,2008,14944.996652175
Luxembourg,LUX,2008,120422.137934157
Latvia,LVA,2008,16467.1436879405
"Macao SAR, China",MAC,2008,39745.7618028691
Morocco,MAR,2008,3180.17065429688
Monaco,MCO,2008,204097.113958028
Moldova,MDA,2008,2110.55305353857
Madagascar,MDG,2008,522.830621952534
Maldives,MDV,2008,6743.1309608974
Mexico,MEX,2008,10589.9518729134
Marshall Islands,MHL,2008,2716.81582429744
North Macedonia,MKD,2008,5026.4202989873
Mali,MLI,2008,676.127001144005
Malta,MLT,2008,22205.3567709304
Myanmar,MMR,2008,653.866000185961
Montenegro,MNE,2008,7367.75190910882
Mongolia,MNG,2008,2134.94983195668
Northern Mariana Islands,MNP,2008,15641.657782516
Mozambique,MOZ,2008,591.439837606183
Mauritania,MRT,2008,1610.2369793316
Mauritius,MUS,2008,8030.05228087539
Malawi,MWI,2008,557.519009408402
Malaysia,MYS,2008,8343.3033817446
Namibia,NAM,2008,4222.32618912577
New Caledonia,NCL,2008,37353.7374256261
Niger,NER,2008,472.178427355585
Nigeria,NGA,2008,2227.79034922679
Nicaragua,NIC,2008,1493.90454426773
Netherlands,NLD,2008,57879.9437553916
Norway,NOR,2008,97503.5407803783
Nepal,NPL,2008,466.693379122712
Nauru,NRU,2008,3671.02067076903
New Zealand,NZL,2008,31252.9625640673
Oman,OMN,2008,22974.2773504319
Pakistan,PAK,2008,1087.51477702611
Panama,PAN,2008,7197.11078610101
Peru,PER,2008,4184.88598248749
Philippines,PHL,2008,1990.35612886581
Palau,PLW,2008,10531.2188849151
Papua New Guinea,PNG,2008,1635.03956584558
Poland,POL,2008,13995.7811598115
Puerto Rico,PRI,2008,24898.3345857045
Portugal,PRT,2008,24949.0413566739
Paraguay,PRY,2008,4360.4291089526
West Bank and Gaza,PSE,2008,2035.20234121766
French Polynesia,PYF,2008,25437.6685817517
Qatar,QAT,2008,79811.5977371757
Romania,ROU,2008,10435.2179803541
Russian Federation,RUS,2008,11635.2841796875
Rwanda,RWA,2008,529.529272024533
Saudi Arabia,SAU,2008,18944.859586127
Sudan,SDN,2008,1585.58239746094
Senegal,SEN,2008,1419.5309032462
Singapore,SGP,2008,40008.5720489092
Solomon Islands,SLB,2008,1504.52749470466
Sierra Leone,SLE,2008,402.553405463525
El Salvador,SLV,2008,2964.172140237
San Marino,SMR,2008,77962.1439875871
Somalia,SOM,2008,516.704889868189
Serbia,SRB,2008,7101.04014116862
South Sudan,SSD,2008,1653.04153713909
Sao Tome and Principe,STP,2008,1080.55656768454
Suriname,SUR,2008,6616.8151257419
Slovak Republic,SVK,2008,18753.5849413816
Slovenia,SVN,2008,27595.5999653992
Sweden,SWE,2008,56152.552340314
Eswatini,SWZ,2008,3022.45617748042
Seychelles,SYC,2008,11265.4376270005
Syrian Arab Republic,SYR,2008,2447.50716168131
Chad,TCD,2008,936.494137074972
Thailand,THA,2008,4327.79747040393
Tajikistan,TJK,2008,704.650178811389
Tanzania,TZA,2008,671.244445800781
St. Vincent and the Grenadines,VCT,2008,6641.49587783512
Samoa,WSM,2008,3344.05455878019
South Africa,ZAF,2008,6251.87742691265
Aruba,ABW,2009,25740.7702303087
Afghanistan,AFG,2009,453.387385142577
Angola,AGO,2009,3123.69888517374
Albania,ALB,2009,4114.13403283023
Andorra,AND,2009,49950.9334988206
Argentina,ARG,2009,8184.38988923991
Armenia,ARM,2009,2917.36624185176
American Samoa,ASM,2009,12191.5977314597
Antigua and Barbuda,ATG,2009,16401.0273315405
Australia,AUS,2009,42816.5674002829
Austria,AUT,2009,48153.3240199631
Azerbaijan,AZE,2009,4950.39949009423
Burundi,BDI,2009,204.544755595219
Belgium,BEL,2009,44760.2912443709
Benin,BEN,2009,1061.71835954714
Burkina Faso,BFA,2009,603.877545561486
Bangladesh,BGD,2009,698.503078776717
Bulgaria,BGR,2009,6988.27316296465
Bahrain,BHR,2009,19448.1832553789
"Bahamas, The",BHS,2009,27120.6905452145
Bosnia and Herzegovina,BIH,2009,4542.31167332328
Belarus,BLR,2009,5352.48809190697
Belize,BLZ,2009,5352.09598732755
Bermuda,BMU,2009,101407.764031934
Bolivia,BOL,2009,1725.14628617645
Brazil,BRA,2009,8569.90254736072
Barbados,BRB,2009,16314.6692184915
Brunei Darussalam,BRN,2009,27497.546869338
Bhutan,BTN,2009,1908.24964779322
Botswana,BWA,2009,4938.24990584092
Central African Republic,CAF,2009,452.922236469512
Canada,CAN,2009,40874.8831932903
Switzerland,CHE,2009,71568.3123885672
Chile,CHL,2009,10204.5588537616
China,CHN,2009,3832.2274569094
Cote d'Ivoire,CIV,2009,1638.80468544921
Cameroon,CMR,2009,1445.86024800164
"Congo, Dem. Rep.",COD,2009,290.155675073525
"Congo, Rep.",COG,2009,2283.94987239428
Colombia,COL,2009,5245.95158468149
Comoros,COM,2009,1409.10667152145
Cabo Verde,CPV,2009,3592.31587892127
Costa Rica,CRI,2009,6737.8607505315
Cuba,CUB,2009,5094.43756186586
Cayman Islands,CYM,2009,81398.3236004786
Cyprus,CYP,2009,32236.53515625
Czechia,CZE,2009,19861.6974295256
Germany,DEU,2009,41650.3678297162
Djibouti,DJI,2009,1164.25168346453
Dominica,DMA,2009,7109.9782527814
Denmark,DNK,2009,58163.2768762815
Dominican Republic,DOM,2009,5002.15316981585
Algeria,DZA,2009,4270.85845146029
Ecuador,ECU,2009,4076.23494804164
"Egypt, Arab Rep.",EGY,2009,2212.21814788932
Eritrea,ERI,2009,602.063223832873
Spain,ESP,2009,32169.5028548583
Estonia,EST,2009,14711.7352728223
Ethiopia,ETH,2009,373.893958712145
Finland,FIN,2009,47481.4845364339
Fiji,FJI,2009,3184.68912291481
France,FRA,2009,41737.7635518137
Faroe Islands,FRO,2009,47410.9556269077
"Micronesia, Fed. Sts.",FSM,2009,2598.40360440538
Gabon,GAB,2009,7325.90951318545
Georgia,GEO,2009,2822.68939668797
Ghana,GHA,2009,1044.00498892672
Guinea,GIN,2009,670.261253626844
"Gambia, The",GMB,2009,772.124933818401
Guinea-Bissau,GNB,2009,582.877268776159
Equatorial Guinea,GNQ,2009,14398.770485777
Greece,GRC,2009,29828.7560245271
Grenada,GRD,2009,6810.44031784436
Greenland,GRL,2009,44918.8413832155
Guatemala,GTM,2009,2651.83174404335
Guam,GUM,2009,29335.2776765099
Guyana,GUY,2009,4213.81622922287
"Hong Kong SAR, China",HKG,2009,30697.5383861641
Honduras,HND,2009,1762.34916029174
Croatia,HRV,2009,14422.9198619352
Haiti,HTI,2009,1191.80292543805
Hungary,HUN,2009,13077.305465178
Indonesia,IDN,2009,2239.09526529896
Isle of Man,IMN,2009,66175.2547436921
India,IND,2009,1096.63613606381
Ireland,IRL,2009,52133.0906162544
"Iran, Islamic Rep.",IRN,2009,5602.5562818391
Iraq,IRQ,2009,3686.40208888479
Iceland,ISL,2009,41301.273219718
Israel,ISR,2009,28317.0408441487
Italy,ITA,2009,37226.7571935402
Jamaica,JAM,2009,4452.12079882126
Jordan,JOR,2009,3618.89261685515
Japan,JPN,2009,41308.9968370512
Kazakhstan,KAZ,2009,7165.22477794014
Kenya,KEN,2009,1049.12179424341
Kyrgyz Republic,KGZ,2009,871.224226887324
Cambodia,KHM,2009,734.815118652103
Kiribati,KIR,2009,1324.43601505632
St. Kitts and Nevis,KNA,2009,16374.256885994
"Korea, Rep.",KOR,2009,19143.8516053025
Kuwait,KWT,2009,37906.2051851748
Lao PDR,LAO,2009,936.790193410368
Lebanon,LBN,2009,7149.7914980484
Liberia,LBR,2009,452.745228889857
Libya,LBY,2009,9560.80753446227
St. Lucia,LCA,2009,8259.32233799025
Liechtenstein,LIE,2009,126261.397282982
Sri Lanka,LKA,2009,2053.76645085487
Lesotho,LSO,2009,866.475127181991
Lithuania,LTU,2009,11820.7761591359
Luxembourg,LUX,2009,109419.746953106
Latvia,LVA,2009,12331.9285524089
"Macao SAR, China",MAC,2009,39754.9761535003
Morocco,MAR,2009,3118.1416015625
Monaco,MCO,2009,168957.10787757
Moldova,MDA,2009,1898.43975710988
Madagascar,MDG,2009,455.407373772766
Maldives,MDV,2009,6719.33025725066
Mexico,MEX,2009,8495.65308003777
Marshall Islands,MHL,2009,2815.41356801422
North Macedonia,MKD,2009,4799.78722768888
Mali,MLI,2009,680.649958587557
Malta,MLT,2009,21083.2770528363
Myanmar,MMR,2009,752.944035899187
Montenegro,MNE,2009,6727.10776676969
Mongolia,MNG,2009,1718.91402182752
Northern Mariana Islands,MNP,2009,13933.6791923724
Mozambique,MOZ,2009,546.600732462517
Mauritania,MRT,2009,1418.94084292347
Mauritius,MUS,2009,7318.12640972422
Malawi,MWI,2009,630.109154083703
Malaysia,MYS,2009,7167.87719423373
Namibia,NAM,2009,4322.62926597991
New Caledonia,NCL,2009,35391.0880349722
Niger,NER,2009,458.421890235321
Nigeria,NGA,2009,1883.88778309689
Nicaragua,NIC,2009,1438.08682340939
Netherlands,NLD,2009,52722.2130568997
Norway,NOR,2009,80347.5700665184
Nepal,NPL,2009,475.63597612014
Nauru,NRU,2009,4317.03757932603
New Zealand,NZL,2009,28209.3623271229
Oman,OMN,2009,17937.9795676859
Pakistan,PAK,2009,985.349300762774
Panama,PAN,2009,7618.43845900774
Peru,PER,2009,4164.97048299155
Philippines,PHL,2009,1893.28164063577
Palau,PLW,2009,10092.3183809542
Papua New Guinea,PNG,2009,1578.96862832112
Poland,POL,2009,11525.9007370991
Puerto Rico,PRI,2009,25768.7258883384
Portugal,PRT,2009,23151.2154130712
Paraguay,PRY,2009,3920.18607071017
West Bank and Gaza,PSE,2009,2191.78178736868
French Polynesia,PYF,2009,23326.0875573006
Qatar,QAT,2009,60733.9817002272
Romania,ROU,2009,8548.04859012993
Russian Federation,RUS,2009,8562.82421875
Rwanda,RWA,2009,564.976632424991
Saudi Arabia,SAU,2009,15064.6301357458
Sudan,SDN,2009,1223.90344238281
Senegal,SEN,2009,1323.9712258938
Singapore,SGP,2009,38926.8054365453
Solomon Islands,SLB,2009,1526.15990773608
Sierra Leone,SLE,2009,386.433868490557
El Salvador,SLV,2009,2889.68588721937
San Marino,SMR,2009,66200.6729727817
Somalia,SOM,2009,251.371291706029
Serbia,SRB,2009,6169.11419477823
South Sudan,SSD,2009,1325.2750772158
Sao Tome and Principe,STP,2009,1126.53858479155
Suriname,SUR,2009,7176.85765780579
Slovak Republic,SVK,2009,16597.2084581361
Slovenia,SVN,2009,24792.1279805504
Sweden,SWE,2009,46946.9602719954
Eswatini,SWZ,2009,3270.1377612043
Seychelles,SYC,2009,9747.09180546291
Syrian Arab Republic,SYR,2009,2479.0942337843
Chad,TCD,2009,808.161523513674
Thailand,THA,2009,4154.18744707842
Tajikistan,TJK,2009,666.721344206247
Tanzania,TZA,2009,688.710388183594
St. Vincent and the Grenadines,VCT,2009,6503.09777184322
Samoa,WSM,2009,3250.95309678248
South Africa,ZAF,2009,6444.18684044519
Aruba,ABW,2010,24452.5887394376
Afghanistan,AFG,2010,562.499221552971
Angola,AGO,2010,3586.66369358621
Albania,ALB,2010,4094.34968570481
Andorra,AND,2010,48237.8911738235
Argentina,ARG,2010,10385.9644319555
Armenia,ARM,2010,3143.0294799683
American Samoa,ASM,2010,10446.8632062572
Antigua and Barbuda,ATG,2010,15149.7235026029
Australia,AUS,2010,52147.0241942843
Austria,AUT,2010,46903.7615854343
Azerbaijan,AZE,2010,5843.5337683582
Burundi,BDI,2010,222.660583208376
Belgium,BEL,2010,44184.946353964
Benin,BEN,2010,1009.48949478478
Burkina Faso,BFA,2010,627.270395707064
Bangladesh,BGD,2010,776.835743954765
Bulgaria,BGR,2010,6863.66706774052
Bahrain,BHR,2010,21186.8143292279
"Bahamas, The",BHS,2010,27046.6576651879
Bosnia and Herzegovina,BIH,2010,4506.93235205533
Belarus,BLR,2010,6034.67885177216
Belize,BLZ,2010,5399.06209583265
Bermuda,BMU,2010,101875.28407346
Bolivia,BOL,2010,1922.05857050664
Brazil,BRA,2010,11249.2918904352
Barbados,BRB,2010,16507.4305360907
Brunei Darussalam,BRN,2010,34609.7119829323
Bhutan,BTN,2010,2371.97209032796
Botswana,BWA,2010,6041.73205119653
Central African Republic,CAF,2010,459.776981833241
Canada,CAN,2010,47560.6666009406
Switzerland,CHE,2010,76531.3729407691
Chile,CHL,2010,12764.5931178671
China,CHN,2010,4550.47394356715
Cote d'Ivoire,CIV,2010,1654.17795949757
Cameroon,CMR,2010,1383.81386413817
"Congo, Dem. Rep.",COD,2010,324.827726109271
"Congo, Rep.",COG,2010,2962.76248130765
Colombia,COL,2010,6392.75802564031
Comoros,COM,2010,1384.06328257479
Cabo Verde,CPV,2010,3500.97746776661
Costa Rica,CRI,2010,8147.24398493375
Cuba,CUB,2010,5275.53260105122
Cayman Islands,CYM,2010,76873.1953208127
Cyprus,CYP,2010,31105.02734375
Czechia,CZE,2010,19960.0684872157
Germany,DEU,2010,41572.4559481507
Djibouti,DJI,2010,1227.82085311429
Dominica,DMA,2010,7182.40020254419
Denmark,DNK,2010,58041.3984363385
Dominican Republic,DOM,2010,5509.56803417837
Algeria,DZA,2010,4958.2593791361
Ecuador,ECU,2010,4546.57877452911
"Egypt, Arab Rep.",EGY,2010,2509.77203417522
Eritrea,ERI,2010,504.972460176652
Spain,ESP,2010,30532.4805081656
Estonia,EST,2010,14663.0446126465
Ethiopia,ETH,2010,335.438495270931
Finland,FIN,2010,46505.3031791811
Fiji,FJI,2010,3469.14964254878
France,FRA,2010,40676.0647913181
Faroe Islands,FRO,2010,48167.6675141519
"Micronesia, Fed. Sts.",FSM,2010,2760.0113395546
Gabon,GAB,2010,8399.59734808121
Georgia,GEO,2010,3281.72930937343
Ghana,GHA,2010,1258.96419689048
Guinea,GIN,2010,667.281601897555
"Gambia, The",GMB,2010,796.631829179134
Guinea-Bissau,GNB,2010,599.859967945903
Equatorial Guinea,GNQ,2010,14905.5145764646
Greece,GRC,2010,26716.6488260274
Grenada,GRD,2010,6760.97488416081
Greenland,GRL,2010,43988.5280290494
Guatemala,GTM,2010,2852.55759284808
Guam,GUM,2010,30011.2185803948
Guyana,GUY,2010,4589.87249766592
"Hong Kong SAR, China",HKG,2010,32550.136489179
Honduras,HND,2010,1874.27170372599
Croatia,HRV,2010,13697.4521970764
Haiti,HTI,2010,1204.86206528423
Hungary,HUN,2010,13217.5045951108
Indonesia,IDN,2010,3094.44307866403
Isle of Man,IMN,2010,70625.2062497235
India,IND,2010,1350.63447029137
Ireland,IRL,2010,48663.6004439251
"Iran, Islamic Rep.",IRN,2010,6458.57395613765
Iraq,IRQ,2010,4430.42624189518
Iceland,ISL,2010,43237.0729488958
Israel,ISR,2010,31266.6053174383
Italy,ITA,2010,36035.6449950691
Jamaica,JAM,2010,4835.79108651148
Jordan,JOR,2010,3914.70123105389
Japan,JPN,2010,44968.1562349739
Kazakhstan,KAZ,2010,9070.48825285747
Kenya,KEN,2010,1093.63962367926
Kyrgyz Republic,KGZ,2010,880.038521818228
Cambodia,KHM,2010,782.695738595564
Kiribati,KIR,2010,1528.89975749675
St. Kitts and Nevis,KNA,2010,16427.6210053903
"Korea, Rep.",KOR,2010,23079.2601257735
Kuwait,KWT,2010,39212.4653757405
Lao PDR,LAO,2010,1127.83482203842
Lebanon,LBN,2010,7695.24541457279
Liberia,LBR,2010,497.020365397034
Libya,LBY,2010,11611.3623534766
St. Lucia,LCA,2010,8672.21566785729
Liechtenstein,LIE,2010,141466.827324144
Sri Lanka,LKA,2010,2836.97410911231
Lesotho,LSO,2010,1104.8115468317
Lithuania,LTU,2010,11987.508411647
Luxembourg,LUX,2010,110885.991378721
Latvia,LVA,2010,11420.9940032836
"Macao SAR, China",MAC,2010,50676.3870819204
Morocco,MAR,2010,3067.85180664063
Monaco,MCO,2010,161780.745361248
Moldova,MDA,2010,2436.79935102421
Madagascar,MDG,2010,459.375407996579
Maldives,MDV,2010,7158.06141101431
Mexico,MEX,2010,9823.16407459477
Marshall Islands,MHL,2010,3007.14236561261
North Macedonia,MKD,2010,4833.36586759968
Mali,MLI,2010,688.327865858558
Malta,MLT,2010,21798.9142935915
Myanmar,MMR,2010,1003.03345506033
Montenegro,MNE,2010,6688.40259641346
Mongolia,MNG,2010,2660.28817507398
Northern Mariana Islands,MNP,2010,14772.4961635883
Mozambique,MOZ,2010,494.584022000439
Mauritania,MRT,2010,1646.13042756814
Mauritius,MUS,2010,8000.37643182154
Malawi,MWI,2010,688.139191185368
Malaysia,MYS,2010,8880.14580454109
Namibia,NAM,2010,5445.42006302741
New Caledonia,NCL,2010,37494.8952028518
Niger,NER,2010,471.61268796898
Nigeria,NGA,2010,2280.11128904338
Nicaragua,NIC,2010,1495.72918990272
Netherlands,NLD,2010,50999.7451168879
Norway,NOR,2010,88163.2085931423
Nepal,NPL,2010,589.165434913038
Nauru,NRU,2010,4644.35549364565
New Zealand,NZL,2010,33676.7741239925
Oman,OMN,2010,22552.1990071233
Pakistan,PAK,2010,1011.59718017727
Panama,PAN,2010,8124.55830734871
Peru,PER,2010,5047.2046433225
Philippines,PHL,2010,2201.77682813479
Palau,PLW,2010,10149.637035053
Papua New Guinea,PNG,2010,1879.24055902232
Poland,POL,2010,12504.2501856093
Puerto Rico,PRI,2010,26435.74878578
Portugal,PRT,2010,22520.6423124045
Paraguay,PRY,2010,4725.72634101583
West Bank and Gaza,PSE,2010,2557.07562356699
French Polynesia,PYF,2010,21447.8582553167
Qatar,QAT,2010,73021.3097525035
Romania,ROU,2010,8397.80917311457
Russian Federation,RUS,2010,10674.990234375
Rwanda,RWA,2010,594.115673355408
Saudi Arabia,SAU,2010,17958.9444813361
Sudan,SDN,2010,1356.89465332031
Senegal,SEN,2010,1286.60496647046
Singapore,SGP,2010,47236.683084953
Solomon Islands,SLB,2010,1661.99788468931
Sierra Leone,SLE,2010,400.540743708337
El Salvador,SLV,2010,3017.3073947577
San Marino,SMR,2010,59516.3233988223
Somalia,SOM,2010,223.487606875311
Serbia,SRB,2010,5735.42285659849
South Sudan,SSD,2010,1503.13388901082
Sao Tome and Principe,STP,2010,1043.28142666295
Suriname,SUR,2010,7999.50739437676
Slovak Republic,SVK,2010,16908.8479564876
Slovenia,SVN,2010,23532.4808545468
Sweden,SWE,2010,52869.0442891587
Eswatini,SWZ,2010,4035.53448063299
Seychelles,SYC,2010,10934.79494629
Syrian Arab Republic,SYR,2010,2748.32269383475
Chad,TCD,2010,896.876704620394
Thailand,THA,2010,4996.37209760091
Tajikistan,TJK,2010,740.276134899351
Tanzania,TZA,2010,730.782348632813
St. Vincent and the Grenadines,VCT,2010,6590.98957888616
Samoa,WSM,2010,3494.39522455198
South Africa,ZAF,2010,8059.56279824609
Aruba,ABW,2011,26043.1563253011
Afghanistan,AFG,2011,608.738850364613
Angola,AGO,2011,4608.15516572683
Albania,ALB,2011,4437.14116097061
Andorra,AND,2011,51428.1969515188
Argentina,ARG,2011,12848.7391514568
Armenia,ARM,2011,3462.68177840431
American Samoa,ASM,2011,10495.3047320935
Antigua and Barbuda,ATG,2011,14774.0321811278
Australia,AUS,2011,62609.6607161044
Austria,AUT,2011,51442.2762464407
Azerbaijan,AZE,2011,7189.81869211976
Burundi,BDI,2011,236.451347486235
Belgium,BEL,2011,47410.5669277464
Benin,BEN,2011,1099.4143107361
Burkina Faso,BFA,2011,727.612474511645
Bangladesh,BGD,2011,856.178832752419
Bulgaria,BGR,2011,7857.16706984441
Bahrain,BHR,2011,23741.5574626702
"Bahamas, The",BHS,2011,26644.9265775896
Bosnia and Herzegovina,BIH,2011,4980.90468838995
Belarus,BLR,2011,6527.6593428786
Belize,BLZ,2011,5519.3390084833
Bermuda,BMU,2011,97774.1620717428
Bolivia,BOL,2011,2304.98246161085
Brazil,BRA,2011,13200.5562348789
Barbados,BRB,2011,16924.066921731
Brunei Darussalam,BRN,2011,46139.1075759182
Bhutan,BTN,2011,2717.44994790904
Botswana,BWA,2011,7080.77864262565
Central African Republic,CAF,2011,515.209503489402
Canada,CAN,2011,52223.8588398531
Switzerland,CHE,2011,90476.7589651577
Chile,CHL,2011,14637.7561550875
China,CHN,2011,5614.38602225277
Cote d'Ivoire,CIV,2011,1701.7046397995
Cameroon,CMR,2011,1497.92658566017
"Congo, Dem. Rep.",COD,2011,376.374981129973
"Congo, Rep.",COG,2011,3415.06237416639
Colombia,COL,2011,7392.94359822972
Comoros,COM,2011,1526.83263942681
Cabo Verde,CPV,2011,3880.06920520905
Costa Rica,CRI,2011,9137.4551007756
Cuba,CUB,2011,6106.0067919258
Cayman Islands,CYM,2011,75435.6152271054
Cyprus,CYP,2011,32485.802734375
Czechia,CZE,2011,21871.2660754128
Germany,DEU,2011,46705.8957963353
Djibouti,DJI,2011,1322.72625083956
Dominica,DMA,2011,7288.49794777466
Denmark,DNK,2011,61753.647131977
Dominican Republic,DOM,2011,5859.381524313
Algeria,DZA,2011,5974.57008682611
Ecuador,ECU,2011,5183.62370033118
"Egypt, Arab Rep.",EGY,2011,2645.6225349104
Eritrea,ERI,2011,643.790042311239
Spain,ESP,2011,31677.9003083652
Estonia,EST,2011,17487.8047830922
Ethiopia,ETH,2011,348.001348291465
Finland,FIN,2011,51148.9316365833
Fiji,FJI,2011,4160.72119311815
France,FRA,2011,43846.4660764798
Faroe Islands,FRO,2011,51786.480991824
"Micronesia, Fed. Sts.",FSM,2011,2885.44124871393
Gabon,GAB,2011,10273.798444898
Georgia,GEO,2011,4119.66818307193
Ghana,GHA,2011,1501.05917129856
Guinea,GIN,2011,644.502548659895
"Gambia, The",GMB,2011,705.47749534881
Guinea-Bissau,GNB,2011,719.118765750612
Equatorial Guinea,GNQ,2011,18659.4160247571
Greece,GRC,2011,25483.8825644931
Grenada,GRD,2011,6775.74927822931
Greenland,GRL,2011,47186.8759969388
Guatemala,GTM,2011,3228.03827784076
Guam,GUM,2011,30087.7155914011
Guyana,GUY,2011,4960.00472639074
"Hong Kong SAR, China",HKG,2011,35142.4879344543
Honduras,HND,2011,2053.95969493403
Croatia,HRV,2011,14664.3690796915
Haiti,HTI,2011,1306.84531878112
Hungary,HUN,2011,14234.471576937
Indonesia,IDN,2011,3613.8008884858
Isle of Man,IMN,2011,77838.3764409883
India,IND,2011,1449.60330101112
Ireland,IRL,2011,52219.7057327581
"Iran, Islamic Rep.",IRN,2011,8201.58167797696
Iraq,IRQ,2011,5736.89895897239
Iceland,ISL,2011,47714.5922308485
Israel,ISR,2011,34354.7161182231
Italy,ITA,2011,38649.6394836789
Jamaica,JAM,2011,5259.93175297891
Jordan,JOR,2011,4152.49398098582
Japan,JPN,2011,48760.0789494211
Kazakhstan,KAZ,2011,11633.9985836418
Kenya,KEN,2011,1099.31546497439
Kyrgyz Republic,KGZ,2011,1123.88314370665
Cambodia,KHM,2011,880.310304428913
Kiribati,KIR,2011,1783.77176374565
St. Kitts and Nevis,KNA,2011,17571.984460028
"Korea, Rep.",KOR,2011,25097.595426845
Kuwait,KWT,2011,48997.3937159758
Lao PDR,LAO,2011,1363.72485647521
Lebanon,LBN,2011,7914.1095681645
Liberia,LBR,2011,573.526422156584
Libya,LBY,2011,7784.13635877527
St. Lucia,LCA,2011,9110.75181022028
Liechtenstein,LIE,2011,158603.608966707
Sri Lanka,LKA,2011,3248.0402104632
Lesotho,LSO,2011,1265.85794508512
Lithuania,LTU,2011,14376.9478643932
Luxembourg,LUX,2011,119025.057203467
Latvia,LVA,2011,13338.9622350852
"Macao SAR, China",MAC,2011,64528.3628232928
St. Martin (French part),MAF,2011,21344.5873046446
Morocco,MAR,2011,3302.453125
Monaco,MCO,2011,179369.268180394
Moldova,MDA,2011,2941.36224066021
Madagascar,MDG,2011,516.902539255093
Maldives,MDV,2011,7409.33190911542
Mexico,MEX,2011,10766.6099402311
Marshall Islands,MHL,2011,3247.89998088945
North Macedonia,MKD,2011,5416.86672931659
Mali,MLI,2011,810.182556036129
Malta,MLT,2011,23155.103527089
Myanmar,MMR,2011,1204.49647224228
Montenegro,MNE,2011,7328.78943085498
Mongolia,MNG,2011,3793.74365523458
Northern Mariana Islands,MNP,2011,13880.4265041889
Mozambique,MOZ,2011,615.278659781153
Mauritania,MRT,2011,1919.45227079679
Mauritius,MUS,2011,9197.04299089459
Malawi,MWI,2011,769.052599195882
Malaysia,MYS,2011,10209.3719445027
Namibia,NAM,2011,5873.05938103204
New Caledonia,NCL,2011,40697.6528593173
Niger,NER,2011,507.602495302453
Nigeria,NGA,2011,2504.87910104512
Nicaragua,NIC,2011,1644.79935412236
Netherlands,NLD,2011,54230.3129029852
Norway,NOR,2011,101221.813476644
Nepal,NPL,2011,791.225582105683
Nauru,NRU,2011,6328.10267224703
New Zealand,NZL,2011,38388.5280906616
Oman,OMN,2011,24166.0963053624
Pakistan,PAK,2011,1161.04432084751
Panama,PAN,2011,9403.43990821634
Peru,PER,2011,5826.83230656078
Philippines,PHL,2011,2431.19996066282
Palau,PLW,2011,10903.1752536172
Papua New Guinea,PNG,2011,2303.8266113635
Poland,POL,2011,13776.3883624327
Puerto Rico,PRI,2011,27278.8830499205
Portugal,PRT,2011,23217.2954965207
Paraguay,PRY,2011,5776.2818479967
West Bank and Gaza,PSE,2011,2880.79843707909
French Polynesia,PYF,2011,21747.9888416729
Qatar,QAT,2011,92992.9971307452
Romania,ROU,2011,9560.15942530942
Russian Federation,RUS,2011,14305.33203125
Rwanda,RWA,2011,650.936675868246
Saudi Arabia,SAU,2011,22441.5741087607
Sudan,SDN,2011,1391.42565917969
Senegal,SEN,2011,1383.53911649626
Singapore,SGP,2011,53891.4570264372
Solomon Islands,SLB,2011,1921.35635220457
Sierra Leone,SLE,2011,443.451842171273
El Salvador,SLV,2011,3304.97418347889
San Marino,SMR,2011,55815.2852611454
Somalia,SOM,2011,237.868451296558
Serbia,SRB,2011,6809.15980400146
South Sudan,SSD,2011,1455.35840718862
Sao Tome and Principe,STP,2011,1217.21206404444
Suriname,SUR,2011,8009.25230244723
Slovak Republic,SVK,2011,18509.7402157541
Slovenia,SVN,2011,25128.0150431304
Sweden,SWE,2011,60755.7595508465
Eswatini,SWZ,2011,4360.95996745324
Seychelles,SYC,2011,12110.0937461973
Syrian Arab Republic,SYR,2011,2971.2824338307
Chad,TCD,2011,988.194160047305
Thailand,THA,2011,5396.64358573682
Tajikistan,TJK,2011,837.881555757687
Tanzania,TZA,2011,768.933410644531
St. Vincent and the Grenadines,VCT,2011,6566.482713176
Samoa,WSM,2011,3789.62699537622
South Africa,ZAF,2011,8737.04126942435
Aruba,ABW,2012,25611.1757666902
Afghanistan,AFG,2012,653.417474910283
Angola,AGO,2012,5083.82687346735
Albania,ALB,2012,4247.63134315945
Andorra,AND,2012,44902.3807663645
Argentina,ARG,2012,13082.664325572
Armenia,ARM,2012,3643.71540108565
American Samoa,ASM,2012,11920.0610903131
Antigua and Barbuda,ATG,2012,15136.8411091932
Australia,AUS,2012,68078.0442283168
Austria,AUT,2012,48564.9173350875
Azerbaijan,AZE,2012,7495.86527658099
Burundi,BDI,2012,238.205945258781
Belgium,BEL,2012,44670.5606845101
Benin,BEN,2012,1112.56953619685
Burkina Faso,BFA,2012,733.97287958981
Bangladesh,BGD,2012,876.521652869848
Bulgaria,BGR,2012,7430.7373804242
Bahrain,BHR,2012,25102.726348527
"Bahamas, The",BHS,2012,28059.6553953426
Bosnia and Herzegovina,BIH,2012,4688.34582317708
Belarus,BLR,2012,6953.21591683101
Belize,BLZ,2012,5635.52152550234
Bermuda,BMU,2012,98431.8651810241
Bolivia,BOL,2012,2562.46678423329
Brazil,BRA,2012,12327.5131013057
Barbados,BRB,2012,16736.9218347773
Brunei Darussalam,BRN,2012,46844.1973390647
Bhutan,BTN,2012,2689.79286575487
Botswana,BWA,2012,6392.98734736839
Central African Republic,CAF,2012,525.867504037729
Canada,CAN,2012,52670.3447335415
Switzerland,CHE,2012,85836.2076767359
Chile,CHL,2012,15397.7804504673
China,CHN,2012,6300.58217951734
Cote d'Ivoire,CIV,2012,1649.30161629018
Cameroon,CMR,2012,1433.72392712455
"Congo, Dem. Rep.",COD,2012,412.776260544995
"Congo, Rep.",COG,2012,3753.86092808102
Colombia,COL,2012,8096.80150827421
Comoros,COM,2012,1483.95155791259
Cabo Verde,CPV,2012,3583.46172510997
Costa Rica,CRI,2012,9971.65165576585
Cuba,CUB,2012,6467.33791422804
Cayman Islands,CYM,2012,75466.1358699971
Cyprus,CYP,2012,28991.9296875
Czechia,CZE,2012,19870.8012123403
Germany,DEU,2012,43855.8544658618
Djibouti,DJI,2012,1418.46085811933
Dominica,DMA,2012,7054.87597689432
Denmark,DNK,2012,58507.5080517852
Dominican Republic,DOM,2012,6049.47158709846
Algeria,DZA,2012,6096.09001549263
Ecuador,ECU,2012,5666.21744687686
"Egypt, Arab Rep.",EGY,2012,3059.13542779204
Spain,ESP,2012,28322.9465923276
Estonia,EST,2012,17403.2053254767
Ethiopia,ETH,2012,458.550920793057
Finland,FIN,2012,47708.0612784469
Fiji,FJI,2012,4359.79240035309
France,FRA,2012,40870.8523645734
Faroe Islands,FRO,2012,50157.0587890212
"Micronesia, Fed. Sts.",FSM,2012,3023.58544607879
Gabon,GAB,2012,9348.51487640056
Georgia,GEO,2012,4530.69533409431
Ghana,GHA,2012,1536.61963499859
Guinea,GIN,2012,707.967678199003
"Gambia, The",GMB,2012,686.557557719746
Guinea-Bissau,GNB,2012,634.961809599423
Equatorial Guinea,GNQ,2012,18756.4250273225
Greece,GRC,2012,21912.9982879517
Grenada,GRD,2012,6900.76507593244
Greenland,GRL,2012,45936.9562817724
Guatemala,GTM,2012,3355.03477737406
Guam,GUM,2012,31642.1462570316
Guyana,GUY,2012,5461.39008471262
"Hong Kong SAR, China",HKG,2012,36730.796195815
Honduras,HND,2012,2107.34542786596
Croatia,HRV,2012,13452.9759027717
Haiti,HTI,2012,1356.1727839335
Hungary,HUN,2012,12984.8365730133
Indonesia,IDN,2012,3668.21208337097
Isle of Man,IMN,2012,79326.3816034182
India,IND,2012,1434.01798692108
Ireland,IRL,2012,48943.8206459561
"Iran, Islamic Rep.",IRN,2012,8329.00206664879
Iraq,IRQ,2012,6437.50291063284
Iceland,ISL,2012,45995.5478789467
Israel,ISR,2012,33156.2283157638
Italy,ITA,2012,35051.5212697703
Jamaica,JAM,2012,5365.24217204558
Jordan,JOR,2012,4386.4618185538
Japan,JPN,2012,49145.2804308193
Kazakhstan,KAZ,2012,12386.6992652963
Kenya,KEN,2012,1289.78079149822
Kyrgyz Republic,KGZ,2012,1177.97526115747
Cambodia,KHM,2012,950.482544613835
Kiribati,KIR,2012,1855.27421404281
St. Kitts and Nevis,KNA,2012,17293.8060527894
"Korea, Rep.",KOR,2012,25459.1689000965
Kuwait,KWT,2012,51270.9790629251
Lao PDR,LAO,2012,1566.00934755636
Lebanon,LBN,2012,8500.1805629403
Liberia,LBR,2012,644.455576742833
Libya,LBY,2012,15765.4152696962
St. Lucia,LCA,2012,9231.57625405725
Liechtenstein,LIE,2012,149461.78557146
Sri Lanka,LKA,2012,3351.89247576451
Lesotho,LSO,2012,1205.85998481002
Lithuania,LTU,2012,14367.709424872
Luxembourg,LUX,2012,112584.676270958
Latvia,LVA,2012,13847.3379393194
"Macao SAR, China",MAC,2012,74111.6011863847
Morocco,MAR,2012,3164.00463867188
Monaco,MCO,2012,165497.097810044
Moldova,MDA,2012,3044.8084324815
Madagascar,MDG,2012,504.173737710132
Maldives,MDV,2012,7447.41560773318
Mexico,MEX,2012,10842.7330894856
Marshall Islands,MHL,2012,3453.86430371952
North Macedonia,MKD,2012,5049.8265386157
Mali,MLI,2012,753.392137501905
Malta,MLT,2012,22526.5370208632
Myanmar,MMR,2012,1193.54764908799
Montenegro,MNE,2012,6586.39970256684
Mongolia,MNG,2012,4402.30452266711
Northern Mariana Islands,MNP,2012,14247.7893007888
Mozambique,MOZ,2012,681.49212857369
Mauritania,MRT,2012,1850.38496774479
Mauritius,MUS,2012,9291.23627601053
Malawi,MWI,2012,563.061539677727
Malaysia,MYS,2012,10601.5104558966
Namibia,NAM,2012,6017.17836541483
New Caledonia,NCL,2012,37294.0228471229
Niger,NER,2012,525.047284914011
Nigeria,NGA,2012,2728.02278831129
Nicaragua,NIC,2012,1746.41858428988
Netherlands,NLD,2012,50070.1416045904
Norway,NOR,2012,102175.919298374
Nepal,NPL,2012,794.092564101405
Nauru,NRU,2012,9675.95968504209
New Zealand,NZL,2012,39974.2997334925
Oman,OMN,2012,24722.6388245874
Pakistan,PAK,2012,1236.89276298823
Panama,PAN,2012,10767.2931788172
Peru,PER,2012,6475.72044267849
Philippines,PHL,2012,2671.77752181561
Palau,PLW,2012,12022.8680562086
Papua New Guinea,PNG,2012,2653.09278970276
Poland,POL,2012,13010.7555868425
Puerto Rico,PRI,2012,27944.7338937424
Portugal,PRT,2012,20563.7136012629
Paraguay,PRY,2012,5617.10491786787
West Bank and Gaza,PSE,2012,3067.43872735614
French Polynesia,PYF,2012,19864.5356998373
Qatar,QAT,2012,98041.3622380894
Romania,ROU,2012,8930.72991164974
Russian Federation,RUS,2012,15401.8515625
Rwanda,RWA,2012,706.137130523623
Saudi Arabia,SAU,2012,24069.1994773483
Sudan,SDN,2012,1070.33972167969
Senegal,SEN,2012,1334.72591526235
Singapore,SGP,2012,55547.5553077786
Solomon Islands,SLB,2012,2087.51788731499
Sierra Leone,SLE,2012,558.179723315125
El Salvador,SLV,2012,3471.05126865498
San Marino,SMR,2012,48433.5702995685
Somalia,SOM,2012,324.887176498939
Serbia,SRB,2012,6015.94522756969
South Sudan,SSD,2012,1114.92372260191
Sao Tome and Principe,STP,2012,1207.70070239994
Suriname,SUR,2012,8922.95618613502
Slovak Republic,SVK,2012,17498.3539002594
Slovenia,SVN,2012,22641.805122503
Sweden,SWE,2012,58037.8213192173
Eswatini,SWZ,2012,4396.57912043588
Seychelles,SYC,2012,12337.1554669388
Syrian Arab Republic,SYR,2012,1910.60452580833
Chad,TCD,2012,969.616142771586
Thailand,THA,2012,5748.63272062158
Tajikistan,TJK,2012,959.360284998425
Tanzania,TZA,2012,854.540466308594
St. Vincent and the Grenadines,VCT,2012,6754.37018395671
Samoa,WSM,2012,3902.31199231566
South Africa,ZAF,2012,8173.8691381716
Aruba,ABW,2013,26514.8689800777
Afghanistan,AFG,2013,638.73318101404
Angola,AGO,2013,5061.34925297484
Albania,ALB,2013,4413.06338346821
Andorra,AND,2013,44747.7538641695
Argentina,ARG,2013,13080.2547323367
Armenia,ARM,2013,3833.15707396348
American Samoa,ASM,2013,12038.8715916596
Antigua and Barbuda,ATG,2013,14977.0718321065
Australia,AUS,2013,68198.4193446869
Austria,AUT,2013,50731.1272541847
Azerbaijan,AZE,2013,7875.34536661549
Burundi,BDI,2013,241.547665709857
Belgium,BEL,2013,46757.9518559598
Benin,BEN,2013,1214.29556540248
Burkina Faso,BFA,2013,762.303780103138
Bangladesh,BGD,2013,973.828617573534
Bulgaria,BGR,2013,7687.71368243317
Bahrain,BHR,2013,25790.7303121382
"Bahamas, The",BHS,2013,26956.5668352133
Bosnia and Herzegovina,BIH,2013,5025.24175294061
Belarus,BLR,2013,7998.0802045456
Belize,BLZ,2013,5865.47090174488
Bermuda,BMU,2013,99471.6388978631
Bolivia,BOL,2013,2853.79716191598
Brazil,BRA,2013,12258.5657091866
Barbados,BRB,2013,16952.1344337493
Brunei Darussalam,BRN,2013,43950.0454619989
Bhutan,BTN,2013,2624.76519363139
Botswana,BWA,2013,6436.60331866558
Central African Republic,CAF,2013,352.22685487121
Canada,CAN,2013,52638.1187235237
Switzerland,CHE,2013,87304.3305813557
Chile,CHL,2013,15842.159166151
China,CHN,2013,7020.3860742288
Cote d'Ivoire,CIV,2013,1903.05422876301
Cameroon,CMR,2013,1559.13904965903
"Congo, Dem. Rep.",COD,2013,444.864357559096
"Congo, Rep.",COG,2013,3719.6510360643
Colombia,COL,2013,8263.64192942212
Comoros,COM,2013,1595.98981808122
Cabo Verde,CPV,2013,3757.65995326233
Costa Rica,CRI,2013,10633.2665504623
Cuba,CUB,2013,6814.24384354868
Cayman Islands,CYM,2013,75685.3583652828
Cyprus,CYP,2013,27797.453125
Czechia,CZE,2013,20133.1691431353
Germany,DEU,2013,46298.9229177341
Djibouti,DJI,2013,2102.19794830208
Dominica,DMA,2013,7240.67911908479
Denmark,DNK,2013,61191.1937042028
Dominican Republic,DOM,2013,6171.29512670907
Algeria,DZA,2013,6044.67490330703
Ecuador,ECU,2013,6141.98318144215
"Egypt, Arab Rep.",EGY,2013,3088.8908340843
Spain,ESP,2013,29077.1820557563
Estonia,EST,2013,19056.0019226989
Ethiopia,ETH,2013,490.792478420391
Finland,FIN,2013,49892.2233632732
Fiji,FJI,2013,4586.95521117587
France,FRA,2013,42602.7179652667
Faroe Islands,FRO,2013,55560.1330274996
"Micronesia, Fed. Sts.",FSM,2013,2920.70086272777
Gabon,GAB,2013,9250.08111462036
Georgia,GEO,2013,4712.00229382665
Ghana,GHA,2013,2282.40750113579
Guinea,GIN,2013,757.692272561928
"Gambia, The",GMB,2013,647.385534561172
Guinea-Bissau,GNB,2013,653.618532340544
Equatorial Guinea,GNQ,2013,17644.5943045414
Greece,GRC,2013,21787.7877636035
Grenada,GRD,2013,7205.25476521885
Greenland,GRL,2013,47535.4883792376
Guatemala,GTM,2013,3522.76742900978
Guam,GUM,2013,32318.8908975541
Guyana,GUY,2013,5576.25020582207
"Hong Kong SAR, China",HKG,2013,38403.7777145477
Honduras,HND,2013,2064.55053629483
Croatia,HRV,2013,14002.2381023542
Haiti,HTI,2013,1452.31355887818
Hungary,HUN,2013,13715.0703590361
Indonesia,IDN,2013,3602.88551680629
Isle of Man,IMN,2013,83204.6922265718
India,IND,2013,1438.05700503424
Ireland,IRL,2013,51496.9616850661
"Iran, Islamic Rep.",IRN,2013,6280.68186740814
Iraq,IRQ,2013,6612.90225210234
Iceland,ISL,2013,49804.9829978371
Israel,ISR,2013,36941.8423573582
Italy,ITA,2013,35560.0814062288
Jamaica,JAM,2013,5143.72218263652
Jordan,JOR,2013,4477.61832070861
Japan,JPN,2013,40898.6478964744
Kazakhstan,KAZ,2013,13890.6339694612
Kenya,KEN,2013,1376.82920465019
Kyrgyz Republic,KGZ,2013,1282.43824753314
Cambodia,KHM,2013,1015.22088134268
Kiribati,KIR,2013,1780.65702846669
St. Kitts and Nevis,KNA,2013,18315.914675326
"Korea, Rep.",KOR,2013,27179.5170146052
Kuwait,KWT,2013,47762.8566997928
Lao PDR,LAO,2013,1815.44023786192
Lebanon,LBN,2013,8255.20921055985
Liberia,LBR,2013,717.635753333907
Libya,LBY,2013,12589.5279437569
St. Lucia,LCA,2013,9542.71357425779
Liechtenstein,LIE,2013,173659.411799089
Sri Lanka,LKA,2013,3643.83244664348
Lesotho,LSO,2013,1141.3609231718
Lithuania,LTU,2013,15729.6524666512
Luxembourg,LUX,2013,120000.140729859
Latvia,LVA,2013,15007.4918561719
"Macao SAR, China",MAC,2013,86853.4770469877
Morocco,MAR,2013,3377.6435546875
Monaco,MCO,2013,185055.517569114
Moldova,MDA,2013,3321.04397795719
Madagascar,MDG,2013,526.688019635403
Maldives,MDV,2013,8222.55803812328
Mexico,MEX,2013,11317.4910604809
Marshall Islands,MHL,2013,3618.49619492061
North Macedonia,MKD,2013,5626.26115664893
Mali,MLI,2013,778.797052798816
Malta,MLT,2013,24769.5962287121
Myanmar,MMR,2013,1189.96476478036
Montenegro,MNE,2013,7188.86361611271
Mongolia,MNG,2013,4422.30087600131
Northern Mariana Islands,MNP,2013,14806.0067892829
Mozambique,MOZ,2013,681.065114197441
Mauritania,MRT,2013,1929.7756392353
Mauritius,MUS,2013,9764.64413060045
Malawi,MWI,2013,501.19717297875
Malaysia,MYS,2013,10727.6690215542
Namibia,NAM,2013,5463.03136620996
New Caledonia,NCL,2013,38503.2540609118
Niger,NER,2013,548.157848842165
Nigeria,NGA,2013,2976.75683168398
Nicaragua,NIC,2013,1794.77996471527
Netherlands,NLD,2013,52198.8975607454
Norway,NOR,2013,103553.840134417
Nepal,NPL,2013,809.384453314378
Nauru,NRU,2013,8825.97858075408
New Zealand,NZL,2013,42977.388040868
Oman,OMN,2013,23563.9405992228
Pakistan,PAK,2013,1259.66836828623
Panama,PAN,2013,11932.2862205866
Peru,PER,2013,6697.18774707052
Philippines,PHL,2013,2847.56794274704
Palau,PLW,2013,12595.6286007486
Papua New Guinea,PNG,2013,2578.49864720758
Poland,POL,2013,13558.3411314221
Puerto Rico,PRI,2013,28513.1657351067
Portugal,PRT,2013,21653.1959752225
Paraguay,PRY,2013,6410.81470278733
West Bank and Gaza,PSE,2013,3315.29753909282
French Polynesia,PYF,2013,20941.5173404574
Qatar,QAT,2013,97630.8255152088
Romania,ROU,2013,9497.20647561211
Russian Federation,RUS,2013,15941.4482421875
Rwanda,RWA,2013,704.415555508211
Saudi Arabia,SAU,2013,23945.511989974
Sudan,SDN,2013,1195.42028808594
Senegal,SEN,2013,1391.5321896037
Singapore,SGP,2013,56967.4257940383
Solomon Islands,SLB,2013,2208.0852835112
Sierra Leone,SLE,2013,706.452681507398
El Salvador,SLV,2013,3555.16209958481
San Marino,SMR,2013,50435.3673298211
Somalia,SOM,2013,454.077264239248
Serbia,SRB,2013,6755.07367461629
South Sudan,SSD,2013,1659.14078728478
Sao Tome and Principe,STP,2013,1378.23019340903
Suriname,SUR,2013,9124.54109297075
Slovak Republic,SVK,2013,18276.0095516546
Slovenia,SVN,2013,23503.2824850255
Sweden,SWE,2013,61126.9431963979
Eswatini,SWZ,2013,4111.12838248065
Seychelles,SYC,2013,14821.2921476077
Syrian Arab Republic,SYR,2013,993.739883114507
Chad,TCD,2013,980.083544373007
Thailand,THA,2013,6041.13394794203
Tajikistan,TJK,2013,1038.32078940175
Tanzania,TZA,2013,954.658813476563
St. Vincent and the Grenadines,VCT,2013,7117.55476276649
Samoa,WSM,2013,3989.89859047662
South Africa,ZAF,2013,7441.23085399675
Aruba,ABW,2014,26940.2641144313
Afghanistan,AFG,2014,626.512929086139
Angola,AGO,2014,5011.9844274536
Albania,ALB,2014,4578.63320812155
Andorra,AND,2014,45680.5349920165
Argentina,ARG,2014,12334.7982453893
Armenia,ARM,2014,4017.22991449473
American Samoa,ASM,2014,12313.9973571825
Antigua and Barbuda,ATG,2014,15451.4952444039
Australia,AUS,2014,62558.2438786332
Austria,AUT,2014,51786.3771747905
Azerbaijan,AZE,2014,7890.84028062087
Burundi,BDI,2014,257.818557410131
Belgium,BEL,2014,47764.0715120833
Benin,BEN,2014,1251.50476511083
Burkina Faso,BFA,2014,767.371344051512
Bangladesh,BGD,2014,1108.52251321179
Bulgaria,BGR,2014,7912.27484371138
Bahrain,BHR,2014,25464.760097715
"Bahamas, The",BHS,2014,28201.556802208
Bosnia and Herzegovina,BIH,2014,5196.97008415107
Belarus,BLR,2014,8341.29014337961
Belize,BLZ,2014,6031.54840210944
Bermuda,BMU,2014,98467.683993982
Bolivia,BOL,2014,3022.46288443562
Brazil,BRA,2014,12071.4044637296
Barbados,BRB,2014,16980.0270637458
Brunei Darussalam,BRN,2014,41035.7771227892
Bhutan,BTN,2014,2793.93130333726
Botswana,BWA,2014,6844.03324966349
Central African Republic,CAF,2014,394.856932975083
Canada,CAN,2014,50960.8431174661
Switzerland,CHE,2014,88724.9909402638
Chile,CHL,2014,14675.1508630779
China,CHN,2014,7636.07434020616
Cote d'Ivoire,CIV,2014,2124.01942956841
Cameroon,CMR,2014,1631.7139854966
"Congo, Dem. Rep.",COD,2014,472.266235725533
"Congo, Rep.",COG,2014,3623.82705652473
Colombia,COL,2014,8167.47284156277
Comoros,COM,2014,1608.68787678758
Cabo Verde,CPV,2014,3739.27827890219
Costa Rica,CRI,2014,10737.6788811529
Cuba,CUB,2014,7117.53573456326
Cayman Islands,CYM,2014,76610.647967975
Cyprus,CYP,2014,27244.34375
Czechia,CZE,2014,19890.9199056648
Germany,DEU,2014,48023.8699845462
Djibouti,DJI,2014,2239.11453821208
Dominica,DMA,2014,7502.12090974081
Denmark,DNK,2014,62548.9847332908
Dominican Republic,DOM,2014,6533.67091082712
Algeria,DZA,2014,6164.64469897525
Ecuador,ECU,2014,6436.76103650622
"Egypt, Arab Rep.",EGY,2014,3196.86138078687
Spain,ESP,2014,29513.6511800405
Estonia,EST,2014,20261.0667303886
Ethiopia,ETH,2014,557.534148360438
Finland,FIN,2014,50327.2402902632
Fiji,FJI,2014,5305.06440743199
France,FRA,2014,43068.5487241739
Faroe Islands,FRO,2014,60126.1256426858
"Micronesia, Fed. Sts.",FSM,2014,2928.44878191958
Gabon,GAB,2014,9255.36803467635
Georgia,GEO,2014,4830.33486170249
Ghana,GHA,2014,1942.92184179852
Guinea,GIN,2014,774.5690395852
"Gambia, The",GMB,2014,561.649634566263
Guinea-Bissau,GNB,2014,651.204531740983
Equatorial Guinea,GNQ,2014,16804.9249271976
Greece,GRC,2014,21616.7100094908
Grenada,GRD,2014,7726.37826175954
Greenland,GRL,2014,50485.2244135291
Guatemala,GTM,2014,3779.62620518889
Guam,GUM,2014,33483.9414359299
Guyana,GUY,2014,5495.37707515986
"Hong Kong SAR, China",HKG,2014,40315.3739510191
Honduras,HND,2014,2164.42455009318
Croatia,HRV,2014,14035.8597369389
Haiti,HTI,2014,1454.64916032025
Hungary,HUN,2014,14294.2584180751
Indonesia,IDN,2014,3476.62485441547
Isle of Man,IMN,2014,91881.0719500484
India,IND,2014,1559.86377864962
Ireland,IRL,2014,55752.7649838131
"Iran, Islamic Rep.",IRN,2014,5757.54333251596
Iraq,IRQ,2014,6215.98603314029
Iceland,ISL,2014,54576.7448146565
Israel,ISR,2014,38259.6810956173
Italy,ITA,2014,35565.7213771496
Jamaica,JAM,2014,4991.56151652962
Jordan,JOR,2014,4255.89430213385
Japan,JPN,2014,38475.3952461838
Kazakhstan,KAZ,2014,12807.2630452048
Kenya,KEN,2014,1489.91972057277
Kyrgyz Republic,KGZ,2014,1279.77078445418
Cambodia,KHM,2014,1098.07453750531
Kiribati,KIR,2014,1740.35605234457
St. Kitts and Nevis,KNA,2014,19923.2273349748
"Korea, Rep.",KOR,2014,29252.9312377352
Kuwait,KWT,2014,43239.8826623799
Lao PDR,LAO,2014,1984.50828271186
Lebanon,LBN,2014,7665.37969186256
Liberia,LBR,2014,713.734882389203
Libya,LBY,2014,9408.75304325028
St. Lucia,LCA,2014,10006.551252747
Liechtenstein,LIE,2014,179467.516166777
Sri Lanka,LKA,2014,3885.62361617465
Lesotho,LSO,2014,1165.05065002416
Lithuania,LTU,2014,16551.018202078
Luxembourg,LUX,2014,123678.702143275
Latvia,LVA,2014,15742.3913381908
"Macao SAR, China",MAC,2014,90873.6024865671
St. Martin (French part),MAF,2014,21920.0237806503
Morocco,MAR,2014,3430.53442382813
Monaco,MCO,2014,195772.724261668
Moldova,MDA,2014,3289.95758568777
Madagascar,MDG,2014,517.136183122584
Maldives,MDV,2014,8872.12838570139
Mexico,MEX,2014,11490.0216914226
Marshall Islands,MHL,2014,3678.10539427642
North Macedonia,MKD,2014,5925.38592218015
Mali,MLI,2014,818.430341392215
Malta,MLT,2014,26753.2733830814
Myanmar,MMR,2014,1283.1064921138
Montenegro,MNE,2014,7387.87296917548
Mongolia,MNG,2014,4211.93943552954
Northern Mariana Islands,MNP,2014,16044.4307312558
Mozambique,MOZ,2014,690.443218144276
Mauritania,MRT,2014,1715.38883792802
Mauritius,MUS,2014,10366.3550754936
Malawi,MWI,2014,534.126977149089
Malaysia,MYS,2014,11045.5801207599
Namibia,NAM,2014,5544.10406844675
New Caledonia,NCL,2014,39675.5664792121
Niger,NER,2014,560.754475169279
Nigeria,NGA,2014,3200.95279935925
Nicaragua,NIC,2014,1913.52134831663
Netherlands,NLD,2014,52900.537415323
Norway,NOR,2014,97666.6951838749
Nepal,NPL,2014,827.744708369804
Nauru,NRU,2014,9063.00223035953
New Zealand,NZL,2014,44578.2253868016
Oman,OMN,2014,23121.2063768559
Pakistan,PAK,2014,1303.18536985282
Panama,PAN,2014,12837.2479584282
Peru,PER,2014,6614.83081997934
Philippines,PHL,2014,2935.92859830401
Palau,PLW,2014,13808.2274910465
Papua New Guinea,PNG,2014,2742.25004998231
Poland,POL,2014,14181.9486817352
Puerto Rico,PRI,2014,28981.4573305866
Portugal,PRT,2014,22103.7009703321
Paraguay,PRY,2014,6629.41699277341
West Bank and Gaza,PSE,2014,3352.11259506043
French Polynesia,PYF,2014,21223.0754876891
Qatar,QAT,2014,93126.1494633822
Romania,ROU,2014,10031.3421526698
Russian Federation,RUS,2014,14055.47265625
Rwanda,RWA,2014,724.721973748255
Saudi Arabia,SAU,2014,23862.7986941075
Sudan,SDN,2014,1338.17309570313
Senegal,SEN,2014,1417.094987474
Singapore,SGP,2014,57564.8023114977
Solomon Islands,SLB,2014,2235.7337028278
Sierra Leone,SLE,2014,702.338587730146
El Salvador,SLV,2014,3638.51765819162
San Marino,SMR,2014,50133.6065243359
Somalia,SOM,2014,491.189804120491
Serbia,SRB,2014,6600.05621129155
South Sudan,SSD,2014,1245.14931107226
Sao Tome and Principe,STP,2014,1484.17010509944
Suriname,SUR,2014,9199.17789329145
Slovak Republic,SVK,2014,18719.9881409371
Slovenia,SVN,2014,24247.1733184083
Sweden,SWE,2014,60020.3604576572
Eswatini,SWZ,2014,3928.5227551684
Seychelles,SYC,2014,15188.1902175113
Syrian Arab Republic,SYR,2014,1071.23420366067
Chad,TCD,2014,1017.78776208855
Thailand,THA,2014,5822.37778295314
Tajikistan,TJK,2014,1094.43005016466
Tanzania,TZA,2014,1013.42877197266
St. Vincent and the Grenadines,VCT,2014,7210.60311284047
Samoa,WSM,2014,3948.72802229336
South Africa,ZAF,2014,6965.1378973693
Aruba,ABW,2015,28419.2645344661
Afghanistan,AFG,2015,566.881129708434
Angola,AGO,2015,3217.33924005417
Albania,ALB,2015,3952.80357364813
Andorra,AND,2015,38885.5303222983
Argentina,ARG,2015,13789.060424772
Armenia,ARM,2015,3666.14182210905
American Samoa,ASM,2015,13101.5418159165
Antigua and Barbuda,ATG,2015,15985.5411386971
Australia,AUS,2015,56758.8692027821
Austria,AUT,2015,44195.8175947748
Azerbaijan,AZE,2015,5500.50364628486
Burundi,BDI,2015,289.359627206129
Belgium,BEL,2015,41008.296719472
Benin,BEN,2015,1041.65252312918
Burkina Faso,BFA,2015,632.12668582235
Bangladesh,BGD,2015,1236.4354555046
Bulgaria,BGR,2015,7078.86032298969
Bahrain,BHR,2015,22850.6653959938
"Bahamas, The",BHS,2015,29722.4068429349
Bosnia and Herzegovina,BIH,2015,4654.60862038896
Belarus,BLR,2015,5967.06856034227
Belize,BLZ,2015,6098.60007958976
Bermuda,BMU,2015,102005.62564189
Bolivia,BOL,2015,2975.64881143063
Brazil,BRA,2015,8783.2154236384
Barbados,BRB,2015,17040.4176091311
Brunei Darussalam,BRN,2015,30681.4339698653
Bhutan,BTN,2015,2899.22829354394
Botswana,BWA,2015,5869.73757890628
Central African Republic,CAF,2015,351.879754769554
Canada,CAN,2015,43594.1941045394
Switzerland,CHE,2015,83806.4476003837
Chile,CHL,2015,13567.3572174332
China,CHN,2015,8016.44559489998
Cote d'Ivoire,CIV,2015,1941.58189765549
Cameroon,CMR,2015,1399.67533596114
"Congo, Dem. Rep.",COD,2015,482.064568638238
"Congo, Rep.",COG,2015,2455.34085824476
Colombia,COL,2015,6228.65162110371
Comoros,COM,2015,1322.93677605288
Cabo Verde,CPV,2015,3169.07890082563
Costa Rica,CRI,2015,11529.9551730192
Cuba,CUB,2015,7683.74025365669
Cayman Islands,CYM,2015,77295.8456647776
Cyprus,CYP,2015,23487.21875
Czechia,CZE,2015,17829.6983223668
Germany,DEU,2015,41103.2564363768
Djibouti,DJI,2015,2409.31190224284
Dominica,DMA,2015,7724.04241057376
Denmark,DNK,2015,53254.8563700916
Dominican Republic,DOM,2015,6838.93674590634
Algeria,DZA,2015,4741.49977033558
Ecuador,ECU,2015,6002.1083111024
"Egypt, Arab Rep.",EGY,2015,3370.38244716015
Spain,ESP,2015,25754.36102944
Estonia,EST,2015,17402.0376128079
Ethiopia,ETH,2015,630.312619383054
Finland,FIN,2015,42801.9081167285
Fiji,FJI,2015,5105.18959221062
France,FRA,2015,36652.9223052178
Faroe Islands,FRO,2015,52726.6873782078
"Micronesia, Fed. Sts.",FSM,2015,2891.32210264749
Gabon,GAB,2015,7090.45463394942
Georgia,GEO,2015,4086.6223465965
Ghana,GHA,2015,1711.27132561453
Guinea,GIN,2015,756.425589810936
"Gambia, The",GMB,2015,611.67121911225
Guinea-Bissau,GNB,2015,644.179063890749
Equatorial Guinea,GNQ,2015,9788.98380369718
Greece,GRC,2015,18083.8779056547
Grenada,GRD,2015,8379.62184743156
Greenland,GRL,2015,44536.3549705377
Guatemala,GTM,2015,3994.62908519019
Guam,GUM,2015,34522.3779304433
Guyana,GUY,2015,5668.42976474423
"Hong Kong SAR, China",HKG,2015,42432.1619740441
Honduras,HND,2015,2257.22528369354
Croatia,HRV,2015,12135.1036186683
Haiti,HTI,2015,1405.71477634354
Hungary,HUN,2015,12717.038597002
Indonesia,IDN,2015,3322.58167895444
Isle of Man,IMN,2015,84753.5187422732
India,IND,2015,1590.17433134297
Ireland,IRL,2015,62179.2642662951
"Iran, Islamic Rep.",IRN,2015,4990.93679541655
Iraq,IRQ,2015,4416.94292408042
Iceland,ISL,2015,52951.6815110898
Israel,ISR,2015,36206.5222171621
Italy,ITA,2015,30242.3861352184
Jamaica,JAM,2015,5077.55096915616
Jordan,JOR,2015,4064.25301043642
Japan,JPN,2015,34960.6393843385
Kazakhstan,KAZ,2015,10510.7703240885
Kenya,KEN,2015,1496.65357260021
Kyrgyz Republic,KGZ,2015,1121.08269597662
Cambodia,KHM,2015,1170.74281578643
Kiribati,KIR,2015,1641.48097739743
St. Kitts and Nevis,KNA,2015,20029.759828881
"Korea, Rep.",KOR,2015,28737.4391706499
Kuwait,KWT,2015,29315.1931019553
Lao PDR,LAO,2015,2125.4589005996
Lebanon,LBN,2015,7802.75136769776
Liberia,LBR,2015,699.662946853965
Libya,LBY,2015,7867.51493141091
St. Lucia,LCA,2015,10292.7335300088
Liechtenstein,LIE,2015,167809.269874833
Sri Lanka,LKA,2015,3990.35311739446
Lesotho,LSO,2015,1113.83683453612
Lithuania,LTU,2015,14263.9645773495
Luxembourg,LUX,2015,105462.012584423
Latvia,LVA,2015,13786.4567953114
"Macao SAR, China",MAC,2015,73220.6355551661
Morocco,MAR,2015,3139.22827148438
Monaco,MCO,2015,170338.680381498
Moldova,MDA,2015,2749.55137054338
Madagascar,MDG,2015,455.63803458407
Maldives,MDV,2015,9480.43151261807
Mexico,MEX,2015,10098.173182095
Marshall Islands,MHL,2015,3708.21556179322
North Macedonia,MKD,2015,5262.68671928674
Mali,MLI,2015,723.504204947663
Malta,MLT,2015,24921.7141769982
Myanmar,MMR,2015,1157.78396112581
Montenegro,MNE,2015,6517.19267514764
Mongolia,MNG,2015,3919.35121343969
Northern Mariana Islands,MNP,2015,17665.1007493109
Mozambique,MOZ,2015,603.838513777915
Mauritania,MRT,2015,1562.72683648828
Mauritius,MUS,2015,9507.87133656424
Malawi,MWI,2015,544.276872741836
Malaysia,MYS,2015,9699.60046342736
Namibia,NAM,2015,4965.67276506551
New Caledonia,NCL,2015,32428.5722348241
Niger,NER,2015,481.111301105002
Nigeria,NGA,2015,2679.5542234874
Nicaragua,NIC,2015,2025.32477597575
Netherlands,NLD,2015,45193.4032187971
Norway,NOR,2015,74809.9658049898
Nepal,NPL,2015,882.30766159992
Nauru,NRU,2015,7587.25441038889
New Zealand,NZL,2015,38639.3501941427
Oman,OMN,2015,18777.4330589162
Pakistan,PAK,2015,1421.83527830089
Panama,PAN,2015,13669.5594424097
Peru,PER,2015,6180.11926810233
Philippines,PHL,2015,2974.29691673713
Palau,PLW,2015,16141.1696583338
Papua New Guinea,PNG,2015,2502.07344498028
Poland,POL,2015,12560.051419682
Puerto Rico,PRI,2015,29763.4883013861
Portugal,PRT,2015,19250.1065376852
Paraguay,PRY,2015,5861.40189546648
West Bank and Gaza,PSE,2015,3272.15432360708
French Polynesia,PYF,2015,18252.5142032094
Qatar,QAT,2015,66984.9102002396
Romania,ROU,2015,8976.9544892648
Russian Federation,RUS,2015,9277.7138671875
Rwanda,RWA,2015,733.813379277367
Saudi Arabia,SAU,2015,20442.3625620084
Sudan,SDN,2015,1355.12609863281
Senegal,SEN,2015,1238.12639978389
Singapore,SGP,2015,55645.6068614606
Solomon Islands,SLB,2015,2134.80541826155
Sierra Leone,SLE,2015,581.293411814954
El Salvador,SLV,2015,3761.51368000275
San Marino,SMR,2015,42281.8112549264
Somalia,SOM,2015,507.482915467098
Serbia,SRB,2015,5588.9794435877
South Sudan,SSD,2015,1071.77776475545
Sao Tome and Principe,STP,2015,1292.73305546523
Suriname,SUR,2015,8907.83725830091
Slovak Republic,SVK,2015,16390.8821748507
Slovenia,SVN,2015,20890.1664304173
Sweden,SWE,2015,51545.4836095322
Eswatini,SWZ,2015,3583.31129031343
Seychelles,SYC,2015,15333.1051727105
Syrian Arab Republic,SYR,2015,857.417884760688
Chad,TCD,2015,774.411603124119
Thailand,THA,2015,5708.79409105798
Tajikistan,TJK,2015,970.362547188452
Tanzania,TZA,2015,929.7998046875
St. Vincent and the Grenadines,VCT,2015,7386.74663845115
Samoa,WSM,2015,4048.46711296568
South Africa,ZAF,2015,6204.92990145846
