iso3,year,life_expectancy
LSO,2015,48.84
CAF,2015,50.97
SWZ,2015,52.11
SOM,2015,53.54
MOZ,2015,55.86
SLE,2015,56.89
ZWE,2015,57.49
GNB,2015,57.58
TCD,2015,57.85
CMR,2015,58.98
GIN,2015,59.2
SSD,2015,59.28
NER,2015,59.63
COD,2015,59.96
SYR,2015,60.01
MLI,2015,60.12
AFG,2015,60.33
ZMB,2015,60.41
LBR,2015,60.38
BFA,2015,60.94
CIV,2015,60.93
GNQ,2015,61.13
TGO,2015,61.52
AGO,2015,61.59
KIR,2015,61.69
NGA,2015,61.73
MWI,2015,61.83
NAM,2015,61.86
BWA,2015,62.05
COG,2015,62.05
HTI,2015,62.51
ERI,2015,62.52
BEN,2015,62.63
BDI,2015,62.71
ZAF,2015,63.26
MDG,2015,63.36
GMB,2015,63.8
DJI,2015,63.88
GAB,2015,64.0
UGA,2015,64.22
KEN,2015,64.3
GHA,2015,64.34
SLB,2015,65.15
TZA,2015,65.16
FSM,2015,65.33
PAK,2015,65.7
PNG,2015,66.0
VUT,2015,66.79
LAO,2015,66.87
RWA,2015,66.96
GUY,2015,66.95
ETH,2015,67.1
SEN,2015,67.36
COM,2015,67.43
MMR,2015,67.43
FJI,2015,67.8
TLS,2015,67.84
SDN,2015,68.33
YEM,2015,68.25
KHM,2015,68.67
TKM,2015,68.83
MNG,2015,69.25
IND,2015,69.38
UZB,2015,69.43
MRT,2015,69.45
HND,2015,69.53
PHL,2015,69.52
NPL,2015,69.78
WSM,2015,70.02
EGY,2015,70.06
IDN,2015,70.54
STP,2015,70.56
IRQ,2015,71.01
MDA,2015,71.15
RUS,2015,71.3
PRK,2015,71.41
KGZ,2015,71.54
BOL,2015,71.95
GTM,2015,72.05
KAZ,2015,71.98
UKR,2015,72.15
JAM,2015,72.29
TJK,2015,72.37
TON,2015,72.46
GRD,2015,72.55
LBY,2015,72.65
SLV,2015,72.73
VCT,2015,72.79
BHS,2015,72.92
GEO,2015,72.85
SUR,2015,72.98
VNM,2015,73.03
BTN,2015,73.07
BGD,2015,73.19
SYC,2015,73.16
DOM,2015,73.29
MAR,2015,73.26
AZE,2015,73.63
BLR,2015,73.74
OMN,2015,73.77
VEN,2015,73.94
MUS,2015,74.13
ARM,2015,74.28
BLZ,2015,74.31
MYS,2015,74.28
TTO,2015,74.35
LTU,2015,74.37
PSE,2015,74.56
BGR,2015,74.56
BRA,2015,74.71
CPV,2015,74.83
LVA,2015,74.81
ROU,2015,74.91
PRY,2015,75.17
SRB,2015,75.28
MKD,2015,75.34
ATG,2015,75.62
HUN,2015,75.57
BHR,2015,75.75
MEX,2015,75.94
DZA,2015,76.07
BRB,2015,76.29
LCA,2015,76.39
LKA,2015,76.45
CHN,2015,76.51
ARG,2015,76.53
BRN,2015,76.56
SVK,2015,76.6
TUR,2015,76.69
TUN,2015,76.79
SAU,2015,76.89
MNE,2015,76.86
THA,2015,76.97
BIH,2015,77.0
URY,2015,77.1
ECU,2015,77.15
MDV,2015,77.25
COL,2015,77.34
IRN,2015,77.28
POL,2015,77.28
HRV,2015,77.61
EST,2015,77.63
QAT,2015,77.79
ALB,2015,77.77
CUB,2015,77.93
PAN,2015,78.14
NIC,2015,78.26
LBN,2015,78.44
JOR,2015,78.51
CZE,2015,78.48
USA,2015,78.61
CHL,2015,80.13
PER,2015,80.34
DEU,2015,80.43
GRC,2015,80.42
SVN,2015,80.46
PRI,2015,80.51
CRI,2015,80.57
DNK,2015,80.59
ARE,2015,80.71
GBR,2015,80.66
BEL,2015,80.71
PRT,2015,80.89
AUT,2015,80.99
IRL,2015,81.14
FIN,2015,81.2
NLD,2015,81.28
NZL,2015,81.31
KWT,2015,81.45
CAN,2015,81.65
MLT,2015,81.68
SWE,2015,81.74
CYP,2015,81.8
FRA,2015,81.91
ISR,2015,81.91
NOR,2015,81.99
ISL,2015,82.13
ITA,2015,82.2
AUS,2015,82.29
ESP,2015,82.33
KOR,2015,82.4
LUX,2015,82.38
CHE,2015,82.59
SGP,2015,82.85
JPN,2015,84.0
LSO,2015,11.99
CAF,2015,12.24
SWZ,2015,13.33
SOM,2015,13.31
ZWE,2015,14.05
GNB,2015,14.11
MOZ,2015,14.35
ERI,2015,14.73
KIR,2015,14.86
AFG,2015,14.93
COG,2015,15.24
SLB,2015,15.32
COD,2015,15.57
ZMB,2015,15.65
FJI,2015,15.75
FSM,2015,15.82
MWI,2015,15.75
TCD,2015,15.8
SSD,2015,15.95
TGO,2015,15.89
MDG,2015,15.98
GIN,2015,15.99
SLE,2015,16.0
GAB,2015,16.04
HTI,2015,16.0
VUT,2015,16.02
CMR,2015,16.06
UZB,2015,16.06
NAM,2015,16.17
GMB,2015,16.28
AGO,2015,16.41
LBR,2015,16.39
BDI,2015,16.41
CIV,2015,16.38
BFA,2015,16.37
EGY,2015,16.37
GHA,2015,16.5
BWA,2015,16.56
PNG,2015,16.63
MLI,2015,16.72
KEN,2015,16.92
NER,2015,17.0
LAO,2015,17.06
KHM,2015,17.13
DJI,2015,17.17
GNQ,2015,17.28
GUY,2015,17.33
UGA,2015,17.33
BEN,2015,17.29
MNG,2015,17.4
STP,2015,17.51
WSM,2015,17.51
PAK,2015,17.64
MMR,2015,17.56
PHL,2015,17.58
ZAF,2015,17.63
HND,2015,17.67
RWA,2015,17.66
TZA,2015,17.71
IDN,2015,17.8
SEN,2015,17.8
MDA,2015,17.78
COM,2015,17.89
TLS,2015,18.06
NGA,2015,18.23
ETH,2015,18.25
YEM,2015,18.26
NPL,2015,18.28
PRK,2015,18.25
TKM,2015,18.27
OMN,2015,18.35
GRD,2015,18.36
IND,2015,18.36
KGZ,2015,18.4
SYR,2015,18.45
MRT,2015,18.63
GEO,2015,18.55
KAZ,2015,18.64
JAM,2015,18.72
TON,2015,18.8
SDN,2015,18.92
UKR,2015,18.94
MAR,2015,19.02
BHR,2015,18.97
PSE,2015,19.0
BOL,2015,19.08
MKD,2015,19.09
RUS,2015,19.11
VNM,2015,19.16
TJK,2015,19.23
BLR,2015,19.18
ARM,2015,19.22
AZE,2015,19.29
SRB,2015,19.3
BGR,2015,19.41
MYS,2015,19.4
SYC,2015,19.53
LBY,2015,19.89
ROU,2015,19.87
HUN,2015,19.89
IRQ,2015,20.03
BTN,2015,20.0
MUS,2015,20.17
ATG,2015,20.25
LVA,2015,20.33
LTU,2015,20.3
MNE,2015,20.36
CHN,2015,20.51
MDV,2015,20.49
BIH,2015,20.55
BGD,2015,20.61
BHS,2015,20.59
GTM,2015,20.57
SUR,2015,20.63
SVK,2015,20.65
BRN,2015,20.65
LKA,2015,20.7
VCT,2015,20.72
TUR,2015,20.74
SAU,2015,20.99
BRA,2015,20.98
HRV,2015,21.03
QAT,2015,21.12
ALB,2015,21.11
DZA,2015,21.24
VEN,2015,21.22
SLV,2015,21.29
TUN,2015,21.37
PRY,2015,21.38
BRB,2015,21.38
TTO,2015,21.43
ARG,2015,21.39
CPV,2015,21.55
CZE,2015,21.49
POL,2015,21.49
BLZ,2015,21.75
CUB,2015,21.84
EST,2015,21.92
MEX,2015,21.93
URY,2015,21.92
IRN,2015,22.03
DOM,2015,22.2
COL,2015,22.27
LBN,2015,22.4
JOR,2015,22.43
ECU,2015,22.43
LCA,2015,22.73
USA,2015,23.07
ARE,2015,23.18
DNK,2015,23.17
DEU,2015,23.22
SVN,2015,23.29
PAN,2015,23.42
GRC,2015,23.43
GBR,2015,23.52
THA,2015,23.62
BEL,2015,23.58
AUT,2015,23.59
NLD,2015,23.63
IRL,2015,23.66
PRT,2015,23.8
FIN,2015,23.93
CHL,2015,23.98
SWE,2015,24.02
CYP,2015,24.05
MLT,2015,24.23
NOR,2015,24.2
NIC,2015,24.27
ISR,2015,24.3
NZL,2015,24.28
ISL,2015,24.4
ITA,2015,24.48
LUX,2015,24.51
CAN,2015,24.61
CRI,2015,24.64
KWT,2015,24.71
ESP,2015,24.71
CHE,2015,24.82
PRI,2015,25.01
AUS,2015,25.02
KOR,2015,25.04
PER,2015,25.14
SGP,2015,25.07
FRA,2015,25.34
JPN,2015,26.32
LSO,2014,48.68
CAF,2014,49.18
SWZ,2014,50.93
SOM,2014,53.09
MOZ,2014,55.03
SLE,2014,55.84
ZWE,2014,56.96
GNB,2014,57.18
TCD,2014,57.46
LBR,2014,58.11
CMR,2014,58.44
GIN,2014,58.61
SSD,2014,59.09
NER,2014,59.45
COD,2014,59.46
MLI,2014,59.78
ZMB,2014,59.98
CIV,2014,60.07
SYR,2014,60.24
AFG,2014,60.43
BFA,2014,60.46
AGO,2014,61.14
TGO,2014,61.09
MWI,2014,61.35
BWA,2014,61.38
NGA,2014,61.38
GNQ,2014,61.53
COG,2014,61.64
KIR,2014,61.63
NAM,2014,61.95
ERI,2014,62.19
HTI,2014,62.25
BDI,2014,62.32
BEN,2014,62.37
ZAF,2014,62.78
MDG,2014,63.23
DJI,2014,63.52
UGA,2014,63.49
GMB,2014,63.58
KEN,2014,63.64
GAB,2014,63.77
GHA,2014,63.96
TZA,2014,64.69
SLB,2014,64.96
FSM,2014,65.27
PAK,2014,65.39
PNG,2014,65.75
LAO,2014,66.43
GUY,2014,66.55
ETH,2014,66.56
RWA,2014,66.67
VUT,2014,66.71
SEN,2014,66.98
MMR,2014,67.04
COM,2014,67.07
TLS,2014,67.48
FJI,2014,67.72
SDN,2014,68.09
KHM,2014,68.41
YEM,2014,68.72
UZB,2014,68.81
TKM,2014,68.92
IND,2014,68.92
MNG,2014,68.96
MRT,2014,69.29
HND,2014,69.52
PHL,2014,69.8
WSM,2014,70.13
IRQ,2014,70.23
NPL,2014,70.19
IDN,2014,70.3
STP,2014,70.26
EGY,2014,70.46
RUS,2014,70.69
KGZ,2014,70.9
UKR,2014,70.89
PRK,2014,71.14
MDA,2014,71.11
KAZ,2014,71.48
BOL,2014,71.65
TJK,2014,72.02
GTM,2014,71.98
TON,2014,72.38
GRD,2014,72.54
LBY,2014,72.6
BHS,2014,72.65
AZE,2014,72.72
VCT,2014,72.74
GEO,2014,72.72
BGD,2014,72.78
BTN,2014,72.91
VNM,2014,72.95
MAR,2014,73.12
SUR,2014,73.05
JAM,2014,73.24
BLR,2014,73.15
SYC,2014,73.24
DOM,2014,73.26
OMN,2014,73.94
SLV,2014,73.86
MUS,2014,74.01
VEN,2014,74.06
PSE,2014,74.2
ARM,2014,74.2
BLZ,2014,74.22
TTO,2014,74.32
BGR,2014,74.41
LVA,2014,74.44
LTU,2014,74.5
BRA,2014,74.64
MYS,2014,74.65
CPV,2014,74.87
ROU,2014,74.86
PRY,2014,75.31
MKD,2014,75.26
SRB,2014,75.32
ATG,2014,75.59
BHR,2014,75.64
HUN,2014,75.78
DZA,2014,75.93
MEX,2014,75.91
CHN,2014,76.2
BRB,2014,76.24
LKA,2014,76.18
LCA,2014,76.28
ARG,2014,76.51
QAT,2014,76.57
MNE,2014,76.62
TUN,2014,76.7
TUR,2014,76.75
BRN,2014,76.66
THA,2014,76.76
MDV,2014,76.81
SVK,2014,76.83
ECU,2014,76.9
EST,2014,77.1
SAU,2014,77.22
BIH,2014,77.18
URY,2014,77.15
IRN,2014,77.3
COL,2014,77.37
NIC,2014,77.52
POL,2014,77.47
PAN,2014,77.77
ALB,2014,78.01
JOR,2014,77.97
HRV,2014,78.06
CUB,2014,78.14
LBN,2014,78.23
CZE,2014,78.68
USA,2014,78.8
PRI,2014,79.89
CHL,2014,79.94
PER,2014,80.0
CRI,2014,80.48
DNK,2014,80.51
ARE,2014,80.65
DEU,2014,80.76
SVN,2014,80.79
GRC,2014,80.84
FIN,2014,80.87
BEL,2014,80.94
PRT,2014,80.9
GBR,2014,80.94
IRL,2014,81.05
AUT,2014,81.24
NZL,2014,81.19
ISR,2014,81.38
MLT,2014,81.45
NLD,2014,81.46
CAN,2014,81.59
CYP,2014,81.85
NOR,2014,81.83
KWT,2014,81.88
SWE,2014,81.93
ISL,2014,82.1
LUX,2014,82.16
KOR,2014,82.16
FRA,2014,82.25
AUS,2014,82.37
ESP,2014,82.58
ITA,2014,82.61
SGP,2014,82.6
CHE,2014,82.85
JPN,2014,83.79
LSO,2014,12.03
CAF,2014,12.07
SWZ,2014,13.04
SOM,2014,13.26
ZWE,2014,13.97
GNB,2014,14.02
MOZ,2014,14.17
ERI,2014,14.63
KIR,2014,14.81
AFG,2014,14.92
COG,2014,15.16
SLB,2014,15.26
COD,2014,15.48
UZB,2014,15.54
ZMB,2014,15.56
SLE,2014,15.7
MWI,2014,15.69
FJI,2014,15.69
TCD,2014,15.74
TGO,2014,15.76
FSM,2014,15.85
CMR,2014,15.92
MDG,2014,15.94
GIN,2014,15.86
LBR,2014,15.93
SSD,2014,15.96
HTI,2014,15.97
GAB,2014,16.03
VUT,2014,15.99
CIV,2014,16.17
NAM,2014,16.18
GMB,2014,16.25
BDI,2014,16.27
AGO,2014,16.31
BFA,2014,16.26
BWA,2014,16.33
GHA,2014,16.38
PNG,2014,16.55
MLI,2014,16.66
KEN,2014,16.81
NER,2014,16.91
EGY,2014,16.92
LAO,2014,16.96
DJI,2014,17.11
KHM,2014,17.08
GUY,2014,17.18
UGA,2014,17.24
BEN,2014,17.26
MNG,2014,17.35
GNQ,2014,17.55
MMR,2014,17.45
STP,2014,17.5
PAK,2014,17.56
RWA,2014,17.57
WSM,2014,17.55
HND,2014,17.62
TZA,2014,17.65
ZAF,2014,17.63
SEN,2014,17.71
IDN,2014,17.72
MDA,2014,17.71
COM,2014,17.84
TLS,2014,17.88
PHL,2014,17.86
KGZ,2014,17.99
NGA,2014,18.11
PRK,2014,18.1
ETH,2014,18.14
IND,2014,18.19
YEM,2014,18.3
SYR,2014,18.33
GRD,2014,18.38
TKM,2014,18.37
KAZ,2014,18.43
UKR,2014,18.44
NPL,2014,18.51
GEO,2014,18.5
JAM,2014,18.49
MRT,2014,18.64
AZE,2014,18.59
OMN,2014,18.69
TON,2014,18.76
RUS,2014,18.83
SDN,2014,18.87
BHR,2014,18.93
BOL,2014,18.99
TJK,2014,19.01
PSE,2014,19.03
MKD,2014,19.05
BLR,2014,19.04
MAR,2014,19.07
VNM,2014,19.14
ARM,2014,19.09
SRB,2014,19.36
BGR,2014,19.45
SYC,2014,19.6
MYS,2014,19.58
IRQ,2014,19.91
LBY,2014,19.9
QAT,2014,19.95
BTN,2014,19.99
ROU,2014,19.98
MUS,2014,20.04
HUN,2014,20.15
MDV,2014,20.17
ATG,2014,20.25
LVA,2014,20.2
MNE,2014,20.2
CHN,2014,20.31
BGD,2014,20.39
BHS,2014,20.49
SUR,2014,20.55
GTM,2014,20.57
LKA,2014,20.56
LTU,2014,20.59
VCT,2014,20.71
BRN,2014,20.71
BIH,2014,20.72
TUR,2014,20.91
SVK,2014,20.86
BRA,2014,21.03
VEN,2014,21.16
DZA,2014,21.18
TUN,2014,21.31
BRB,2014,21.35
SAU,2014,21.37
TTO,2014,21.42
SLV,2014,21.38
HRV,2014,21.44
ARG,2014,21.53
PRY,2014,21.6
ALB,2014,21.62
EST,2014,21.66
BLZ,2014,21.74
POL,2014,21.75
CPV,2014,21.75
CZE,2014,21.76
CUB,2014,21.93
JOR,2014,21.97
MEX,2014,21.97
URY,2014,22.01
DOM,2014,22.16
LBN,2014,22.2
IRN,2014,22.16
COL,2014,22.34
ECU,2014,22.39
LCA,2014,22.67
ARE,2014,23.19
PAN,2014,23.21
USA,2014,23.18
DNK,2014,23.2
THA,2014,23.44
SVN,2014,23.46
DEU,2014,23.52
IRL,2014,23.67
FIN,2014,23.74
GRC,2014,23.75
NIC,2014,23.82
CHL,2014,23.79
GBR,2014,23.81
BEL,2014,23.88
AUT,2014,23.91
NLD,2014,23.9
PRT,2014,23.94
MLT,2014,24.02
CYP,2014,24.1
NOR,2014,24.15
NZL,2014,24.22
SWE,2014,24.19
ISL,2014,24.35
LUX,2014,24.37
ISR,2014,24.43
CRI,2014,24.49
CAN,2014,24.56
PRI,2014,24.55
SGP,2014,24.85
PER,2014,24.94
ITA,2014,24.86
KOR,2014,24.94
ESP,2014,25.01
KWT,2014,25.03
AUS,2014,25.05
CHE,2014,25.08
FRA,2014,25.33
JPN,2014,26.21
LSO,2013,48.96
CAF,2013,49.31
SWZ,2013,49.98
SOM,2013,52.5
MOZ,2013,54.24
ZWE,2013,56.08
GNB,2013,56.92
TCD,2013,57.01
SLE,2013,57.05
CMR,2013,58.16
COD,2013,58.9
SSD,2013,59.03
GIN,2013,59.13
NER,2013,59.23
CIV,2013,59.31
MLI,2013,59.38
ZMB,2013,59.36
BFA,2013,59.96
AGO,2013,60.22
AFG,2013,60.43
BWA,2013,60.61
MWI,2013,60.55
TGO,2013,60.71
GNQ,2013,60.97
NGA,2013,61.04
LBR,2013,61.38
COG,2013,61.43
KIR,2013,61.57
ERI,2013,61.72
BDI,2013,61.8
NAM,2013,61.88
HTI,2013,61.92
BEN,2013,62.12
ZAF,2013,62.08
UGA,2013,62.72
DJI,2013,63.14
MDG,2013,63.12
KEN,2013,63.12
GAB,2013,63.25
GMB,2013,63.42
GHA,2013,63.59
TZA,2013,64.03
SYR,2013,64.69
SLB,2013,64.85
PAK,2013,65.11
FSM,2013,65.16
PNG,2013,65.48
ETH,2013,65.91
LAO,2013,65.97
GUY,2013,66.24
RWA,2013,66.28
MMR,2013,66.45
SEN,2013,66.59
VUT,2013,66.61
COM,2013,66.73
TLS,2013,67.46
FJI,2013,67.63
SDN,2013,67.76
KHM,2013,68.09
MNG,2013,68.39
UZB,2013,68.37
IND,2013,68.52
YEM,2013,68.75
TKM,2013,69.12
MRT,2013,69.22
HND,2013,69.35
PHL,2013,69.45
STP,2013,69.95
NPL,2013,69.98
IDN,2013,70.05
WSM,2013,70.24
EGY,2013,70.47
KAZ,2013,70.68
KGZ,2013,70.73
RUS,2013,70.7
PRK,2013,70.84
IRQ,2013,71.23
BOL,2013,71.34
MDA,2013,71.32
UKR,2013,71.55
GTM,2013,71.75
TJK,2013,71.76
AZE,2013,72.09
TON,2013,72.31
BGD,2013,72.59
GRD,2013,72.62
VCT,2013,72.6
GEO,2013,72.6
BLR,2013,72.59
BTN,2013,72.72
VNM,2013,72.84
MAR,2013,72.97
BHS,2013,73.01
SUR,2013,73.15
DOM,2013,73.28
SYC,2013,73.29
MUS,2013,73.8
OMN,2013,73.92
LTU,2013,73.87
LVA,2013,74.13
LBY,2013,74.22
ARM,2013,74.19
JAM,2013,74.22
PSE,2013,74.2
TTO,2013,74.32
BLZ,2013,74.31
BRA,2013,74.42
VEN,2013,74.6
CPV,2013,74.7
MYS,2013,74.72
SLV,2013,74.79
BGR,2013,74.8
PRY,2013,75.04
BHR,2013,75.03
ROU,2013,75.0
SRB,2013,75.23
MKD,2013,75.43
HUN,2013,75.59
ATG,2013,75.72
QAT,2013,75.8
CHN,2013,75.84
DZA,2013,75.79
LKA,2013,75.82
MEX,2013,75.93
LCA,2013,76.18
BRB,2013,76.24
ARG,2013,76.21
MDV,2013,76.3
ECU,2013,76.4
MNE,2013,76.36
THA,2013,76.54
SVK,2013,76.48
TUN,2013,76.61
URY,2013,76.7
TUR,2013,76.83
BRN,2013,76.82
POL,2013,76.87
EST,2013,77.03
COL,2013,77.23
BIH,2013,77.21
IRN,2013,77.2
NIC,2013,77.26
SAU,2013,77.33
JOR,2013,77.52
PAN,2013,77.65
ALB,2013,77.77
HRV,2013,77.85
CZE,2013,78.11
LBN,2013,78.16
CUB,2013,78.31
USA,2013,78.76
PRI,2013,79.38
PER,2013,79.48
CHL,2013,79.83
SVN,2013,80.14
DNK,2013,80.16
DEU,2013,80.29
BEL,2013,80.32
PRT,2013,80.53
ARE,2013,80.56
CRI,2013,80.6
GBR,2013,80.69
FIN,2013,80.68
IRL,2013,80.71
GRC,2013,80.78
AUT,2013,80.91
NLD,2013,81.12
MLT,2013,81.2
NZL,2013,81.36
NOR,2013,81.43
CAN,2013,81.56
SWE,2013,81.64
KOR,2013,81.69
KWT,2013,81.74
CYP,2013,81.85
FRA,2013,81.82
LUX,2013,81.88
ISR,2013,81.92
ISL,2013,82.07
ITA,2013,82.29
SGP,2013,82.37
ESP,2013,82.48
AUS,2013,82.46
CHE,2013,82.48
JPN,2013,83.56
CAF,2013,12.03
LSO,2013,12.12
SWZ,2013,12.77
SOM,2013,13.2
ZWE,2013,13.84
GNB,2013,13.96
MOZ,2013,14.03
ERI,2013,14.49
KIR,2013,14.76
AFG,2013,14.84
COG,2013,15.1
SLB,2013,15.21
UZB,2013,15.34
COD,2013,15.36
ZMB,2013,15.42
MWI,2013,15.54
TGO,2013,15.64
FJI,2013,15.64
TCD,2013,15.6
FSM,2013,15.83
SLE,2013,15.83
CMR,2013,15.84
HTI,2013,15.92
MDG,2013,15.91
GIN,2013,15.91
GAB,2013,15.94
VUT,2013,15.9
SSD,2013,15.97
CIV,2013,15.97
AGO,2013,16.04
BWA,2013,16.12
BFA,2013,16.14
NAM,2013,16.16
BDI,2013,16.2
GMB,2013,16.25
GHA,2013,16.27
LBR,2013,16.53
PNG,2013,16.46
MLI,2013,16.61
KEN,2013,16.7
NER,2013,16.87
LAO,2013,16.9
DJI,2013,17.02
KHM,2013,17.03
GUY,2013,17.04
MNG,2013,17.05
UGA,2013,17.11
BEN,2013,17.17
EGY,2013,17.18
MMR,2013,17.26
GNQ,2013,17.43
PAK,2013,17.48
RWA,2013,17.49
HND,2013,17.55
STP,2013,17.5
TZA,2013,17.54
IDN,2013,17.64
WSM,2013,17.59
ZAF,2013,17.59
SEN,2013,17.65
PHL,2013,17.75
COM,2013,17.75
MDA,2013,17.82
PRK,2013,17.95
NGA,2013,17.99
TLS,2013,18.0
ETH,2013,17.96
KAZ,2013,18.14
AZE,2013,18.2
IND,2013,18.17
KGZ,2013,18.23
YEM,2013,18.27
BHR,2013,18.37
GRD,2013,18.45
SYR,2013,18.52
NPL,2013,18.52
TKM,2013,18.51
GEO,2013,18.54
UKR,2013,18.52
MRT,2013,18.63
TON,2013,18.71
BLR,2013,18.73
SDN,2013,18.8
OMN,2013,18.83
PSE,2013,18.79
TJK,2013,18.85
BOL,2013,18.9
RUS,2013,18.95
MAR,2013,19.1
VNM,2013,19.07
ARM,2013,19.14
QAT,2013,19.23
JAM,2013,19.29
MKD,2013,19.26
SRB,2013,19.31
SYC,2013,19.55
MYS,2013,19.61
BGR,2013,19.72
MDV,2013,19.79
IRQ,2013,19.91
MUS,2013,19.85
BTN,2013,19.98
LVA,2013,19.99
MNE,2013,20.04
HUN,2013,20.04
ROU,2013,20.04
CHN,2013,20.06
LBY,2013,20.1
LTU,2013,20.28
ATG,2013,20.35
LKA,2013,20.43
BGD,2013,20.52
SVK,2013,20.53
VCT,2013,20.57
GTM,2013,20.58
SUR,2013,20.62
BRN,2013,20.81
BIH,2013,20.78
BHS,2013,20.89
BRA,2013,20.88
TUR,2013,21.09
DZA,2013,21.11
TUN,2013,21.26
POL,2013,21.3
ARG,2013,21.33
CZE,2013,21.31
HRV,2013,21.34
PRY,2013,21.43
TTO,2013,21.43
BRB,2013,21.37
ALB,2013,21.5
EST,2013,21.51
SAU,2013,21.61
JOR,2013,21.73
CPV,2013,21.8
URY,2013,21.78
VEN,2013,21.8
DOM,2013,21.86
BLZ,2013,21.94
SLV,2013,21.91
MEX,2013,22.03
LBN,2013,22.08
ECU,2013,22.12
CUB,2013,22.19
IRN,2013,22.21
COL,2013,22.4
LCA,2013,22.63
DNK,2013,22.87
SVN,2013,23.09
USA,2013,23.11
DEU,2013,23.13
ARE,2013,23.24
PAN,2013,23.15
THA,2013,23.26
BEL,2013,23.35
IRL,2013,23.38
NIC,2013,23.53
GBR,2013,23.56
AUT,2013,23.62
NLD,2013,23.59
PRT,2013,23.62
CHL,2013,23.7
FIN,2013,23.71
GRC,2013,23.7
MLT,2013,23.8
NOR,2013,23.87
SWE,2013,23.97
CYP,2013,24.12
LUX,2013,24.18
PRI,2013,24.28
ISL,2013,24.3
ISR,2013,24.39
NZL,2013,24.39
CAN,2013,24.53
PER,2013,24.56
KOR,2013,24.56
CRI,2013,24.62
SGP,2013,24.62
ITA,2013,24.66
CHE,2013,24.8
ESP,2013,24.94
KWT,2013,24.94
FRA,2013,25.0
AUS,2013,25.13
JPN,2013,26.02
LSO,2012,49.02
SWZ,2012,49.11
CAF,2012,49.82
SOM,2012,50.11
MOZ,2012,53.74
ZWE,2012,54.9
SLE,2012,56.37
GNB,2012,56.47
TCD,2012,56.6
CMR,2012,57.77
COD,2012,58.34
CIV,2012,58.55
ZMB,2012,58.69
NER,2012,58.92
GIN,2012,58.89
SSD,2012,59.31
MLI,2012,59.27
MWI,2012,59.42
AGO,2012,59.46
BFA,2012,59.52
BWA,2012,59.75
AFG,2012,59.92
GNQ,2012,60.11
TGO,2012,60.31
NGA,2012,60.64
ZAF,2012,60.82
LBR,2012,61.08
COG,2012,61.22
BDI,2012,61.17
ERI,2012,61.35
NAM,2012,61.49
HTI,2012,61.53
KIR,2012,61.48
BEN,2012,61.81
UGA,2012,61.8
KEN,2012,62.62
GAB,2012,62.67
DJI,2012,62.76
MDG,2012,62.96
TZA,2012,63.08
GMB,2012,63.21
GHA,2012,63.16
SLB,2012,64.7
PAK,2012,64.82
FSM,2012,65.03
SYR,2012,65.0
ETH,2012,65.13
PNG,2012,65.17
LAO,2012,65.53
RWA,2012,65.69
MMR,2012,65.87
GUY,2012,66.17
SEN,2012,66.29
COM,2012,66.4
VUT,2012,66.43
TLS,2012,67.45
FJI,2012,67.51
SDN,2012,67.58
UZB,2012,67.64
KHM,2012,67.72
MNG,2012,67.84
IND,2012,68.23
YEM,2012,68.27
HND,2012,68.99
MRT,2012,69.09
TKM,2012,69.31
STP,2012,69.54
PHL,2012,69.54
KAZ,2012,69.68
IDN,2012,69.79
NPL,2012,69.79
EGY,2012,69.83
KGZ,2012,69.96
RUS,2012,70.19
WSM,2012,70.27
MDA,2012,70.25
PRK,2012,70.53
BOL,2012,71.04
TJK,2012,70.97
UKR,2012,71.09
AZE,2012,71.21
IRQ,2012,71.64
GTM,2012,71.92
BGD,2012,72.09
BLR,2012,72.11
TON,2012,72.24
GEO,2012,72.19
BTN,2012,72.46
VNM,2012,72.74
GRD,2012,72.68
MAR,2012,72.78
BHS,2012,72.85
VCT,2012,72.99
PSE,2012,73.1
SYC,2012,73.25
SUR,2012,73.35
OMN,2012,73.6
DOM,2012,73.72
ARM,2012,73.67
MUS,2012,73.69
LTU,2012,73.84
LBY,2012,73.92
LVA,2012,73.87
JAM,2012,74.19
BLZ,2012,74.18
BRA,2012,74.28
BGR,2012,74.28
ROU,2012,74.34
VEN,2012,74.44
CPV,2012,74.46
BHR,2012,74.57
TTO,2012,74.65
MYS,2012,74.62
SRB,2012,74.84
MKD,2012,74.94
QAT,2012,74.99
PRY,2012,75.12
HUN,2012,75.11
SLV,2012,75.27
CHN,2012,75.48
DZA,2012,75.64
MEX,2012,75.64
LKA,2012,75.63
ATG,2012,75.66
ECU,2012,75.81
MDV,2012,75.85
SVK,2012,76.13
THA,2012,76.18
MNE,2012,76.18
BRB,2012,76.23
ARG,2012,76.18
LCA,2012,76.4
URY,2012,76.41
EST,2012,76.41
TUN,2012,76.53
POL,2012,76.63
TUR,2012,76.84
BRN,2012,76.9
COL,2012,76.94
SAU,2012,77.03
JOR,2012,77.13
NIC,2012,77.05
IRN,2012,77.09
ALB,2012,77.34
BIH,2012,77.27
HRV,2012,77.36
PAN,2012,77.45
CZE,2012,77.97
LBN,2012,78.06
CUB,2012,78.42
USA,2012,78.77
PER,2012,79.02
PRI,2012,79.35
CHL,2012,79.58
SVN,2012,79.89
DNK,2012,79.97
BEL,2012,80.07
GRC,2012,80.23
PRT,2012,80.21
ARE,2012,80.31
FIN,2012,80.38
CRI,2012,80.42
IRL,2012,80.49
DEU,2012,80.59
GBR,2012,80.64
AUT,2012,80.72
MLT,2012,80.94
NLD,2012,80.89
NZL,2012,81.09
KOR,2012,81.13
NOR,2012,81.23
KWT,2012,81.34
SWE,2012,81.47
CAN,2012,81.49
CYP,2012,81.62
FRA,2012,81.58
LUX,2012,81.57
ISR,2012,81.57
ITA,2012,81.84
ESP,2012,81.96
ISL,2012,81.98
SGP,2012,82.22
AUS,2012,82.27
CHE,2012,82.39
JPN,2012,83.33
SOM,2012,12.05
CAF,2012,12.05
LSO,2012,12.14
SWZ,2012,12.56
ZWE,2012,13.66
GNB,2012,13.87
MOZ,2012,13.96
ERI,2012,14.39
AFG,2012,14.7
KIR,2012,14.69
UZB,2012,14.88
COG,2012,15.04
SLB,2012,15.15
COD,2012,15.23
ZMB,2012,15.27
MWI,2012,15.36
TCD,2012,15.5
TGO,2012,15.56
SLE,2012,15.61
FJI,2012,15.57
CMR,2012,15.75
CIV,2012,15.79
FSM,2012,15.79
HTI,2012,15.84
GAB,2012,15.79
GIN,2012,15.84
VUT,2012,15.79
MDG,2012,15.85
AGO,2012,15.89
SSD,2012,16.03
BWA,2012,15.99
BFA,2012,16.05
NAM,2012,16.06
BDI,2012,16.11
GMB,2012,16.25
GHA,2012,16.16
LBR,2012,16.4
PNG,2012,16.38
KEN,2012,16.61
MLI,2012,16.63
EGY,2012,16.61
NER,2012,16.79
LAO,2012,16.84
DJI,2012,16.94
MNG,2012,16.92
KHM,2012,16.97
UGA,2012,16.98
GUY,2012,17.01
BEN,2012,17.05
MMR,2012,17.08
GNQ,2012,17.24
MDA,2012,17.25
ZAF,2012,17.33
HND,2012,17.44
PAK,2012,17.41
TZA,2012,17.39
RWA,2012,17.38
STP,2012,17.44
IDN,2012,17.54
WSM,2012,17.59
KGZ,2012,17.64
KAZ,2012,17.59
COM,2012,17.66
SEN,2012,17.68
AZE,2012,17.66
ETH,2012,17.72
PRK,2012,17.84
PHL,2012,17.79
NGA,2012,17.86
BHR,2012,17.97
TLS,2012,18.13
TJK,2012,18.1
YEM,2012,18.19
GEO,2012,18.2
IND,2012,18.22
PSE,2012,18.25
UKR,2012,18.36
SYR,2012,18.48
QAT,2012,18.52
GRD,2012,18.51
BLR,2012,18.53
NPL,2012,18.56
MRT,2012,18.56
OMN,2012,18.57
TKM,2012,18.63
SDN,2012,18.75
TON,2012,18.66
RUS,2012,18.67
MKD,2012,18.74
BOL,2012,18.82
ARM,2012,18.94
VNM,2012,19.01
SRB,2012,19.03
MAR,2012,19.12
BGR,2012,19.25
JAM,2012,19.3
SYC,2012,19.49
MDV,2012,19.49
MYS,2012,19.48
LVA,2012,19.73
MUS,2012,19.74
ROU,2012,19.68
IRQ,2012,19.83
HUN,2012,19.8
BTN,2012,19.94
CHN,2012,19.85
MNE,2012,19.97
LBY,2012,20.08
LTU,2012,20.25
BGD,2012,20.31
ATG,2012,20.34
SVK,2012,20.34
LKA,2012,20.47
VCT,2012,20.72
BHS,2012,20.79
BRN,2012,20.83
BIH,2012,20.82
BRA,2012,20.83
GTM,2012,20.81
HRV,2012,21.01
DZA,2012,21.04
SUR,2012,21.04
TUN,2012,21.21
ALB,2012,21.17
TUR,2012,21.19
POL,2012,21.23
CZE,2012,21.26
ARG,2012,21.32
BRB,2012,21.4
EST,2012,21.39
JOR,2012,21.52
PRY,2012,21.55
URY,2012,21.5
SAU,2012,21.56
TTO,2012,21.72
VEN,2012,21.73
CPV,2012,21.76
ECU,2012,21.83
MEX,2012,21.93
LBN,2012,21.99
BLZ,2012,21.97
DOM,2012,22.09
IRN,2012,22.25
COL,2012,22.26
CUB,2012,22.34
SLV,2012,22.46
DNK,2012,22.74
THA,2012,22.95
LCA,2012,22.94
SVN,2012,22.92
ARE,2012,23.1
PAN,2012,23.05
USA,2012,23.14
BEL,2012,23.21
GRC,2012,23.25
IRL,2012,23.29
NIC,2012,23.39
DEU,2012,23.41
NLD,2012,23.45
PRT,2012,23.42
CHL,2012,23.46
AUT,2012,23.49
FIN,2012,23.52
GBR,2012,23.51
MLT,2012,23.55
NOR,2012,23.63
SWE,2012,23.78
CYP,2012,23.93
LUX,2012,23.96
ISR,2012,24.06
KOR,2012,24.09
ISL,2012,24.21
NZL,2012,24.21
PER,2012,24.29
ITA,2012,24.26
PRI,2012,24.38
CRI,2012,24.5
CAN,2012,24.49
SGP,2012,24.51
ESP,2012,24.51
KWT,2012,24.65
CHE,2012,24.72
FRA,2012,24.84
AUS,2012,24.93
JPN,2012,25.86
SOM,2011,43.81
SWZ,2011,48.08
LSO,2011,49.1
CAF,2011,49.47
ZWE,2011,53.28
MOZ,2011,53.53
SLE,2011,55.66
GNB,2011,55.96
TCD,2011,56.18
CMR,2011,57.26
CIV,2011,57.55
COD,2011,57.89
ZMB,2011,58.02
MWI,2011,58.11
BWA,2011,58.41
NER,2011,58.61
GIN,2011,58.59
AGO,2011,58.75
SSD,2011,58.95
MLI,2011,59.05
BFA,2011,59.07
ZAF,2011,59.1
AFG,2011,59.55
GNQ,2011,59.83
TGO,2011,59.79
NGA,2011,60.2
BDI,2011,60.41
LBR,2011,60.73
NAM,2011,60.88
UGA,2011,60.87
ERI,2011,60.91
HTI,2011,61.1
COG,2011,61.13
KIR,2011,61.4
BEN,2011,61.57
KEN,2011,61.98
GAB,2011,62.09
DJI,2011,62.34
TZA,2011,62.26
GHA,2011,62.58
MDG,2011,62.76
GMB,2011,62.85
ETH,2011,64.26
SLB,2011,64.51
PAK,2011,64.54
FSM,2011,64.91
RWA,2011,65.05
PNG,2011,65.03
LAO,2011,65.04
MMR,2011,65.23
COM,2011,65.8
SEN,2011,65.97
GUY,2011,66.14
VUT,2011,66.26
SDN,2011,67.07
UZB,2011,67.18
TLS,2011,67.28
KHM,2011,67.25
MNG,2011,67.3
FJI,2011,67.4
IND,2011,67.84
YEM,2011,68.13
MRT,2011,68.8
KAZ,2011,69.13
STP,2011,69.2
TKM,2011,69.23
IDN,2011,69.52
KGZ,2011,69.54
NPL,2011,69.61
PHL,2011,69.78
MDA,2011,69.82
RUS,2011,69.77
EGY,2011,70.08
PRK,2011,70.26
AZE,2011,70.39
TJK,2011,70.42
WSM,2011,70.5
BLR,2011,70.57
HND,2011,70.68
BOL,2011,70.72
UKR,2011,70.93
BGD,2011,71.08
IRQ,2011,71.4
LBY,2011,71.44
GTM,2011,71.55
SYR,2011,71.88
GEO,2011,71.94
BTN,2011,72.13
GRD,2011,72.12
TON,2011,72.18
MAR,2011,72.58
VNM,2011,72.61
BHS,2011,72.75
PSE,2011,72.78
JAM,2011,72.86
SUR,2011,73.12
OMN,2011,73.22
VCT,2011,73.21
ARM,2011,73.31
SYC,2011,73.3
MUS,2011,73.52
LTU,2011,73.55
LVA,2011,73.67
BLZ,2011,73.85
DOM,2011,74.03
TTO,2011,74.01
BRA,2011,74.02
BGR,2011,74.07
MYS,2011,74.23
BHR,2011,74.2
CPV,2011,74.33
QAT,2011,74.28
ROU,2011,74.44
SRB,2011,74.55
SLV,2011,74.57
VEN,2011,74.59
PRY,2011,74.93
HUN,2011,74.9
CHN,2011,75.04
LKA,2011,74.96
MKD,2011,74.96
MDV,2011,75.1
DZA,2011,75.45
MEX,2011,75.43
ECU,2011,75.58
ATG,2011,75.62
THA,2011,75.72
ARG,2011,75.95
SVK,2011,75.93
BRB,2011,76.02
MNE,2011,75.99
SAU,2011,76.13
LCA,2011,76.25
EST,2011,76.29
TUN,2011,76.36
ALB,2011,76.62
URY,2011,76.6
POL,2011,76.56
TUR,2011,76.7
COL,2011,76.69
JOR,2011,76.91
NIC,2011,76.94
IRN,2011,76.87
BRN,2011,76.99
BIH,2011,77.06
HRV,2011,77.21
PAN,2011,77.52
CZE,2011,77.79
LBN,2011,77.97
CUB,2011,78.53
PER,2011,78.64
PRI,2011,78.6
USA,2011,78.65
CHL,2011,79.55
DNK,2011,79.69
SVN,2011,79.85
BEL,2011,80.17
PRT,2011,80.24
ARE,2011,80.26
CRI,2011,80.26
FIN,2011,80.28
GRC,2011,80.36
IRL,2011,80.39
DEU,2011,80.46
GBR,2011,80.64
MLT,2011,80.72
AUT,2011,80.74
NZL,2011,80.75
NLD,2011,80.96
KOR,2011,80.95
NOR,2011,80.97
CYP,2011,81.39
CAN,2011,81.4
KWT,2011,81.45
LUX,2011,81.39
SWE,2011,81.52
FRA,2011,81.58
ISR,2011,81.65
ESP,2011,81.81
ITA,2011,81.83
ISL,2011,81.86
AUS,2011,81.93
SGP,2011,81.96
CHE,2011,82.37
JPN,2011,82.83
SOM,2011,10.08
CAF,2011,11.97
LSO,2011,12.17
SWZ,2011,12.34
ZWE,2011,13.39
GNB,2011,13.77
MOZ,2011,13.97
ERI,2011,14.26
AFG,2011,14.57
KIR,2011,14.62
UZB,2011,14.61
COG,2011,14.98
SLB,2011,15.07
COD,2011,15.13
MWI,2011,15.1
ZMB,2011,15.12
TCD,2011,15.39
TGO,2011,15.44
SLE,2011,15.42
FJI,2011,15.48
CIV,2011,15.6
GAB,2011,15.64
CMR,2011,15.67
HTI,2011,15.69
BWA,2011,15.69
FSM,2011,15.75
VUT,2011,15.7
MDG,2011,15.79
AGO,2011,15.76
GIN,2011,15.77
NAM,2011,15.84
BDI,2011,15.98
BFA,2011,15.97
GHA,2011,16.02
SSD,2011,16.1
GMB,2011,16.22
LBR,2011,16.28
PNG,2011,16.31
KEN,2011,16.52
MLI,2011,16.62
MNG,2011,16.6
NER,2011,16.74
LAO,2011,16.74
DJI,2011,16.84
UGA,2011,16.78
MMR,2011,16.85
KHM,2011,16.88
GUY,2011,16.95
MDA,2011,16.89
BEN,2011,17.04
ZAF,2011,17.01
EGY,2011,17.1
GNQ,2011,17.16
TZA,2011,17.22
RWA,2011,17.25
AZE,2011,17.24
PAK,2011,17.32
ETH,2011,17.42
KAZ,2011,17.37
IDN,2011,17.45
STP,2011,17.46
COM,2011,17.52
KGZ,2011,17.51
TJK,2011,17.65
BHR,2011,17.61
NGA,2011,17.73
SEN,2011,17.65
WSM,2011,17.68
PSE,2011,17.73
PRK,2011,17.77
GEO,2011,17.84
QAT,2011,17.91
GRD,2011,17.88
PHL,2011,18.04
BLR,2011,17.98
YEM,2011,18.12
HND,2011,18.08
TLS,2011,18.17
OMN,2011,18.23
IND,2011,18.15
UKR,2011,18.22
RUS,2011,18.42
MRT,2011,18.5
TON,2011,18.62
NPL,2011,18.6
TKM,2011,18.58
SDN,2011,18.66
SYR,2011,18.67
ARM,2011,18.73
MKD,2011,18.75
BOL,2011,18.76
SRB,2011,18.83
MDV,2011,18.85
VNM,2011,18.94
MAR,2011,19.12
MYS,2011,19.13
JAM,2011,19.08
BGR,2011,19.2
BGD,2011,19.49
CHN,2011,19.58
ROU,2011,19.56
MUS,2011,19.58
IRQ,2011,19.71
SYC,2011,19.65
LVA,2011,19.73
LBY,2011,19.77
HUN,2011,19.8
BTN,2011,19.89
MNE,2011,19.9
LTU,2011,20.1
LKA,2011,20.22
ATG,2011,20.32
SVK,2011,20.29
BRA,2011,20.61
BHS,2011,20.69
BIH,2011,20.67
VCT,2011,20.79
GTM,2011,20.84
BRN,2011,20.87
DZA,2011,20.94
SUR,2011,20.94
HRV,2011,20.92
SAU,2011,21.01
TUN,2011,21.13
TUR,2011,21.16
CZE,2011,21.19
ARG,2011,21.16
TTO,2011,21.31
BRB,2011,21.29
POL,2011,21.27
JOR,2011,21.39
EST,2011,21.36
PRY,2011,21.49
ALB,2011,21.59
URY,2011,21.58
VEN,2011,21.61
BLZ,2011,21.72
CPV,2011,21.81
MEX,2011,21.82
ECU,2011,21.87
LBN,2011,21.9
COL,2011,22.14
DOM,2011,22.25
IRN,2011,22.17
CUB,2011,22.34
THA,2011,22.54
SLV,2011,22.55
DNK,2011,22.6
LCA,2011,22.85
SVN,2011,22.94
USA,2011,23.04
PAN,2011,23.13
ARE,2011,23.17
IRL,2011,23.27
NIC,2011,23.33
MLT,2011,23.39
BEL,2011,23.38
DEU,2011,23.41
GRC,2011,23.47
CHL,2011,23.53
NLD,2011,23.54
FIN,2011,23.56
PRT,2011,23.58
AUT,2011,23.66
GBR,2011,23.65
NOR,2011,23.7
CYP,2011,23.77
LUX,2011,23.87
PRI,2011,23.85
SWE,2011,23.85
NZL,2011,23.94
PER,2011,24.08
KOR,2011,24.07
ISL,2011,24.08
ISR,2011,24.2
ITA,2011,24.32
SGP,2011,24.28
CAN,2011,24.37
CRI,2011,24.39
ESP,2011,24.5
AUS,2011,24.71
KWT,2011,24.74
CHE,2011,24.78
FRA,2011,24.99
JPN,2011,25.65
HTI,2010,39.96
SWZ,2010,46.39
LSO,2010,48.57
CAF,2010,49.2
SOM,2010,49.53
ZWE,2010,51.42
MOZ,2010,53.33
SLE,2010,54.97
GNB,2010,55.34
TCD,2010,55.72
CMR,2010,56.78
MWI,2010,56.87
ZAF,2010,57.1
CIV,2010,57.33
ZMB,2010,57.43
COD,2010,57.4
BWA,2010,57.63
AGO,2010,57.96
NER,2010,58.29
GIN,2010,58.26
BFA,2010,58.61
MLI,2010,58.65
SSD,2010,58.75
AFG,2010,59.0
TGO,2010,59.16
BDI,2010,59.6
NGA,2010,59.79
GNQ,2010,60.01
UGA,2010,59.96
NAM,2010,60.12
LBR,2010,60.36
ERI,2010,60.44
COG,2010,60.6
BEN,2010,61.3
KEN,2010,61.28
KIR,2010,61.36
TZA,2010,61.68
GAB,2010,61.73
DJI,2010,62.01
GHA,2010,61.97
GMB,2010,62.36
MDG,2010,62.52
ETH,2010,63.25
PAK,2010,64.15
RWA,2010,64.2
SLB,2010,64.37
LAO,2010,64.42
MMR,2010,64.64
FSM,2010,64.78
PNG,2010,64.89
SEN,2010,65.57
COM,2010,65.97
VUT,2010,66.08
GUY,2010,66.15
KHM,2010,66.74
UZB,2010,66.72
SDN,2010,66.94
TLS,2010,67.0
MNG,2010,67.1
FJI,2010,67.31
IND,2010,67.48
MDA,2010,67.77
YEM,2010,67.96
MRT,2010,68.45
KAZ,2010,68.51
STP,2010,68.82
RUS,2010,68.83
TKM,2010,69.12
IDN,2010,69.24
KGZ,2010,69.19
NPL,2010,69.47
PHL,2010,69.69
AZE,2010,69.81
EGY,2010,69.83
TJK,2010,69.92
PRK,2010,70.02
BGD,2010,70.06
UKR,2010,70.15
BOL,2010,70.43
BLR,2010,70.35
WSM,2010,70.49
HND,2010,70.83
IRQ,2010,71.07
GTM,2010,71.07
GRD,2010,71.08
BTN,2010,71.73
GEO,2010,71.82
TON,2010,72.11
MAR,2010,72.37
VNM,2010,72.49
PSE,2010,72.65
BHS,2010,72.75
SUR,2010,72.8
LVA,2010,72.88
OMN,2010,73.02
ARM,2010,73.01
SYC,2010,73.12
LTU,2010,73.08
TTO,2010,73.32
MUS,2010,73.35
QAT,2010,73.46
VCT,2010,73.48
BLZ,2010,73.61
BGR,2010,73.67
ROU,2010,73.7
DOM,2010,73.8
SYR,2010,73.76
BHR,2010,73.86
BRA,2010,73.92
JAM,2010,73.96
MYS,2010,74.03
LBY,2010,74.11
LKA,2010,74.14
CPV,2010,74.23
SRB,2010,74.27
SLV,2010,74.56
HUN,2010,74.56
PRY,2010,74.73
CHN,2010,74.65
MDV,2010,74.73
VEN,2010,74.66
MKD,2010,74.84
SAU,2010,74.9
MEX,2010,74.95
ECU,2010,75.15
THA,2010,75.29
DZA,2010,75.29
SVK,2010,75.45
ATG,2010,75.58
MNE,2010,75.72
EST,2010,75.84
ARG,2010,75.77
COL,2010,75.96
BRB,2010,75.96
LCA,2010,76.01
TUN,2010,76.22
ALB,2010,76.21
POL,2010,76.23
TUR,2010,76.51
URY,2010,76.48
IRN,2010,76.57
JOR,2010,76.69
HRV,2010,76.8
BRN,2010,76.97
PAN,2010,76.99
BIH,2010,76.98
NIC,2010,77.07
CZE,2010,77.55
CUB,2010,77.83
LBN,2010,77.97
PER,2010,78.21
USA,2010,78.61
CHL,2010,78.83
PRI,2010,79.06
DNK,2010,79.17
CRI,2010,79.51
SVN,2010,79.55
PRT,2010,79.74
BEL,2010,79.85
FIN,2010,79.87
DEU,2010,80.18
GRC,2010,80.24
GBR,2010,80.25
AUT,2010,80.39
ARE,2010,80.45
KWT,2010,80.49
MLT,2010,80.48
KOR,2010,80.54
IRL,2010,80.62
NLD,2010,80.69
NOR,2010,80.87
NZL,2010,80.94
CAN,2010,81.14
CYP,2010,81.18
LUX,2010,81.18
FRA,2010,81.22
SWE,2010,81.3
ISR,2010,81.53
ESP,2010,81.69
ISL,2010,81.68
SGP,2010,81.76
ITA,2010,81.9
AUS,2010,81.91
CHE,2010,82.2
JPN,2010,83.08
HTI,2010,10.9
CAF,2010,11.91
SWZ,2010,12.02
LSO,2010,12.08
SOM,2010,12.15
ZWE,2010,13.06
GNB,2010,13.65
MOZ,2010,14.02
ERI,2010,14.12
AFG,2010,14.42
UZB,2010,14.45
KIR,2010,14.61
COG,2010,14.82
MWI,2010,14.84
SLB,2010,15.02
ZMB,2010,15.01
COD,2010,15.05
TGO,2010,15.32
TCD,2010,15.29
SLE,2010,15.29
CIV,2010,15.51
GAB,2010,15.53
FJI,2010,15.48
BWA,2010,15.62
CMR,2010,15.55
AGO,2010,15.62
VUT,2010,15.61
NAM,2010,15.6
MDG,2010,15.73
GIN,2010,15.69
FSM,2010,15.69
GHA,2010,15.89
BDI,2010,15.87
MDA,2010,15.9
SSD,2010,16.05
BFA,2010,16.0
LBR,2010,16.21
GMB,2010,16.19
PNG,2010,16.32
MNG,2010,16.27
LAO,2010,16.55
UGA,2010,16.53
KEN,2010,16.45
MLI,2010,16.57
MMR,2010,16.64
GRD,2010,16.68
ZAF,2010,16.71
DJI,2010,16.76
NER,2010,16.76
KHM,2010,16.8
GUY,2010,16.91
AZE,2010,16.88
EGY,2010,16.95
BEN,2010,17.01
TZA,2010,17.03
RWA,2010,17.1
ETH,2010,17.08
GNQ,2010,17.22
PAK,2010,17.21
QAT,2010,17.24
KAZ,2010,17.23
TJK,2010,17.29
BHR,2010,17.28
STP,2010,17.38
IDN,2010,17.35
NGA,2010,17.61
COM,2010,17.56
SEN,2010,17.56
WSM,2010,17.65
KGZ,2010,17.55
PSE,2010,17.64
PRK,2010,17.71
BLR,2010,17.68
UKR,2010,17.72
RUS,2010,17.79
PHL,2010,18.02
GEO,2010,18.03
YEM,2010,18.06
OMN,2010,18.06
TLS,2010,18.23
IND,2010,18.16
MRT,2010,18.42
ARM,2010,18.51
TKM,2010,18.53
HND,2010,18.56
SDN,2010,18.56
TON,2010,18.6
MDV,2010,18.62
BOL,2010,18.73
NPL,2010,18.66
SYR,2010,18.75
BGD,2010,18.72
SRB,2010,18.66
MKD,2010,18.78
VNM,2010,18.86
MYS,2010,18.95
BGR,2010,18.94
MAR,2010,19.12
JAM,2010,19.19
LVA,2010,19.21
ROU,2010,19.23
CHN,2010,19.38
MUS,2010,19.43
SYC,2010,19.43
IRQ,2010,19.59
HUN,2010,19.66
BTN,2010,19.81
LTU,2010,19.81
SVK,2010,19.79
MNE,2010,19.79
LBY,2010,20.03
SAU,2010,20.17
LKA,2010,20.17
ATG,2010,20.3
BHS,2010,20.64
HRV,2010,20.56
BRA,2010,20.6
BIH,2010,20.66
EST,2010,20.75
SUR,2010,20.74
GTM,2010,20.68
BRN,2010,20.84
DZA,2010,20.89
TTO,2010,20.89
VCT,2010,20.94
TUN,2010,20.99
ARG,2010,20.98
POL,2010,20.98
CZE,2010,21.01
TUR,2010,21.1
ALB,2010,21.28
JOR,2010,21.3
BRB,2010,21.27
MEX,2010,21.42
URY,2010,21.41
PRY,2010,21.45
BLZ,2010,21.45
ECU,2010,21.68
COL,2010,21.68
CUB,2010,21.72
VEN,2010,21.71
LBN,2010,21.93
CPV,2010,21.96
DOM,2010,22.04
IRN,2010,22.02
THA,2010,22.17
DNK,2010,22.2
SLV,2010,22.43
LCA,2010,22.52
PAN,2010,22.6
SVN,2010,22.78
CHL,2010,22.91
USA,2010,22.98
BEL,2010,23.11
PRT,2010,23.12
DEU,2010,23.17
MLT,2010,23.2
NLD,2010,23.29
FIN,2010,23.29
ARE,2010,23.43
GBR,2010,23.37
AUT,2010,23.44
GRC,2010,23.42
IRL,2010,23.44
NIC,2010,23.45
NOR,2010,23.5
CYP,2010,23.68
LUX,2010,23.72
SWE,2010,23.66
KOR,2010,23.76
PER,2010,23.86
CRI,2010,23.88
ISL,2010,23.92
KWT,2010,23.99
PRI,2010,24.14
ISR,2010,24.14
SGP,2010,24.12
CAN,2010,24.2
NZL,2010,24.2
ITA,2010,24.36
ESP,2010,24.42
CHE,2010,24.65
FRA,2010,24.71
AUS,2010,24.75
JPN,2010,25.77
SWZ,2009,45.05
LSO,2009,47.42
CAF,2009,48.87
ZWE,2009,49.66
SOM,2009,50.67
MOZ,2009,53.33
SLE,2009,54.19
GNB,2009,54.72
TCD,2009,55.19
ZAF,2009,55.27
MWI,2009,55.73
CMR,2009,56.27
ZMB,2009,56.62
COD,2009,56.81
BWA,2009,56.89
AGO,2009,57.07
CIV,2009,57.18
SSD,2009,57.82
NER,2009,57.84
GIN,2009,57.86
BFA,2009,58.07
MLI,2009,58.28
AFG,2009,58.53
TGO,2009,58.51
BDI,2009,58.72
UGA,2009,59.06
NGA,2009,59.3
NAM,2009,59.5
GNQ,2009,59.84
LBR,2009,60.05
ERI,2009,60.07
COG,2009,60.09
KEN,2009,60.49
HTI,2009,60.75
BEN,2009,60.99
TZA,2009,61.04
GAB,2009,61.23
KIR,2009,61.32
GHA,2009,61.53
DJI,2009,61.71
GMB,2009,61.86
ETH,2009,62.16
MDG,2009,62.25
RWA,2009,62.97
LAO,2009,63.8
PAK,2009,63.92
MMR,2009,63.99
SLB,2009,64.16
PNG,2009,64.63
FSM,2009,64.68
COM,2009,65.01
SEN,2009,65.12
VUT,2009,65.89
GUY,2009,66.09
KHM,2009,66.29
UZB,2009,66.28
SDN,2009,66.44
TLS,2009,66.64
MNG,2009,66.93
IND,2009,67.05
FJI,2009,67.25
YEM,2009,67.59
MDA,2009,68.03
MRT,2009,68.08
STP,2009,68.4
TKM,2009,68.43
KAZ,2009,68.52
RUS,2009,68.56
WSM,2009,68.73
KGZ,2009,68.89
IDN,2009,69.02
TJK,2009,69.35
NPL,2009,69.27
AZE,2009,69.37
PSE,2009,69.43
PHL,2009,69.4
UKR,2009,69.49
BGD,2009,69.6
EGY,2009,69.79
PRK,2009,69.87
BOL,2009,70.14
TON,2009,70.18
BLR,2009,70.48
IRQ,2009,70.62
GTM,2009,70.84
GRD,2009,70.94
HND,2009,70.99
BTN,2009,71.27
GEO,2009,71.32
MAR,2009,72.16
JAM,2009,72.2
VNM,2009,72.41
LKA,2009,72.42
SUR,2009,72.62
LVA,2009,72.66
ARM,2009,72.73
QAT,2009,72.77
TTO,2009,72.84
SYC,2009,72.85
BHS,2009,72.81
LTU,2009,72.78
OMN,2009,73.06
MUS,2009,73.1
BHR,2009,73.41
ROU,2009,73.44
DOM,2009,73.55
VCT,2009,73.56
BGR,2009,73.58
SYR,2009,73.74
BLZ,2009,73.67
BRA,2009,73.84
SAU,2009,73.9
CPV,2009,73.98
SLV,2009,74.0
SRB,2009,73.97
MYS,2009,74.01
LBY,2009,74.13
HUN,2009,74.22
CHN,2009,74.39
MDV,2009,74.43
VEN,2009,74.57
MKD,2009,74.59
PRY,2009,74.79
ECU,2009,74.93
EST,2009,75.04
DZA,2009,75.06
THA,2009,75.05
MEX,2009,75.14
SVK,2009,75.22
MNE,2009,75.39
ATG,2009,75.51
ALB,2009,75.56
POL,2009,75.64
COL,2009,75.76
LCA,2009,75.84
BRB,2009,75.91
ARG,2009,75.85
TUN,2009,76.08
IRN,2009,76.24
TUR,2009,76.35
JOR,2009,76.35
HRV,2009,76.45
NIC,2009,76.56
URY,2009,76.67
BIH,2009,76.78
BRN,2009,76.88
PAN,2009,77.17
CZE,2009,77.28
LBN,2009,77.79
CUB,2009,78.02
PER,2009,78.12
PRI,2009,78.42
USA,2009,78.42
DNK,2009,78.88
CHL,2009,79.0
SVN,2009,79.05
KWT,2009,79.2
PRT,2009,79.41
IRL,2009,79.53
FIN,2009,79.71
BEL,2009,79.83
DEU,2009,79.99
GRC,2009,80.02
GBR,2009,80.03
AUT,2009,80.12
MLT,2009,80.25
KOR,2009,80.36
NLD,2009,80.54
NZL,2009,80.56
CRI,2009,80.61
ARE,2009,80.74
NOR,2009,80.75
CYP,2009,80.92
LUX,2009,80.92
CAN,2009,80.88
FRA,2009,81.04
ISR,2009,81.13
SWE,2009,81.15
ESP,2009,81.33
ISL,2009,81.5
ITA,2009,81.52
SGP,2009,81.58
AUS,2009,81.75
CHE,2009,81.89
JPN,2009,83.16
SWZ,2009,11.76
CAF,2009,11.84
LSO,2009,12.0
ZWE,2009,12.83
SOM,2009,12.95
GNB,2009,13.55
ERI,2009,14.03
MOZ,2009,14.17
AFG,2009,14.27
UZB,2009,14.46
MWI,2009,14.61
KIR,2009,14.6
COG,2009,14.71
SLB,2009,14.93
ZMB,2009,14.95
COD,2009,14.98
SLE,2009,15.13
TGO,2009,15.2
TCD,2009,15.19
CMR,2009,15.42
GAB,2009,15.38
CIV,2009,15.41
NAM,2009,15.46
AGO,2009,15.45
VUT,2009,15.53
FJI,2009,15.53
GIN,2009,15.64
HTI,2009,15.68
MDG,2009,15.68
FSM,2009,15.67
BWA,2009,15.66
BDI,2009,15.75
GHA,2009,15.83
BFA,2009,15.94
SSD,2009,15.95
MDA,2009,16.01
GMB,2009,16.13
MNG,2009,16.13
LBR,2009,16.21
PNG,2009,16.24
UGA,2009,16.33
LAO,2009,16.35
MMR,2009,16.42
KEN,2009,16.41
GRD,2009,16.45
MLI,2009,16.55
ZAF,2009,16.55
AZE,2009,16.63
DJI,2009,16.71
NER,2009,16.74
KHM,2009,16.73
ETH,2009,16.72
QAT,2009,16.75
GUY,2009,16.84
TJK,2009,16.78
RWA,2009,16.91
TZA,2009,16.87
BHR,2009,16.92
BEN,2009,17.0
EGY,2009,17.01
PAK,2009,17.12
GNQ,2009,17.22
WSM,2009,17.22
STP,2009,17.31
IDN,2009,17.32
KGZ,2009,17.33
COM,2009,17.37
NGA,2009,17.47
SEN,2009,17.48
KAZ,2009,17.46
PSE,2009,17.49
RUS,2009,17.64
PRK,2009,17.7
BLR,2009,17.68
UKR,2009,17.67
PHL,2009,17.85
YEM,2009,17.94
GEO,2009,17.89
IND,2009,18.05
TKM,2009,18.03
OMN,2009,18.19
TLS,2009,18.2
TON,2009,18.29
SDN,2009,18.44
MRT,2009,18.36
ARM,2009,18.39
MDV,2009,18.48
SRB,2009,18.52
BGD,2009,18.59
MKD,2009,18.64
BOL,2009,18.7
NPL,2009,18.66
SYR,2009,18.77
VNM,2009,18.83
HND,2009,18.93
MYS,2009,18.92
BGR,2009,18.97
JAM,2009,18.98
MAR,2009,19.11
SYC,2009,19.05
LVA,2009,19.24
MUS,2009,19.21
ROU,2009,19.18
CHN,2009,19.31
IRQ,2009,19.46
SAU,2009,19.49
HUN,2009,19.58
MNE,2009,19.64
BTN,2009,19.71
LTU,2009,19.68
SVK,2009,19.79
LKA,2009,19.87
LBY,2009,20.09
ATG,2009,20.23
HRV,2009,20.38
BIH,2009,20.54
EST,2009,20.58
SUR,2009,20.59
POL,2009,20.6
BRA,2009,20.63
BHS,2009,20.67
BRN,2009,20.74
TTO,2009,20.68
ALB,2009,20.76
DZA,2009,20.82
GTM,2009,20.79
CZE,2009,20.81
TUN,2009,20.91
VCT,2009,21.0
JOR,2009,21.07
TUR,2009,21.08
BRB,2009,21.19
ARG,2009,21.28
BLZ,2009,21.41
PRY,2009,21.68
ECU,2009,21.71
COL,2009,21.66
MEX,2009,21.74
URY,2009,21.71
LBN,2009,21.78
CPV,2009,21.84
IRN,2009,21.84
DOM,2009,21.85
THA,2009,22.03
VEN,2009,21.96
DNK,2009,21.98
CUB,2009,22.01
LCA,2009,22.15
SVN,2009,22.4
SLV,2009,22.58
IRL,2009,22.7
PRT,2009,22.95
USA,2009,22.95
PAN,2009,22.98
MLT,2009,23.01
DEU,2009,23.02
KWT,2009,23.07
NIC,2009,23.13
BEL,2009,23.16
CHL,2009,23.19
AUT,2009,23.22
NLD,2009,23.21
GBR,2009,23.24
FIN,2009,23.25
GRC,2009,23.26
LUX,2009,23.54
CYP,2009,23.55
NOR,2009,23.48
SWE,2009,23.65
ARE,2009,23.73
KOR,2009,23.69
PRI,2009,23.71
NZL,2009,23.77
ISL,2009,23.77
PER,2009,23.9
CAN,2009,24.01
SGP,2009,24.01
ISR,2009,24.06
ITA,2009,24.1
ESP,2009,24.15
CHE,2009,24.51
CRI,2009,24.56
FRA,2009,24.59
AUS,2009,24.65
JPN,2009,25.89
SWZ,2008,44.28
LSO,2008,45.9
ZWE,2008,48.33
CAF,2008,48.3
SOM,2008,50.31
MOZ,2008,53.06
SLE,2008,53.55
ZAF,2008,53.91
GNB,2008,54.2
MWI,2008,54.26
TCD,2008,54.4
ZMB,2008,55.36
CMR,2008,55.69
BWA,2008,56.18
AGO,2008,56.22
COD,2008,56.32
CIV,2008,56.57
MMR,2008,56.91
NER,2008,57.32
BFA,2008,57.43
GIN,2008,57.54
SSD,2008,57.68
BDI,2008,57.79
MLI,2008,57.78
AFG,2008,57.9
TGO,2008,57.97
UGA,2008,57.97
NAM,2008,58.62
NGA,2008,58.75
COG,2008,59.22
GNQ,2008,59.27
KEN,2008,59.48
ERI,2008,59.62
LBR,2008,59.76
HTI,2008,60.26
TZA,2008,60.44
BEN,2008,60.45
GAB,2008,60.8
ETH,2008,61.0
GHA,2008,61.09
KIR,2008,61.27
DJI,2008,61.39
GMB,2008,61.5
MDG,2008,62.02
RWA,2008,62.14
LAO,2008,63.19
PAK,2008,63.66
SLB,2008,64.06
PNG,2008,64.35
FSM,2008,64.49
SEN,2008,64.58
COM,2008,65.34
UZB,2008,65.44
VUT,2008,65.69
KHM,2008,65.75
GUY,2008,65.76
SDN,2008,66.11
IND,2008,66.43
TLS,2008,66.58
MNG,2008,66.9
TKM,2008,66.99
FJI,2008,67.03
KAZ,2008,67.14
YEM,2008,67.19
MRT,2008,67.64
STP,2008,67.69
MDA,2008,67.81
RUS,2008,67.79
UKR,2008,67.91
KGZ,2008,68.3
AZE,2008,68.71
IDN,2008,68.84
TJK,2008,69.04
NPL,2008,69.03
BGD,2008,69.03
PSE,2008,68.98
PHL,2008,69.55
IRQ,2008,69.81
BOL,2008,69.79
PRK,2008,69.8
EGY,2008,69.77
BLR,2008,70.34
WSM,2008,70.48
JAM,2008,70.64
BTN,2008,70.91
GRD,2008,70.93
HND,2008,70.99
GTM,2008,71.01
LTU,2008,71.63
GEO,2008,71.72
MAR,2008,71.88
LVA,2008,71.85
TON,2008,72.0
TTO,2008,72.04
SUR,2008,72.21
VNM,2008,72.35
QAT,2008,72.37
ARM,2008,72.49
SYC,2008,72.66
BHR,2008,72.89
MUS,2008,72.87
BHS,2008,72.98
SAU,2008,73.0
LKA,2008,73.14
BGR,2008,73.25
DOM,2008,73.28
ROU,2008,73.3
OMN,2008,73.35
SYR,2008,73.55
BLZ,2008,73.54
VCT,2008,73.52
BRA,2008,73.71
SRB,2008,73.83
CPV,2008,73.93
CHN,2008,74.0
HUN,2008,74.0
MDV,2008,74.09
LBY,2008,74.2
EST,2008,74.25
MYS,2008,74.19
VEN,2008,74.28
MKD,2008,74.32
ECU,2008,74.41
SLV,2008,74.41
THA,2008,74.46
DZA,2008,74.84
SVK,2008,74.83
PRY,2008,75.0
ALB,2008,74.99
MNE,2008,75.03
ATG,2008,75.06
MEX,2008,75.09
COL,2008,75.41
POL,2008,75.43
LCA,2008,75.53
BRB,2008,75.51
ARG,2008,75.69
JOR,2008,75.81
TUN,2008,75.93
IRN,2008,75.93
HRV,2008,76.07
NIC,2008,76.36
URY,2008,76.39
TUR,2008,76.65
BRN,2008,76.72
BIH,2008,76.77
PAN,2008,76.98
CZE,2008,77.15
LBN,2008,77.53
CUB,2008,77.88
USA,2008,78.05
KWT,2008,78.26
PRI,2008,78.52
DNK,2008,78.64
PER,2008,78.86
SVN,2008,78.9
CHL,2008,79.2
PRT,2008,79.2
GBR,2008,79.54
BEL,2008,79.56
FIN,2008,79.58
IRL,2008,79.58
DEU,2008,79.88
MLT,2008,79.93
GRC,2008,79.93
KOR,2008,79.91
CRI,2008,80.29
NLD,2008,80.26
AUT,2008,80.27
NZL,2008,80.31
ISR,2008,80.42
NOR,2008,80.49
LUX,2008,80.57
CYP,2008,80.59
CAN,2008,80.56
ARE,2008,80.8
FRA,2008,80.87
SWE,2008,80.93
ESP,2008,80.97
SGP,2008,80.98
ISL,2008,81.29
AUS,2008,81.32
ITA,2008,81.37
CHE,2008,81.86
JPN,2008,82.83
SWZ,2008,11.6
CAF,2008,11.72
LSO,2008,11.79
ZWE,2008,12.72
SOM,2008,12.9
GNB,2008,13.49
ERI,2008,13.97
UZB,2008,13.98
AFG,2008,14.08
MOZ,2008,14.29
MWI,2008,14.36
COG,2008,14.52
KIR,2008,14.59
ZMB,2008,14.74
SLB,2008,14.89
COD,2008,14.89
MMR,2008,14.99
SLE,2008,15.06
TGO,2008,15.1
TCD,2008,15.05
CMR,2008,15.26
AGO,2008,15.32
CIV,2008,15.26
GAB,2008,15.28
NAM,2008,15.27
FJI,2008,15.44
VUT,2008,15.45
HTI,2008,15.57
GIN,2008,15.61
MDG,2008,15.64
BDI,2008,15.64
FSM,2008,15.64
BWA,2008,15.73
GHA,2008,15.78
SSD,2008,15.9
BFA,2008,15.88
MDA,2008,16.05
UGA,2008,16.07
GMB,2008,16.09
LAO,2008,16.15
PNG,2008,16.14
LBR,2008,16.27
ETH,2008,16.33
AZE,2008,16.32
KEN,2008,16.38
MNG,2008,16.37
GRD,2008,16.44
QAT,2008,16.46
MLI,2008,16.46
BHR,2008,16.49
ZAF,2008,16.5
DJI,2008,16.64
KHM,2008,16.66
TJK,2008,16.66
RWA,2008,16.66
GUY,2008,16.72
TZA,2008,16.73
NER,2008,16.74
KAZ,2008,16.94
PAK,2008,17.02
BEN,2008,16.96
EGY,2008,17.04
GNQ,2008,17.11
TKM,2008,17.07
STP,2008,17.24
KGZ,2008,17.21
NGA,2008,17.31
IDN,2008,17.31
UKR,2008,17.33
SEN,2008,17.38
COM,2008,17.4
PSE,2008,17.43
RUS,2008,17.4
WSM,2008,17.59
BLR,2008,17.63
PRK,2008,17.72
IND,2008,17.72
YEM,2008,17.84
PHL,2008,18.01
SDN,2008,18.34
MRT,2008,18.29
TLS,2008,18.27
MDV,2008,18.26
ARM,2008,18.27
JAM,2008,18.32
BGD,2008,18.36
MKD,2008,18.41
SRB,2008,18.48
OMN,2008,18.63
TON,2008,18.63
NPL,2008,18.65
BOL,2008,18.65
SYR,2008,18.67
BGR,2008,18.73
GEO,2008,18.72
VNM,2008,18.8
SAU,2008,18.86
SYC,2008,18.88
LVA,2008,18.86
MUS,2008,19.0
MYS,2008,19.01
MAR,2008,19.06
HND,2008,19.16
CHN,2008,19.25
ROU,2008,19.16
IRQ,2008,19.33
MNE,2008,19.43
LTU,2008,19.47
HUN,2008,19.51
SVK,2008,19.6
BTN,2008,19.66
ATG,2008,19.71
LKA,2008,19.69
EST,2008,20.09
TTO,2008,20.13
ALB,2008,20.32
LBY,2008,20.27
HRV,2008,20.29
SUR,2008,20.39
BRA,2008,20.54
BRN,2008,20.62
BIH,2008,20.6
POL,2008,20.57
JOR,2008,20.68
DZA,2008,20.74
TUN,2008,20.83
BRB,2008,20.85
CZE,2008,20.83
BHS,2008,20.86
GTM,2008,20.9
VCT,2008,21.01
ARG,2008,21.13
BLZ,2008,21.19
COL,2008,21.18
ECU,2008,21.34
TUR,2008,21.52
MEX,2008,21.53
URY,2008,21.55
LBN,2008,21.65
DOM,2008,21.69
THA,2008,21.72
IRN,2008,21.68
VEN,2008,21.7
CPV,2008,21.82
LCA,2008,21.84
CUB,2008,21.83
PRY,2008,21.9
DNK,2008,21.91
KWT,2008,22.38
SVN,2008,22.42
USA,2008,22.61
SLV,2008,22.64
IRL,2008,22.62
MLT,2008,22.7
PAN,2008,22.76
PRT,2008,22.77
GBR,2008,22.81
DEU,2008,22.93
BEL,2008,22.98
NLD,2008,22.98
GRC,2008,23.02
NIC,2008,23.04
FIN,2008,23.23
NOR,2008,23.22
KOR,2008,23.24
LUX,2008,23.26
CYP,2008,23.33
AUT,2008,23.29
CHL,2008,23.27
SWE,2008,23.43
ISR,2008,23.47
SGP,2008,23.53
NZL,2008,23.64
ISL,2008,23.64
PRI,2008,23.72
CAN,2008,23.75
ARE,2008,23.8
ITA,2008,23.99
ESP,2008,23.95
AUS,2008,24.19
CRI,2008,24.39
FRA,2008,24.42
PER,2008,24.5
CHE,2008,24.45
JPN,2008,25.6
