iso3,year,co2_emissions_pc
AFG,2008,0.16065161
AFG,2009,0.23271917
AFG,2010,0.2957424
AFG,2011,0.40338126
AFG,2012,0.32838032
AFG,2013,0.29183197
AFG,2014,0.27707645
AFG,2015,0.28583142
ALB,2008,1.4691418
ALB,2009,1.4879525
ALB,2010,1.6334264
ALB,2011,1.8254082
ALB,2012,1.6666856
ALB,2013,1.8185169
ALB,2014,2.0661745
ALB,2015,1.625643
DZA,2008,3.1906118
DZA,2009,3.348967
DZA,2010,3.2704897
DZA,2011,3.3897867
DZA,2012,3.603934
DZA,2013,3.6649592
DZA,2014,3.8587592
DZA,2015,4.0002337
AND,2008,6.449391
AND,2009,6.1570287
AND,2010,6.399722
AND,2011,6.310664
AND,2012,6.34042
AND,2013,6.3323584
AND,2014,6.2594266
AND,2015,6.445522
AGO,2008,0.86892146
AGO,2009,0.9220852
AGO,2010,0.9866279
AGO,2011,0.9660866
AGO,2012,1.0303272
AGO,2013,0.9825774
AGO,2014,0.96059257
AGO,2015,0.9768856
AIA,2008,9.648827
AIA,2009,9.482113
AIA,2010,9.864194
AIA,2011,9.164717
AIA,2012,9.022611
AIA,2013,8.834237
AIA,2014,8.794879
AIA,2015,9.780962
ATG,2008,6.4950438
ATG,2009,6.6149755
ATG,2010,6.440348
ATG,2011,6.322436
ATG,2012,6.3813004
ATG,2013,6.32341
ATG,2014,6.39672
ATG,2015,6.514907
ARG,2008,4.6344175
ARG,2009,4.361312
ARG,2010,4.503556
ARG,2011,4.54762
ARG,2012,4.5387554
ARG,2013,4.451076
ARG,2014,4.3788633
ARG,2015,4.4102354
ARM,2008,1.8833776
ARM,2009,1.4813462
ARM,2010,1.4509143
ARM,2011,1.6997688
ARM,2012,1.9668766
ARM,2013,1.8939097
ARM,2014,1.917619
ARM,2015,1.8722998
ABW,2008,27.157389
ABW,2009,26.525524
ABW,2010,25.029972
ABW,2011,24.742538
ABW,2012,13.248491
ABW,2013,8.394657
ABW,2014,8.435128
ABW,2015,8.614971
AUS,2008,18.94381
AUS,2009,18.688597
AUS,2010,18.297293
AUS,2011,17.965395
AUS,2012,17.7746
AUS,2013,17.174335
AUS,2014,16.64416
AUS,2015,16.765352
AUT,2008,8.8294735
AUT,2009,8.065431
AUT,2010,8.608196
AUT,2011,8.328273
AUT,2012,7.9788394
AUT,2013,7.9900355
AUT,2014,7.5066957
AUT,2015,7.676675
AZE,2008,3.6942694
AZE,2009,3.2170568
AZE,2010,3.0118616
AZE,2011,3.263754
AZE,2012,3.4953828
AZE,2013,3.5304873
AZE,2014,3.5663943
AZE,2015,3.556183
BHS,2008,5.350727
BHS,2009,5.9382315
BHS,2010,6.0620985
BHS,2011,5.687145
BHS,2012,5.4646664
BHS,2013,5.2500734
BHS,2014,5.4052744
BHS,2015,5.7809343
BHR,2008,26.344307
BHR,2009,23.739178
BHR,2010,23.964918
BHR,2011,23.590656
BHR,2012,22.296165
BHR,2013,24.783257
BHR,2014,23.53623
BHR,2015,23.699127
BGD,2008,0.30333978
BGD,2009,0.3260235
BGD,2010,0.3550251
BGD,2011,0.36195275
BGD,2012,0.38501203
BGD,2013,0.41373482
BGD,2014,0.42763633
BGD,2015,0.48279482
BRB,2008,6.3551946
BRB,2009,6.200283
BRB,2010,5.6782417
BRB,2011,5.8896937
BRB,2012,5.598732
BRB,2013,5.5196924
BRB,2014,4.965889
BRB,2015,4.901931
BLR,2008,6.593982
BLR,2009,6.3716855
BLR,2010,6.5795755
BLR,2011,6.472004
BLR,2012,6.6094017
BLR,2013,6.77541
BLR,2014,6.7191873
BLR,2015,6.1976523
BEL,2008,11.2215605
BEL,2009,9.967704
BEL,2010,10.468463
BEL,2011,9.520928
BEL,2012,9.222086
BEL,2013,9.207796
BEL,2014,8.655899
BEL,2015,8.981999
BLZ,2008,1.4325055
BLZ,2009,1.6525726
BLZ,2010,1.6818045
BLZ,2011,1.6903518
BLZ,2012,1.3476228
BLZ,2013,1.286995
BLZ,2014,1.344067
BLZ,2015,1.7994051
BEN,2008,0.4246635
BEN,2009,0.44424492
BEN,2010,0.4776112
BEN,2011,0.44381663
BEN,2012,0.42341626
BEN,2013,0.42637473
BEN,2014,0.43481383
BEN,2015,0.4693856
BMU,2008,10.242234
BMU,2009,7.4908395
BMU,2010,9.541068
BMU,2011,6.9543066
BMU,2012,5.7551246
BMU,2013,8.411862
BMU,2014,10.55077
BMU,2015,8.484554
BTN,2008,0.9417083
BTN,2009,0.9788788
BTN,2010,1.2904984
BTN,2011,1.4617691
BTN,2012,1.6543369
BTN,2013,1.8253992
BTN,2014,1.8922364
BTN,2015,2.005328
BOL,2008,1.3161515
BOL,2009,1.3516139
BOL,2010,1.4455193
BOL,2011,1.5410936
BOL,2012,1.6675211
BOL,2013,1.6633582
BOL,2014,1.8331732
BOL,2015,1.8054521
BIH,2008,5.0559635
BIH,2009,5.293341
BIH,2010,5.5478983
BIH,2011,6.3502297
BIH,2012,6.0309324
BIH,2013,6.0376363
BIH,2014,5.4173074
BIH,2015,5.2466326
BWA,2008,2.3092926
BWA,2009,1.936756
BWA,2010,2.2316918
BWA,2011,1.9429612
BWA,2012,2.4076056
BWA,2013,2.6454382
BWA,2014,3.1537752
BWA,2015,2.4588568
BRA,2008,2.1675887
BRA,2009,2.0292332
BRA,2010,2.2729201
BRA,2011,2.3687463
BRA,2012,2.531079
BRA,2013,2.6825
BRA,2014,2.7883182
BRA,2015,2.6247756
BRN,2008,24.260351
BRN,2009,20.11857
BRN,2010,20.43478
BRN,2011,23.924784
BRN,2012,23.42363
BRN,2013,18.545584
BRN,2014,21.18994
BRN,2015,16.420881
BGR,2008,7.1804595
BGR,2009,6.121364
BGR,2010,6.4402747
BGR,2011,7.209333
BGR,2012,6.6094265
BGR,2013,5.881424
BGR,2014,6.264526
BGR,2015,6.71595
BFA,2008,0.11913781
BFA,2009,0.11688717
BFA,2010,0.122713536
BFA,2011,0.12899202
BFA,2012,0.15229483
BFA,2013,0.15873493
BFA,2014,0.15710038
BFA,2015,0.19937555
BDI,2008,0.023261731
BDI,2009,0.023750586
BDI,2010,0.035168972
BDI,2011,0.042604737
BDI,2012,0.038953397
BDI,2013,0.042117584
BDI,2014,0.032230258
BDI,2015,0.032170665
KHM,2008,0.28007478
KHM,2009,0.32075632
KHM,2010,0.34920472
KHM,2011,0.3582725
KHM,2012,0.37308234
KHM,2013,0.3708411
KHM,2014,0.43509033
KHM,2015,0.5241824
CMR,2008,0.39413145
CMR,2009,0.44757625
CMR,2010,0.42624032
CMR,2011,0.4005975
CMR,2012,0.3653794
CMR,2013,0.3667591
CMR,2014,0.3976225
CMR,2015,0.43274093
CAN,2008,17.213322
CAN,2009,16.04697
CAN,2010,16.22177
CAN,2011,16.301926
CAN,2012,16.156374
CAN,2013,16.117844
CAN,2014,15.896746
CAN,2015,15.728835
CPV,2008,0.935434
CPV,2009,1.0279344
CPV,2010,1.0924569
CPV,2011,1.2035358
CPV,2012,0.98047143
CPV,2013,0.96565616
CPV,2014,0.9511608
CPV,2015,0.9581796
CAF,2008,0.036165923
CAF,2009,0.03559598
CAF,2010,0.037512567
CAF,2011,0.040933866
CAF,2012,0.041321684
CAF,2013,0.025255771
CAF,2014,0.026945908
CAF,2015,0.038782343
TCD,2008,0.07602302
TCD,2009,0.10224242
TCD,2010,0.10038561
TCD,2011,0.099799976
TCD,2012,0.13193142
TCD,2013,0.15181394
TCD,2014,0.15383953
TCD,2015,0.16055149
CHL,2008,4.189833
CHL,2009,3.8777707
CHL,2010,4.1525874
CHL,2011,4.4993267
CHL,2012,4.5447974
CHL,2013,4.6212916
CHL,2014,4.3433175
CHL,2015,4.531463
CHN,2008,5.624066
CHN,2009,5.8777986
CHN,2010,6.378234
CHN,2011,7.0077763
CHN,2012,7.140667
CHN,2013,7.219921
CHN,2014,7.19784
CHN,2015,7.0648346
COL,2008,1.5302975
COL,2009,1.6367313
COL,2010,1.7032385
COL,2011,1.6841542
COL,2012,1.7555257
COL,2013,1.9090279
COL,2014,2.0203373
COL,2015,2.0877974
COM,2008,0.17466639
COM,2009,0.21118255
COM,2010,0.24618955
COM,2011,0.21389568
COM,2012,0.2257624
COM,2013,0.26314202
COM,2014,0.22658259
COM,2015,0.24706165
COG,2008,1.0381061
COG,2009,1.1547302
COG,2010,1.2325346
COG,2011,1.0947329
COG,2012,1.0585535
COG,2013,1.2127333
COG,2014,1.09952
COG,2015,1.1057556
COK,2008,4.1212273
COK,2009,3.9978178
COK,2010,4.310842
COK,2011,4.6119695
COK,2012,4.7640905
COK,2013,4.781119
COK,2014,4.59174
COK,2015,4.4046025
CRI,2008,1.7995138
CRI,2009,1.7218038
CRI,2010,1.6445795
CRI,2011,1.5859172
CRI,2012,1.5566447
CRI,2013,1.6181657
CRI,2014,1.6253628
CRI,2015,1.5371426
CIV,2008,0.31200457
CIV,2009,0.25729427
CIV,2010,0.27680218
CIV,2011,0.28383818
CIV,2012,0.36391443
CIV,2013,0.4043384
CIV,2014,0.40376183
CIV,2015,0.3784605
HRV,2008,5.451251
HRV,2009,5.0472794
HRV,2010,4.8792157
HRV,2011,4.816974
HRV,2012,4.4741144
HRV,2013,4.3385963
HRV,2014,4.1846795
HRV,2015,4.255293
CUB,2008,2.4564986
CUB,2009,2.4631934
CUB,2010,2.9244213
CUB,2011,2.5720613
CUB,2012,2.6077476
CUB,2013,2.4692283
CUB,2014,2.4251754
CUB,2015,2.5801463
CYP,2008,7.9894676
CYP,2009,7.6360445
CYP,2010,7.1839247
CYP,2011,6.7936635
CYP,2012,6.2330227
CYP,2013,5.561163
CYP,2014,5.784701
CYP,2015,5.7177787
CZE,2008,11.845384
CZE,2009,11.033749
CZE,2010,11.226669
CZE,2011,10.975093
CZE,2012,10.5913925
CZE,2013,10.153251
CZE,2014,9.911937
CZE,2015,9.976885
COD,2008,0.04170046
COD,2009,0.036830176
COD,2010,0.03989632
COD,2011,0.042922717
COD,2012,0.038186394
COD,2013,0.051736645
COD,2014,0.064614125
COD,2015,0.04040672
DNK,2008,9.327979
DNK,2009,8.8427105
DNK,2010,8.864574
DNK,2011,7.9389625
DNK,2012,7.1269546
DNK,2013,7.4359493
DNK,2014,6.655955
DNK,2015,6.175978
DJI,2008,0.5581743
DJI,2009,0.4863772
DJI,2010,0.5553598
DJI,2011,0.33218986
DJI,2012,0.3069905
DJI,2013,0.39040363
DJI,2014,0.4128311
DJI,2015,0.4948678
DMA,2008,2.4474907
DMA,2009,2.7128527
DMA,2010,2.5004065
DMA,2011,2.227936
DMA,2012,2.3849337
DMA,2013,2.2593608
DMA,2014,2.3425446
DMA,2015,2.497153
DOM,2008,2.1238427
DOM,2009,2.040239
DOM,2010,2.092981
DOM,2011,2.143447
DOM,2012,2.1106145
DOM,2013,2.0862567
DOM,2014,2.113379
DOM,2015,2.2515552
TLS,2008,0.27617607
TLS,2009,0.30391753
TLS,2010,0.28868604
TLS,2011,0.39081725
TLS,2012,0.5210162
TLS,2013,0.53399384
TLS,2014,0.52817845
TLS,2015,0.4892568
ECU,2008,2.0798635
ECU,2009,2.2662005
ECU,2010,2.4061246
ECU,2011,2.4966292
ECU,2012,2.4022808
ECU,2013,2.5086765
ECU,2014,2.727222
ECU,2015,2.5375113
EGY,2008,2.3027802
EGY,2009,2.3597033
EGY,2010,2.2826967
EGY,2011,2.381271
EGY,2012,2.2942379
EGY,2013,2.217675
EGY,2014,2.326489
EGY,2015,2.253873
SLV,2008,1.0622653
SLV,2009,1.0436777
SLV,2010,1.0412601
SLV,2011,1.0672034
SLV,2012,1.058539
SLV,2013,0.99277174
SLV,2014,0.9980857
SLV,2015,1.0782864
GNQ,2008,5.4785557
GNQ,2009,4.3159294
GNQ,2010,5.384114
GNQ,2011,4.907646
GNQ,2012,5.334955
GNQ,2013,6.088294
GNQ,2014,5.4808073
GNQ,2015,4.8375826
ERI,2008,0.14144821
ERI,2009,0.15444435
ERI,2010,0.15891191
ERI,2011,0.1927028
ERI,2012,0.20027304
ERI,2013,0.1852447
ERI,2014,0.18386944
ERI,2015,0.17850116
EST,2008,13.323685
EST,2009,10.794065
EST,2010,14.243671
EST,2011,14.274907
EST,2012,13.429003
EST,2013,14.8975725
EST,2014,14.290286
EST,2015,12.003538
SWZ,2008,0.9309333
SWZ,2009,0.9581408
SWZ,2010,0.8965124
SWZ,2011,0.90137714
SWZ,2012,1.039993
SWZ,2013,1.2386277
SWZ,2014,0.67714214
SWZ,2015,0.7598447
ETH,2008,0.0750213
ETH,2009,0.073328234
ETH,2010,0.070071824
ETH,2011,0.07954707
ETH,2012,0.08411424
ETH,2013,0.099950224
ETH,2014,0.1154268
ETH,2015,0.12226406
FRO,2008,12.986482
FRO,2009,11.85785
FRO,2010,13.077839
FRO,2011,11.842276
FRO,2012,12.261058
FRO,2013,13.428193
FRO,2014,12.310254
FRO,2015,12.434051
FJI,2008,0.87604755
FJI,2009,0.77137095
FJI,2010,1.1308817
FJI,2011,1.0233617
FJI,2012,0.9971768
FJI,2013,1.1315577
FJI,2014,1.2857696
FJI,2015,1.352187
FIN,2008,11.033464
FIN,2009,10.474156
FIN,2010,11.950002
FIN,2011,10.513088
FIN,2012,9.44869
FIN,2013,9.508816
FIN,2014,8.719286
FIN,2015,8.064649
FRA,2008,6.1977158
FRA,2009,5.876987
FRA,2010,5.936185
FRA,2011,5.560235
FRA,2012,5.5642834
FRA,2013,5.5709805
FRA,2014,5.0522456
FRA,2015,5.106422
PYF,2008,3.1126049
PYF,2009,3.1134264
PYF,2010,3.4122894
PYF,2011,3.2630975
PYF,2012,3.2065854
PYF,2013,3.200734
PYF,2014,3.0755603
PYF,2015,3.0458834
GAB,2008,3.3467827
GAB,2009,3.1924388
GAB,2010,3.393294
GAB,2011,3.270456
GAB,2012,3.0482535
GAB,2013,3.0980773
GAB,2014,3.219468
GAB,2015,3.1727533
GMB,2008,0.19954023
GMB,2009,0.19970173
GMB,2010,0.22060432
GMB,2011,0.22348401
GMB,2012,0.2187892
GMB,2013,0.20202431
GMB,2014,0.23359863
GMB,2015,0.26188698
GEO,2008,1.3470051
GEO,2009,1.5656357
GEO,2010,1.5934676
GEO,2011,2.017339
GEO,2012,2.150046
GEO,2013,2.1035118
GEO,2014,2.3566766
GEO,2015,2.573125
DEU,2008,10.560956
DEU,2009,9.760277
DEU,2010,10.227274
DEU,2011,9.949727
DEU,2012,10.060882
DEU,2013,10.263162
DEU,2014,9.739702
DEU,2015,9.757169
GHA,2008,0.3432718
GHA,2009,0.2762383
GHA,2010,0.35103092
GHA,2011,0.39607257
GHA,2012,0.47296032
GHA,2013,0.46031678
GHA,2014,0.47260037
GHA,2015,0.50766945
GRC,2008,10.028135
GRC,2009,9.391356
GRC,2010,8.751199
GRC,2011,8.507209
GRC,2012,8.2720995
GRC,2013,7.4504666
GRC,2014,7.218808
GRC,2015,6.924253
GRL,2008,11.950515
GRL,2009,10.477824
GRL,2010,11.996327
GRL,2011,12.7711115
GRL,2012,10.2075815
GRL,2013,9.958307
GRL,2014,9.299808
GRL,2015,9.379675
GRD,2008,2.2464137
GRD,2009,2.2721765
GRD,2010,2.2981875
GRD,2011,2.2553725
GRD,2012,2.4038796
GRD,2013,2.6148832
GRD,2014,2.086414
GRD,2015,2.2682164
GTM,2008,0.78170294
GTM,2009,0.80489284
GTM,2010,0.7653512
GTM,2011,0.75968224
GTM,2012,0.7671916
GTM,2013,0.8326118
GTM,2014,0.88173324
GTM,2015,0.9987567
GIN,2008,0.20172808
GIN,2009,0.2080599
GIN,2010,0.23895442
GIN,2011,0.2434229
GIN,2012,0.22175397
GIN,2013,0.1885711
GIN,2014,0.18874218
GIN,2015,0.20831138
GNB,2008,0.1526605
GNB,2009,0.15362844
GNB,2010,0.15204775
GNB,2011,0.15038021
GNB,2012,0.14865223
GNB,2013,0.14474717
GNB,2014,0.14941144
GNB,2015,0.15587465
GUY,2008,2.2626426
GUY,2009,2.5381687
GUY,2010,2.5184383
GUY,2011,2.6271112
GUY,2012,2.6266217
GUY,2013,2.5403023
GUY,2014,2.614615
GUY,2015,2.6401892
HTI,2008,0.18473162
HTI,2009,0.19487943
HTI,2010,0.21797019
HTI,2011,0.22924055
HTI,2012,0.22484934
HTI,2013,0.26473814
HTI,2014,0.26073095
HTI,2015,0.25283608
HND,2008,1.0649376
HND,2009,0.9805253
HND,2010,0.95586073
HND,2011,1.0374361
HND,2012,1.0577388
HND,2013,1.0535051
HND,2014,1.0461332
HND,2015,1.1202378
HKG,2008,6.0949264
HKG,2009,5.885711
HKG,2010,5.6413817
HKG,2011,6.0408654
HKG,2012,5.9355235
HKG,2013,6.09924
HKG,2014,6.2151423
HKG,2015,5.755845
HUN,2008,5.7089324
HUN,2009,5.1450386
HUN,2010,5.2101455
HUN,2011,5.0424895
HUN,2012,4.7112994
HUN,2013,4.3973107
HUN,2014,4.4245744
HUN,2015,4.732791
ISL,2008,12.005537
ISL,2009,11.712428
ISL,2010,11.398572
ISL,2011,10.978066
ISL,2012,10.9041
ISL,2013,10.769268
ISL,2014,10.518921
ISL,2015,10.69966
IND,2008,1.2330484
IND,2009,1.3155314
IND,2010,1.348904
IND,2011,1.3992052
IND,2012,1.5060124
IND,2013,1.53963
IND,2014,1.6371113
IND,2015,1.6823632
IDN,2008,1.5228244
IDN,2009,1.6402516
IDN,2010,1.8099734
IDN,2011,2.007153
IDN,2012,2.0417776
IDN,2013,1.911473
IDN,2014,1.8846371
IDN,2015,2.0593996
IRN,2008,6.999154
IRN,2009,7.1073537
IRN,2010,7.252518
IRN,2011,7.3503413
IRN,2012,7.548398
IRN,2013,7.5836763
IRN,2014,7.9034915
IRN,2015,7.769499
IRQ,2008,3.242486
IRQ,2009,3.4870806
IRQ,2010,3.6571085
IRQ,2011,3.8225088
IRQ,2012,3.9643958
IRQ,2013,3.9978633
IRQ,2014,3.7488601
IRQ,2015,3.780206
IRL,2008,10.557018
IRL,2009,9.306052
IRL,2010,9.166667
IRL,2011,8.309483
IRL,2012,8.309358
IRL,2013,8.060853
IRL,2014,7.910754
IRL,2015,8.233071
ISR,2008,9.598166
ISR,2009,8.862073
ISR,2010,9.30753
ISR,2011,9.18144
ISR,2012,9.830044
ISR,2013,8.141993
ISR,2014,7.633407
ISR,2015,7.8156967
ITA,2008,8.027411
ITA,2009,7.07901
ITA,2010,7.2420187
ITA,2011,7.0218515
ITA,2012,6.6649795
ITA,2013,6.0915275
ITA,2014,5.759583
ITA,2015,5.963722
JAM,2008,3.9549122
JAM,2009,2.8987157
JAM,2010,2.793193
JAM,2011,2.990628
JAM,2012,2.8541121
JAM,2013,3.0507147
JAM,2014,2.755235
JAM,2015,2.854169
JPN,2008,9.614812
JPN,2009,9.075358
JPN,2010,9.476892
JPN,2011,9.873785
JPN,2012,10.208827
JPN,2013,10.297997
JPN,2014,9.913243
JPN,2015,9.610615
JOR,2008,2.9640014
JOR,2009,2.9875946
JOR,2010,2.825161
JOR,2011,2.8399117
JOR,2012,3.138811
JOR,2013,2.9803257
JOR,2014,2.9458227
JOR,2015,2.6768591
KAZ,2008,13.808822
KAZ,2009,13.510935
KAZ,2010,14.777339
KAZ,2011,14.003732
KAZ,2012,14.234585
KAZ,2013,14.533928
KAZ,2014,15.395447
KAZ,2015,15.409125
KEN,2008,0.26099798
KEN,2009,0.3054444
KEN,2010,0.2923937
KEN,2011,0.3145013
KEN,2012,0.2849444
KEN,2013,0.29915392
KEN,2014,0.31555018
KEN,2015,0.36099023
KIR,2008,0.45696744
KIR,2009,0.44733703
KIR,2010,0.5392349
KIR,2011,0.49665195
KIR,2012,0.45680496
KIR,2013,0.45056963
KIR,2014,0.50828004
KIR,2015,0.47044322
KWT,2008,31.787466
KWT,2009,31.736452
KWT,2010,30.87387
KWT,2011,28.079378
KWT,2012,30.655422
KWT,2013,24.036089
KWT,2014,20.85096
KWT,2015,24.646885
KGZ,2008,1.4002515
KGZ,2009,1.2429179
KGZ,2010,1.157307
KGZ,2011,1.3620738
KGZ,2012,1.7706759
KGZ,2013,1.6790264
KGZ,2014,1.735474
KGZ,2015,1.7102621
LAO,2008,0.34661734
LAO,2009,0.427364
LAO,2010,0.47433203
LAO,2011,0.49327895
LAO,2012,0.52124435
LAO,2013,0.6445184
LAO,2014,0.6638192
LAO,2015,1.3569137
LVA,2008,3.7645297
LVA,2009,3.4808807
LVA,2010,4.0777874
LVA,2011,3.7918744
LVA,2012,3.6958518
LVA,2013,3.6605759
LVA,2014,3.5966187
LVA,2015,3.671837
LBN,2008,3.5363455
LBN,2009,4.197982
LBN,2010,3.9665632
LBN,2011,3.976463
LBN,2012,4.2653027
LBN,2013,3.8589041
LBN,2014,3.7800622
LBN,2015,3.9760017
LSO,2008,1.0806352
LSO,2009,1.1190554
LSO,2010,1.1398052
LSO,2011,1.5208943
LSO,2012,1.5200906
LSO,2013,1.134918
LSO,2014,1.1889864
LSO,2015,1.0654539
LBR,2008,0.13891521
LBR,2009,0.13238099
LBR,2010,0.17474402
LBR,2011,0.19396007
LBR,2012,0.20923978
LBR,2013,0.1955743
LBR,2014,0.16070938
LBR,2015,0.149814
LBY,2008,7.970455
LBY,2009,8.108887
LBY,2010,9.102708
LBY,2011,8.440869
LBY,2012,9.969772
LBY,2013,8.143835
LBY,2014,10.634143
LBY,2015,9.590554
LIE,2008,6.190041
LIE,2009,5.7465234
LIE,2010,5.297743
LIE,2011,4.8706985
LIE,2012,5.060759
LIE,2013,5.213783
LIE,2014,4.3359685
LIE,2015,4.2692924
LTU,2008,4.6765285
LTU,2009,4.065658
LTU,2010,4.465954
LTU,2011,4.6196947
LTU,2012,4.712947
LTU,2013,4.4551187
LTU,2014,4.3927965
LTU,2015,4.50427
LUX,2008,22.841446
LUX,2009,21.327303
LUX,2010,22.062008
LUX,2011,21.398838
LUX,2012,20.466053
LUX,2013,19.018114
LUX,2014,17.64577
LUX,2015,16.408415
MAC,2008,2.1125169
MAC,2009,3.4406824
MAC,2010,2.193934
MAC,2011,2.246857
MAC,2012,1.9272689
MAC,2013,1.6522367
MAC,2014,2.1192448
MAC,2015,2.8443456
MDG,2008,0.08506841
MDG,2009,0.079192325
MDG,2010,0.08438057
MDG,2011,0.104018636
MDG,2012,0.116961986
MDG,2013,0.13243145
MDG,2014,0.12500143
MDG,2015,0.12779745
MWI,2008,0.07143269
MWI,2009,0.07038913
MWI,2010,0.06532224
MWI,2011,0.06918783
MWI,2012,0.0678639
MWI,2013,0.07090026
MWI,2014,0.06261509
MWI,2015,0.06338003
MYS,2008,6.9948015
MYS,2009,6.8309536
MYS,2010,6.956578
MYS,2011,6.976618
MYS,2012,7.1803646
MYS,2013,8.009178
MYS,2014,7.983081
MYS,2015,7.5541778
MDV,2008,2.5067673
MDV,2009,2.5353708
MDV,2010,2.5895715
MDV,2011,2.6375794
MDV,2012,2.8700333
MDV,2013,2.729141
MDV,2014,3.1801326
MDV,2015,2.9865496
MLI,2008,0.13095537
MLI,2009,0.12224777
MLI,2010,0.1309786
MLI,2011,0.13838126
MLI,2012,0.14369018
MLI,2013,0.15712792
MLI,2014,0.1740068
MLI,2015,0.18281509
MLT,2008,6.494972
MLT,2009,6.085418
MLT,2010,6.1969185
MLT,2011,6.1418824
MLT,2012,6.4434643
MLT,2013,5.670233
MLT,2014,5.5630226
MLT,2015,3.81896
MHL,2008,2.4638324
MHL,2009,2.534763
MHL,2010,2.6038222
MHL,2011,2.6813025
MHL,2012,2.6355612
MHL,2013,2.74641
MHL,2014,2.8685336
MHL,2015,2.9268773
MRT,2008,0.5762726
MRT,2009,0.6126734
MRT,2010,0.6173814
MRT,2011,0.6366998
MRT,2012,0.6763049
MRT,2013,0.5807892
MRT,2014,0.66685754
MRT,2015,0.7570643
MUS,2008,2.955038
MUS,2009,2.899167
MUS,2010,3.0506911
MUS,2011,3.045094
MUS,2012,3.0751846
MUS,2013,3.1503289
MUS,2014,3.2556133
MUS,2015,3.2577534
MEX,2008,4.2852488
MEX,2009,4.109774
MEX,2010,4.0168395
MEX,2011,4.1937428
MEX,2012,4.2928977
MEX,2013,4.1862445
MEX,2014,4.0409694
MEX,2015,3.9598958
FSM,2008,1.0089309
FSM,2009,1.3574393
FSM,2010,0.9538296
FSM,2011,1.0885223
FSM,2012,1.154465
FSM,2013,1.2537153
FSM,2014,1.2505466
FSM,2015,1.3142642
MDA,2008,1.3732977
MDA,2009,1.2248391
MDA,2010,1.3300976
MDA,2011,1.3901005
MDA,2012,1.3684151
MDA,2013,1.4372926
MDA,2014,1.4236383
MDA,2015,1.4546742
MNG,2008,4.5238576
MNG,2009,4.887341
MNG,2010,5.097577
MNG,2011,7.78377
MNG,2012,12.520236
MNG,2013,15.2453575
MNG,2014,10.17017
MNG,2015,7.821957
MNE,2008,4.1164374
MNE,2009,2.6591656
MNE,2010,3.8315809
MNE,2011,3.8047767
MNE,2012,3.4931095
MNE,2013,3.3966484
MNE,2014,3.336839
MNE,2015,3.563981
MSR,2008,10.134468
MSR,2009,9.238915
MSR,2010,12.165179
MSR,2011,7.560875
MSR,2012,8.358357
MSR,2013,9.977378
MSR,2014,10.053187
MSR,2015,11.711059
MAR,2008,1.6252557
MAR,2009,1.5878394
MAR,2010,1.6744752
MAR,2011,1.6670716
MAR,2012,1.7074836
MAR,2013,1.6753621
MAR,2014,1.6715474
MAR,2015,1.6902413
MOZ,2008,0.099909686
MOZ,2009,0.10892431
MOZ,2010,0.114549376
MOZ,2011,0.1313638
MOZ,2012,0.12539078
MOZ,2013,0.14285164
MOZ,2014,0.3149504
MOZ,2015,0.25352833
MMR,2008,0.2019404
MMR,2009,0.20976587
MMR,2010,0.26765433
MMR,2011,0.30598977
MMR,2012,0.23714139
MMR,2013,0.2531134
MMR,2014,0.31272367
MMR,2015,0.42841157
NAM,2008,1.3961102
NAM,2009,1.2822412
NAM,2010,1.3198515
NAM,2011,1.2962108
NAM,2012,1.4586134
NAM,2013,1.5937734
NAM,2014,1.6175429
NAM,2015,1.6560265
NRU,2008,4.3827753
NRU,2009,4.0139427
NRU,2010,4.3675375
NRU,2011,3.9841835
NRU,2012,4.2733016
NRU,2013,4.5195937
NRU,2014,4.765072
NRU,2015,5.008201
NPL,2008,0.12418611
NPL,2009,0.15196507
NPL,2010,0.17644328
NPL,2011,0.19007917
NPL,2012,0.19866604
NPL,2013,0.22536574
NPL,2014,0.27432898
NPL,2015,0.24815801
NLD,2008,10.586404
NLD,2009,10.2033415
NLD,2010,10.869137
NLD,2011,10.038631
NLD,2012,9.78854
NLD,2013,9.710435
NLD,2014,9.239077
NLD,2015,9.571471
NCL,2008,11.220158
NCL,2009,11.8005905
NCL,2010,13.982816
NCL,2011,13.860325
NCL,2012,13.641444
NCL,2013,14.341293
NCL,2014,17.811096
NCL,2015,17.222122
NZL,2008,8.80055
NZL,2009,8.04252
NZL,2010,8.005895
NZL,2011,7.817582
NZL,2012,8.146852
NZL,2013,7.911772
NZL,2014,7.834458
NZL,2015,7.759409
NIC,2008,0.78282505
NIC,2009,0.7858231
NIC,2010,0.778716
NIC,2011,0.8258908
NIC,2012,0.7709784
NIC,2013,0.7696396
NIC,2014,0.7821856
NIC,2015,0.88316536
NER,2008,0.051565558
NER,2009,0.059721623
NER,2010,0.07009444
NER,2011,0.07665749
NER,2012,0.10340919
NER,2013,0.11222313
NER,2014,0.1174162
NER,2015,0.110637695
NGA,2008,0.57359296
NGA,2009,0.495811
NGA,2010,0.6872951
NGA,2011,0.7538578
NGA,2012,0.64739245
NGA,2013,0.6774222
NGA,2014,0.69541776
NGA,2015,0.60748696
NIU,2008,4.059834
NIU,2009,2.0344253
NIU,2010,2.0515118
NIU,2011,4.1261263
NIU,2012,4.107623
NIU,2013,4.1030235
NIU,2014,6.133929
NIU,2015,4.0643373
PRK,2008,2.839918
PRK,2009,2.7197824
PRK,2010,2.6156864
PRK,2011,1.9058878
PRK,2012,1.853172
PRK,2013,1.4256659
PRK,2014,1.5633079
PRK,2015,1.2218184
MKD,2008,4.315397
MKD,2009,3.9971445
MKD,2010,3.9899936
MKD,2011,4.331203
MKD,2012,4.185801
MKD,2013,3.7199078
MKD,2014,3.6056025
MKD,2015,3.4117703
NOR,2008,9.369562
NOR,2009,8.922004
NOR,2010,9.331051
NOR,2011,9.034381
NOR,2012,8.813069
NOR,2013,8.762776
NOR,2014,8.751124
NOR,2015,8.766082
OMN,2008,17.966614
OMN,2009,16.492779
OMN,2010,18.55976
OMN,2011,18.529549
OMN,2012,17.684181
OMN,2013,17.024878
OMN,2014,16.467793
OMN,2015,16.151007
PAK,2008,0.8187327
PAK,2009,0.8001041
PAK,2010,0.7739536
PAK,2011,0.75977474
PAK,2012,0.7452712
PAK,2013,0.7194035
PAK,2014,0.7313629
PAK,2015,0.69303304
PLW,2008,10.782701
PLW,2009,10.561896
PLW,2010,11.339342
PLW,2011,11.945405
PLW,2012,12.562757
PLW,2013,12.856868
PLW,2014,12.393032
PLW,2015,11.533022
PSE,2008,0.5358631
PSE,2009,0.5326066
PSE,2010,0.50623924
PSE,2011,0.5456948
PSE,2012,0.5215265
PSE,2013,0.56463754
PSE,2014,0.6422122
PSE,2015,0.66447777
PAN,2008,2.0952137
PAN,2009,2.3736768
PAN,2010,2.5002084
PAN,2011,2.6947093
PAN,2012,2.5984104
PAN,2013,2.7483323
PAN,2014,2.7890878
PAN,2015,2.7243288
PNG,2008,0.77190316
PNG,2009,0.71081686
PNG,2010,0.61763316
PNG,2011,0.6741551
PNG,2012,0.5415041
PNG,2013,0.54582435
PNG,2014,0.7181638
PNG,2015,0.7232392
PRY,2008,0.76207286
PRY,2009,0.7990309
PRY,2010,0.8751857
PRY,2011,0.89407533
PRY,2012,0.87727255
PRY,2013,0.86455387
PRY,2014,0.89924145
PRY,2015,0.98245007
PER,2008,1.229102
PER,2009,1.3673215
PER,2010,1.4613583
PER,2011,1.4391533
PER,2012,1.5400378
PER,2013,1.4428873
PER,2014,1.6399467
PER,2015,1.6162759
PHL,2008,0.83041966
PHL,2009,0.80426896
PHL,2010,0.85738814
PHL,2011,0.8489687
PHL,2012,0.87964565
PHL,2013,0.93576264
PHL,2014,0.9712527
PHL,2015,1.0620904
POL,2008,8.673716
POL,2009,8.316444
POL,2010,8.773312
POL,2011,8.731046
POL,2012,8.52221
POL,2013,8.41436
POL,2014,8.090823
POL,2015,8.173148
PRT,2008,5.6805115
PRT,2009,5.4033084
PRT,2010,4.999665
PRT,2011,4.905115
PRT,2012,4.749465
PRT,2013,4.6036406
PRT,2014,4.607091
PRT,2015,5.0368085
QAT,2008,43.195133
QAT,2009,41.02871
QAT,2010,42.955685
QAT,2011,45.000114
QAT,2012,48.932896
QAT,2013,40.738976
QAT,2014,41.10104
QAT,2015,37.569683
ROU,2008,5.160895
ROU,2009,4.2633147
ROU,2010,4.1251655
ROU,2011,4.5479074
ROU,2012,4.4468846
ROU,2013,3.9175677
ROU,2014,3.960933
ROU,2015,3.9156427
RUS,2008,11.487681
RUS,2009,10.739165
RUS,2010,11.343935
RUS,2011,11.704149
RUS,2012,11.790535
RUS,2013,11.344335
RUS,2014,11.315866
RUS,2015,11.277285
RWA,2008,0.053835634
RWA,2009,0.055490613
RWA,2010,0.05630954
RWA,2011,0.060865965
RWA,2012,0.06634094
RWA,2013,0.07051753
RWA,2014,0.07301555
RWA,2015,0.08334886
SHN,2008,2.0759206
SHN,2009,2.0661654
SHN,2010,2.0538116
SHN,2011,2.0412257
SHN,2012,2.0250552
SHN,2013,2.0124497
SHN,2014,2.0010922
SHN,2015,1.988063
KNA,2008,4.6135263
KNA,2009,4.761381
KNA,2010,4.69032
KNA,2011,4.9201126
KNA,2012,4.6718802
KNA,2013,4.746114
KNA,2014,4.8996434
KNA,2015,4.977838
LCA,2008,2.517691
LCA,2009,2.501907
LCA,2010,2.8511117
LCA,2011,2.836293
LCA,2012,2.844671
LCA,2013,2.8106587
LCA,2014,2.7772717
LCA,2015,2.7440357
SPM,2008,10.877783
SPM,2009,10.893954
SPM,2010,10.906566
SPM,2011,10.926441
SPM,2012,10.957302
SPM,2013,10.993833
SPM,2014,11.02139
SPM,2015,11.045386
VCT,2008,1.9797201
VCT,2009,2.5195346
VCT,2010,1.9989816
VCT,2011,1.9766289
VCT,2012,2.122515
VCT,2013,2.0326195
VCT,2014,2.350574
VCT,2015,2.1920636
WSM,2008,0.84797865
WSM,2009,0.8799875
WSM,2010,0.94905066
WSM,2011,0.9784415
WSM,2012,0.9508796
WSM,2013,0.9793728
WSM,2014,1.0073432
WSM,2015,1.1257421
STP,2008,0.48485684
STP,2009,0.5149915
STP,2010,0.5642783
STP,2011,0.53283066
STP,2012,0.5801997
STP,2013,0.56907076
STP,2014,0.6516923
STP,2015,0.6768045
SAU,2008,20.169827
SAU,2009,20.822813
SAU,2010,22.099583
SAU,2011,20.707363
SAU,2012,22.396425
SAU,2013,20.823317
SAU,2014,20.193293
SAU,2015,20.850725
SEN,2008,0.39341936
SEN,2009,0.4261572
SEN,2010,0.54310757
SEN,2011,0.6033564
SEN,2012,0.5531069
SEN,2013,0.57273364
SEN,2014,0.616471
SEN,2015,0.6746515
SRB,2008,6.9460955
SRB,2009,6.1808696
SRB,2010,6.17864
SRB,2011,6.6473904
SRB,2012,5.9722056
SRB,2013,6.125342
SRB,2014,5.148325
SRB,2015,6.0994563
SYC,2008,4.4729753
SYC,2009,4.6952286
SYC,2010,4.667123
SYC,2011,4.1910534
SYC,2012,4.2688093
SYC,2013,4.054844
SYC,2014,4.3759494
SYC,2015,4.6463213
SLE,2008,0.08577698
SLE,2009,0.08289244
SLE,2010,0.08714396
SLE,2011,0.11128655
SLE,2012,0.1269605
SLE,2013,0.15607612
SLE,2014,0.16411416
SLE,2015,0.1541058
SGP,2008,8.363253
SGP,2009,8.211614
SGP,2010,8.745289
SGP,2011,9.069433
SGP,2012,8.70905
SGP,2013,8.726994
SGP,2014,8.721305
SGP,2015,8.940621
SVK,2008,7.7244925
SVK,2009,7.0193143
SVK,2010,7.133364
SVK,2011,7.048009
SVK,2012,6.653868
SVK,2013,6.5841923
SVK,2014,6.224691
SVK,2015,6.3701873
SVN,2008,9.025999
SVN,2009,7.960316
SVN,2010,8.050296
SVN,2011,7.98455
SVN,2012,7.67516
SVN,2013,7.356487
SVN,2014,6.5882893
SVN,2015,6.624193
SLB,2008,0.6049033
SLB,2009,0.6152041
SLB,2010,0.6187134
SLB,2011,0.62286216
SLB,2012,0.60681075
SLB,2013,0.62816495
SLB,2014,0.5345307
SLB,2015,0.4584133
SOM,2008,0.051521175
SOM,2009,0.04993076
SOM,2010,0.049902126
SOM,2011,0.049550284
SOM,2012,0.048809566
SOM,2013,0.048968736
SOM,2014,0.047243755
SOM,2015,0.045644198
ZAF,2008,9.678217
ZAF,2009,9.173338
ZAF,2010,8.845317
ZAF,2011,8.791509
ZAF,2012,8.533717
ZAF,2013,8.388016
ZAF,2014,8.489366
ZAF,2015,7.868855
KOR,2008,11.015084
KOR,2009,11.078404
KOR,2010,12.18674
KOR,2011,12.690266
KOR,2012,12.66025
KOR,2013,12.673574
KOR,2014,12.453072
KOR,2015,12.438773
SSD,2008,0.13588095
SSD,2009,0.13501413
SSD,2010,0.13029447
SSD,2011,0.12041715
SSD,2012,0.123652086
SSD,2013,0.12928356
SSD,2014,0.13338377
SSD,2015,0.17218961
ESP,2008,7.264811
ESP,2009,6.3578906
ESP,2010,6.0404696
ESP,2011,6.038563
ESP,2012,5.91389
ESP,2013,5.3764324
ESP,2014,5.4405007
ESP,2015,5.7994614
LKA,2008,0.58107865
LKA,2009,0.6236449
LKA,2010,0.6250745
LKA,2011,0.7085589
LKA,2012,0.7462685
LKA,2013,0.6793683
LKA,2014,0.8084487
LKA,2015,0.90600145
SDN,2008,0.4216827
SDN,2009,0.42827192
SDN,2010,0.4255264
SDN,2011,0.40705183
SDN,2012,0.4268148
SDN,2013,0.4598086
SDN,2014,0.33729354
SDN,2015,0.35594508
SUR,2008,3.5952737
SUR,2009,3.6622097
SUR,2010,4.3097258
SUR,2011,4.952637
SUR,2012,4.429262
SUR,2013,5.5311947
SUR,2014,5.5626698
SUR,2015,4.665062
SWE,2008,5.5170217
SWE,2009,5.080081
SWE,2010,5.6641645
SWE,2011,5.20788
SWE,2012,4.9069877
SWE,2013,4.708208
SWE,2014,4.4833674
SWE,2015,4.430657
CHE,2008,5.84927
CHE,2009,5.624884
CHE,2010,5.754605
CHE,2011,5.1769896
CHE,2012,5.2807736
CHE,2013,5.3356047
CHE,2014,4.7887564
CHE,2015,4.6739798
SYR,2008,3.1315336
SYR,2009,2.8651981
SYR,2010,2.7453432
SYR,2011,2.5716982
SYR,2012,2.014529
SYR,2013,1.571193
SYR,2014,1.5262684
SYR,2015,1.4725235
TWN,2008,11.560351
TWN,2009,10.923379
TWN,2010,11.656668
TWN,2011,11.892453
TWN,2012,11.70575
TWN,2013,11.725564
TWN,2014,11.799184
TWN,2015,11.741254
TJK,2008,0.394639
TJK,2009,0.3262881
TJK,2010,0.33146462
TJK,2011,0.29914382
TJK,2012,0.36603197
TJK,2013,0.35377717
TJK,2014,0.5459724
TJK,2015,0.6134175
TZA,2008,0.14067575
TZA,2009,0.13309541
TZA,2010,0.16073172
TZA,2011,0.18472102
TZA,2012,0.2195464
TZA,2013,0.23089927
TZA,2014,0.22016703
TZA,2015,0.24817964
THA,2008,3.3163161
THA,2009,3.3592572
THA,2010,3.5144494
THA,2011,3.548588
THA,2012,3.778261
THA,2013,3.7762628
THA,2014,3.880686
THA,2015,3.9282055
TGO,2008,0.23909889
TGO,2009,0.38701242
TGO,2010,0.38554198
TGO,2011,0.36202246
TGO,2012,0.31202778
TGO,2013,0.22545655
TGO,2014,0.20634416
TGO,2015,0.24315445
TON,2008,1.1296387
TON,2009,1.2302297
TON,2010,1.0915421
TON,2011,0.95359904
TON,2012,0.98864865
TON,2013,1.0606208
TON,2014,1.0652461
TON,2015,1.1049562
TTO,2008,32.406494
TTO,2009,32.22405
TTO,2010,33.975117
TTO,2011,33.737804
TTO,2012,32.893143
TTO,2013,32.437893
TTO,2014,32.99597
TTO,2015,31.877995
TUN,2008,2.4223216
TUN,2009,2.3871453
TUN,2010,2.6135852
TUN,2011,2.4284704
TUN,2012,2.5849094
TUN,2013,2.543048
TUN,2014,2.6336145
TUN,2015,2.7554202
TUR,2008,4.340581
TUR,2009,4.3664246
TUR,2010,4.310934
TUR,2011,4.6089926
TUR,2012,4.735645
TUR,2013,4.5460467
TUR,2014,4.664867
TUR,2015,4.8107657
TKM,2008,11.120307
TKM,2009,9.623303
TKM,2010,10.636286
TKM,2011,11.464075
TKM,2012,11.524162
TKM,2013,10.832781
TKM,2014,10.336854
TKM,2015,10.348311
TCA,2008,9.609792
TCA,2009,9.605369
TCA,2010,9.47947
TCA,2011,9.139229
TCA,2012,8.774819
TCA,2013,8.486771
TCA,2014,8.774297
TCA,2015,8.501856
TUV,2008,1.062645
TUV,2009,1.0490552
TUV,2010,1.0335684
TUV,2011,1.017401
TUV,2012,1.0029197
TUV,2013,0.996826
TUV,2014,0.99863726
TUV,2015,1.0007284
UGA,2008,0.09101687
UGA,2009,0.095379606
UGA,2010,0.11020472
UGA,2011,0.11464913
UGA,2012,0.10562778
UGA,2013,0.10624911
UGA,2014,0.11236722
UGA,2015,0.120580755
UKR,2008,6.9626055
UKR,2009,5.9539065
UKR,2010,6.3364425
UKR,2011,6.6592684
UKR,2012,6.587833
UKR,2013,6.449163
UKR,2014,5.604213
UKR,2015,4.8878026
ARE,2008,24.383879
ARE,2009,25.050198
ARE,2010,26.640587
ARE,2011,27.44286
ARE,2012,27.662909
ARE,2013,27.239424
ARE,2014,25.492605
ARE,2015,26.016518
GBR,2008,8.785364
GBR,2009,7.904937
GBR,2010,8.124633
GBR,2011,7.3959785
GBR,2012,7.62153
GBR,2013,7.4175463
GBR,2014,6.764833
GBR,2015,6.461413
USA,2008,19.395718
USA,2009,17.79321
USA,2010,18.259064
USA,2011,17.656881
USA,2012,16.852184
USA,2013,17.119564
USA,2014,17.110548
USA,2015,16.485851
URY,2008,2.483699
URY,2009,2.4007697
URY,2010,1.8977865
URY,2011,2.3002818
URY,2012,2.5759363
URY,2013,2.2385528
URY,2014,1.9904584
URY,2015,2.0006883
UZB,2008,4.6695514
UZB,2009,3.9094486
UZB,2010,3.79299
UZB,2011,4.050768
UZB,2012,4.061874
UZB,2013,3.777597
UZB,2014,3.5535707
UZB,2015,3.3722963
VUT,2008,0.37139282
VUT,2009,0.5195176
VUT,2010,0.5074856
VUT,2011,0.55678403
VUT,2012,0.47107792
VUT,2013,0.43191418
VUT,2014,0.60539645
VUT,2015,0.50943196
VEN,2008,5.543126
VEN,2009,5.3395667
VEN,2010,6.5705085
VEN,2011,5.770495
VEN,2012,5.945746
VEN,2013,6.63365
VEN,2014,5.8161206
VEN,2015,5.439271
VNM,2008,1.3419623
VNM,2009,1.4398954
VNM,2010,1.5958333
VNM,2011,1.7244623
VNM,2012,1.6118827
VNM,2013,1.6719978
VNM,2014,1.9630388
VNM,2015,2.2980309
WLF,2008,1.6039691
WLF,2009,2.1816018
WLF,2010,2.2226267
WLF,2011,1.981918
WLF,2012,2.0180974
WLF,2013,1.7588607
WLF,2014,1.7834023
WLF,2015,1.8041855
YEM,2008,0.97193205
YEM,2009,1.0327437
YEM,2010,0.96109116
YEM,2011,0.8162785
YEM,2012,0.71589214
YEM,2013,0.9265663
YEM,2014,0.8760497
YEM,2015,0.45188472
ZMB,2008,0.19606511
ZMB,2009,0.21795775
ZMB,2010,0.2234277
ZMB,2011,0.23357908
ZMB,2012,0.2793312
ZMB,2013,0.2867822
ZMB,2014,0.30679205
ZMB,2015,0.30885708
ZWE,2008,0.5957252
ZWE,2009,0.6277029
ZWE,2010,0.6554096
ZWE,2011,0.7622565
ZWE,2012,0.81443495
ZWE,2013,0.832848
ZWE,2014,0.84084177
ZWE,2015,0.834557
