iso3,year,population
AFG,2008,26482629
HUN,2008,10016655
HKG,2008,7020689
HND,2008,8012590
HTI,2008,9530783
GUY,2008,754615
GNB,2008,1488060
URY,2008,3302183
GIN,2008,9898870
GGY,2008,61255
GTM,2008,13935173
GUM,2008,165704
GLP,2008,408986
GRD,2008,110911
GRL,2008,56684
GRC,2008,11076873
UZB,2008,27494779
GIB,2008,30431
GHA,2008,24249946
DEU,2008,81110781
GEO,2008,3941193
GMB,2008,1817859
ISL,2008,317519
GAB,2008,1607182
IND,2008,1207930962
IDN,2008,240157901
LBR,2008,3821007
LSO,2008,1966547
LBN,2008,4925360
LVA,2008,2177711
LAO,2008,6148974
GBR,2008,62027303
KGZ,2008,5342531
KWT,2008,2651433
KIR,2008,104235
KEN,2008,39206349
KAZ,2008,16426527
JOR,2008,6989874
JPN,2008,128155991
USA,2008,304970328
JAM,2008,2725632
ITA,2008,59561686
ISR,2008,7082621
IMN,2008,82046
IRL,2008,4485992
IRQ,2008,28971042
IRN,2008,75514200
VIR,2008,106971
PYF,2008,268390
GUF,2008,226106
VUT,2008,226908
VNM,2008,85175789
CRI,2008,4440057
COK,2008,16003
COG,2008,4113514
COM,2008,629314
COL,2008,43758804
CHN,2008,1333821009
CHL,2008,16838987
TCD,2008,11476300
WLF,2008,13706
CAF,2008,4558988
CYM,2008,51175
CPV,2008,501363
CAN,2008,33449089
CMR,2008,18574054
KHM,2008,14053479
BDI,2008,8505644
BFA,2008,15258103
ESH,2008,380833
BGR,2008,7535590
BRN,2008,377800
CIV,2008,21514445
HRV,2008,4314634
CUB,2008,11291764
CYP,2008,1091028
FRA,2008,62780187
FIN,2008,5313381
FJI,2008,903403
FRO,2008,48528
FLK,2008,3244
ETH,2008,85543671
SWZ,2008,1098098
EST,2008,1337078
VAT,2008,648
ERI,2008,2816331
LBY,2008,6235433
GNQ,2008,1084538
EGY,2008,85864791
ECU,2008,14575202
TLS,2008,1032432
DOM,2008,9573136
DMA,2008,68864
VEN,2008,28053694
DJI,2008,892739
DNK,2008,5493766
COD,2008,64390658
CZE,2008,10378296
SLV,2008,6029301
LIE,2008,35466
LTU,2008,3198483
LUX,2008,488995
SAU,2008,23287883
STP,2008,173808
SMR,2008,29720
WSM,2008,190118
VCT,2008,111046
SPM,2008,6063
MAF,2008,35977
LCA,2008,168815
TUN,2008,10542637
KNA,2008,46857
SHN,2008,5295
BLM,2008,8627
RWA,2008,9804268
RUS,2008,143811835
ROU,2008,20718744
REU,2008,830496
QAT,2008,1426942
TUR,2008,71562344
PRI,2008,3749129
PRT,2008,10564085
POL,2008,37995902
TTO,2008,1372090
SEN,2008,12048962
SRB,2008,7454285
SYC,2008,92563
THA,2008,67619834
TZA,2008,42570728
TJK,2008,7338403
TWN,2008,23086237
SYR,2008,21636565
CHE,2008,7641729
SWE,2008,9219903
TKL,2008,1585
SUR,2008,537252
SDN,2008,33623981
PHL,2008,92699093
LKA,2008,20629377
SSD,2008,8817645
KOR,2008,48356486
ZAF,2008,51114595
SOM,2008,11663088
TON,2008,107036
SLB,2008,508802
SVN,2008,2025090
SVK,2008,5379125
SGP,2008,4806742
SLE,2008,5894728
ESP,2008,46235055
BRA,2008,190367297
PER,2008,28719038
PNG,2008,7183002
MNE,2008,632854
MNG,2008,2634431
UGA,2008,30539547
MCO,2008,31861
MDA,2008,3779501
FSM,2008,108947
MEX,2008,110374285
MYT,2008,196422
MUS,2008,1274634
MRT,2008,3183278
MTQ,2008,400698
UKR,2008,46819168
MHL,2008,52049
MLT,2008,418969
MLI,2008,14940785
MDV,2008,336178
MYS,2008,27570054
MWI,2008,13976416
MDG,2008,20923841
MAC,2008,535937
ARE,2008,6302669
MSR,2008,4700
MAR,2008,31606768
MOZ,2008,21819035
MMR,2008,48390791
PAN,2008,3500643
TKM,2008,5345034
PSE,2008,3829038
PLW,2008,19029
PAK,2008,189499114
OMN,2008,2626536
NOR,2008,4768099
MNP,2008,57164
MKD,2008,2070840
PRK,2008,24764620
PRY,2008,5613576
TCA,2008,27452
NGA,2008,157595017
NER,2008,15361920
NIC,2008,5576597
NZL,2008,4261819
NCL,2008,253832
NLD,2008,16597257
NPL,2008,26990038
TUV,2008,10344
NRU,2008,10032
NAM,2008,2047059
NIU,2008,1805
BWA,2008,1949972
JEY,2008,95195
TGO,2008,6368821
AUT,2008,8323250
BOL,2008,9850858
YEM,2008,25111939
BGD,2008,149474264
ARM,2008,2959996
ASM,2008,55848
BEN,2008,9228469
AUS,2008,21370595
BLR,2008,9529357
ATG,2008,82926
ALB,2008,2992933
BHR,2008,1120717
BRB,2008,272718
AGO,2008,21578655
BTN,2008,686359
BMU,2008,63319
ZMB,2008,13021327
BLZ,2008,304373
BHS,2008,358133
BEL,2008,10709710
AND,2008,83513
BIH,2008,3947546
DZA,2008,34816962
AIA,2008,12911
ZWE,2008,12959154
AZE,2008,8942637
ABW,2008,97815
ARG,2008,40424149
DJI,2009,911523
TLS,2009,1058784
VEN,2009,28438296
MDA,2009,3706211
BRB,2009,274137
RUS,2009,143869130
MYT,2009,201908
ROU,2009,20576923
DOM,2009,9695269
AGO,2009,22414774
GUM,2009,166188
BEN,2009,9509432
TUR,2009,72464845
PRI,2009,3735014
DMA,2009,68881
REU,2009,838473
GTM,2009,14215615
FSM,2009,107968
QAT,2009,1586052
GLP,2009,408998
YEM,2009,25927724
MEX,2009,111999721
MRT,2009,3284455
MUS,2009,1278977
WSM,2009,191530
HTI,2009,9689586
MLI,2009,15435537
CIV,2009,21997937
VCT,2009,110522
GUY,2009,752095
SPM,2009,6054
BMU,2009,63587
HRV,2009,4310537
MLT,2009,420800
UKR,2009,46623732
AND,2009,83908
CUB,2009,11294716
GNB,2009,1526384
LCA,2009,169880
MHL,2009,52038
CYP,2009,1109377
ZWE,2009,13142793
RWA,2009,10060440
COD,2009,66412040
GGY,2009,61390
BLM,2009,8821
PRT,2009,10576264
DNK,2009,5523168
SHN,2009,5320
CZE,2009,10420986
MTQ,2009,399526
GIN,2009,10143540
TUN,2009,10650682
KNA,2009,46941
AUS,2009,21783014
URY,2009,3310093
GRD,2009,111266
GRL,2009,56548
ABW,2009,99040
ARM,2009,2945518
OMN,2009,2684665
ATG,2009,84192
NAM,2009,2077400
NOR,2009,4828624
FLK,2009,3233
GEO,2009,3918936
TUV,2009,10478
MNP,2009,55345
NRU,2009,10041
FRO,2009,48512
GMB,2009,1871431
MKD,2009,2060601
NPL,2009,27173035
PRK,2009,24878338
NLD,2009,16684147
FJI,2009,907247
ARG,2009,40854832
NER,2009,15943673
NIC,2009,5656605
FRA,2009,63106461
BEL,2009,10812936
VUT,2009,232739
JEY,2009,96154
PYF,2009,269496
NZL,2009,4304304
FIN,2009,5338855
NCL,2009,257259
GAB,2009,1661566
TCA,2009,28609
NIU,2009,1801
NGA,2009,162049465
ETH,2009,88007639
PAK,2009,194376535
DEU,2009,80935275
MSR,2009,4759
GRC,2009,11108069
PRY,2009,5671245
SLV,2009,6048284
MNE,2009,632445
AIA,2009,13138
MAR,2009,32030779
PER,2009,28896818
EGY,2009,87501636
PHL,2009,94384256
MDV,2009,348282
POL,2009,38002154
MCO,2009,32388
ECU,2009,14825961
MNG,2009,2665331
UGA,2009,31451146
GNQ,2009,1135684
GIB,2009,30847
SWZ,2009,1105157
MMR,2009,48660458
PLW,2009,18733
BLR,2009,9507334
TKM,2009,5451596
GHA,2009,24862668
PNG,2009,7406442
EST,2009,1334528
PSE,2009,3921243
PAN,2009,3564383
MOZ,2009,22391752
ERI,2009,2887888
UZB,2009,27939333
VAT,2009,637
BLZ,2009,312618
CRI,2009,4499788
MAF,2009,36521
VNM,2009,86460023
KHM,2009,14276819
IMN,2009,82955
LKA,2009,20756435
LVA,2009,2142043
BOL,2009,10016280
CMR,2009,19113979
IRL,2009,4533750
BHR,2009,1183616
ESP,2009,46635182
AZE,2009,9046336
CAN,2009,33826369
LBN,2009,4992293
SSD,2009,9243558
IRQ,2009,30058207
KOR,2009,48546689
CPV,2009,506149
MYS,2009,28124780
IDN,2009,243220024
TON,2009,107219
LBY,2009,6366688
CAF,2009,4529051
SLB,2009,518150
WLF,2009,13436
LAO,2009,6241649
LBR,2009,3943036
IRN,2009,76457832
CYM,2009,52638
SOM,2009,11961204
ZMB,2009,13490394
ZAF,2009,51728518
LSO,2009,1980885
DZA,2009,35490443
SVN,2009,2035611
SDN,2009,34569115
TKL,2009,1597
TGO,2009,6551867
THA,2009,68121076
AFG,2009,27466101
BIH,2009,3879798
BWA,2009,1990671
JOR,2009,7141763
BHS,2009,362807
TZA,2009,43633977
JPN,2009,128192471
BRA,2009,192079956
KAZ,2009,16619850
KEN,2009,40408887
TJK,2009,7490233
BRN,2009,384964
JAM,2009,2737001
USA,2009,308023451
TWN,2009,23164354
GBR,2009,62506221
BDI,2009,8947653
ALB,2009,2961487
SUR,2009,543580
ISR,2009,7206096
SWE,2009,9298738
KGZ,2009,5398013
BFA,2009,15710065
CHE,2009,7737642
ITA,2009,59904016
SYR,2009,21976971
BGR,2009,7488018
ESH,2009,394961
KIR,2009,106479
KWT,2009,2795490
TCD,2009,11893752
GUF,2009,230715
LIE,2009,35739
BTN,2009,693995
CHN,2009,1342522709
LUX,2009,498195
SLE,2009,6055655
SYC,2009,93644
COL,2009,44271541
AUT,2009,8345072
HUN,2009,10001382
MAC,2009,549491
COM,2009,641947
SEN,2009,12337391
ASM,2009,55541
MDG,2009,21547277
SAU,2009,24217654
COG,2009,4281219
HKG,2009,7064465
BGD,2009,150873716
TTO,2009,1379056
MWI,2009,14395788
STP,2009,177867
COK,2009,16497
HND,2009,8189904
SMR,2009,30113
ISL,2009,318619
SGP,2009,4968573
SRB,2009,7425346
IND,2009,1225524760
VIR,2009,106766
LTU,2009,3163258
SVK,2009,5385074
CHL,2009,17009728
ARE,2009,6707063
IND,2010,1243481564
GNB,2010,1566350
NPL,2010,27341955
MEX,2010,113623897
ZMB,2010,13965592
MDG,2010,22183343
HKG,2010,7101612
GMB,2010,1926635
IDN,2010,246305326
NRU,2010,10067
GLP,2010,408815
MLT,2010,422652
KIR,2010,108717
MYT,2010,207438
NAM,2010,2109813
ITA,2010,60164212
NIC,2010,5737451
LBY,2010,6497838
GEO,2010,3895933
USA,2010,311062786
GBR,2010,63006484
LSO,2010,1996257
KEN,2010,41598570
UKR,2010,46456002
MYS,2010,28655771
BHS,2010,367482
BIH,2010,3811480
HTI,2010,9803299
ARG,2010,41288694
NZL,2010,4347767
BGD,2010,152201977
LIE,2010,36021
MDV,2010,360801
JOR,2010,7297045
JAM,2010,2748573
HND,2010,8365882
PYF,2010,270589
MWI,2010,14826466
MLI,2010,15945201
NCL,2010,261580
BRB,2010,275250
GUY,2010,749258
KAZ,2010,16836809
ARE,2010,6938372
GAB,2010,1719883
NLD,2010,16771232
JPN,2010,128185273
KWT,2010,2943372
ISR,2010,7336737
MMR,2010,49024376
IRL,2010,4559083
MSR,2010,4819
LUX,2010,507418
MTQ,2010,397389
VIR,2010,106325
GRC,2010,11124665
MNE,2010,632090
GGY,2010,61539
MDA,2010,3631993
GRD,2010,111601
LBN,2010,5041290
MNG,2010,2701738
LTU,2010,3097719
IRQ,2010,31045365
GTM,2010,14500117
URY,2010,3318582
BHR,2010,1213250
MRT,2010,3390967
GRL,2010,56634
ISL,2010,318163
IRN,2010,77420852
LVA,2010,2097834
TUV,2010,10635
MAR,2010,32467008
AUT,2010,8365087
MUS,2010,1282710
BLR,2010,9490752
AUS,2010,22141583
DEU,2010,80830917
FSM,2010,107558
UGA,2010,32390800
ARM,2010,2931083
MHL,2010,52065
UZB,2010,28385508
MAC,2010,562810
ABW,2010,100127
KGZ,2010,5491763
GUM,2010,166533
GIN,2010,10396091
IMN,2010,83883
GHA,2010,25475001
MOZ,2010,22999235
HUN,2010,9979129
LAO,2010,6334198
AZE,2010,9146852
LBR,2010,4058897
GIB,2010,31271
MCO,2010,33187
ETH,2010,90538520
HRV,2010,4301152
CIV,2010,22488068
BMU,2010,63748
VCT,2010,109976
WSM,2010,193035
CRI,2010,4555965
SMR,2010,30648
TTO,2010,1386657
COK,2010,16999
ZWE,2010,13356552
VNM,2010,87455150
COG,2010,4462303
SAU,2010,25157135
ASM,2010,55245
COM,2010,654845
SEN,2010,12635418
SRB,2010,7395872
COL,2010,44777325
SYC,2010,94993
STP,2010,181811
CHN,2010,1351561511
SPM,2010,6047
MAF,2010,36875
BEN,2010,9797488
REU,2010,844480
DJI,2010,930251
ROU,2010,20432576
RUS,2010,143934468
DNK,2010,5547866
VEN,2010,28813101
RWA,2010,10317559
GUF,2010,234577
COD,2010,68563037
TUN,2010,10765982
CZE,2010,10464035
SHN,2010,5352
KNA,2010,46871
CYP,2010,1127825
AND,2010,80726
LCA,2010,170920
CUB,2010,11297413
BLM,2010,8989
SLE,2010,6222715
SGP,2010,5077019
CHL,2010,17181462
SDN,2010,35414403
BDI,2010,9376447
SUR,2010,549932
BFA,2010,16176504
SWE,2010,9378234
CHE,2010,7825751
BGR,2010,7437594
SYR,2010,22482418
ALB,2010,2928730
TWN,2010,23224047
ESH,2010,409722
TJK,2010,7652144
BRA,2010,193701931
AFG,2010,28284088
TZA,2010,44758489
TGO,2010,6732595
BWA,2010,2033110
THA,2010,68579442
BRN,2010,392340
BOL,2010,10182345
KHM,2010,14500732
TKL,2010,1610
BTN,2010,701639
SVK,2010,5391857
TON,2010,107415
TCD,2010,12312582
SVN,2010,2044612
DZA,2010,36188236
CAF,2010,4493001
SLB,2010,532977
CYM,2010,54119
WLF,2010,13188
SOM,2010,12261762
ZAF,2010,52344045
CPV,2010,509794
KOR,2010,48769330
SSD,2010,9745954
CAN,2010,34196901
ESP,2010,46840470
CMR,2010,19668064
LKA,2010,20879090
DMA,2010,68872
AGO,2010,23294821
JEY,2010,97121
AIA,2010,13372
EST,2010,1331450
BEL,2010,10936620
PNG,2010,7633523
FLK,2010,3218
PSE,2010,4016915
PHL,2010,96337126
EGY,2010,89196070
ATG,2010,85337
PER,2010,29086021
NIU,2010,1786
ECU,2010,15076695
ERI,2010,2945185
SLV,2010,6068252
PRY,2010,5737974
PAK,2010,199239047
MNP,2010,54108
BLZ,2010,320256
PRK,2010,24987258
PAN,2010,3628537
MKD,2010,2051510
VAT,2010,629
FRO,2010,48189
FJI,2010,910426
POL,2010,38095356
VUT,2010,238257
PLW,2010,18418
SWZ,2010,1111650
QAT,2010,1709240
DOM,2010,9820181
NER,2010,16548832
YEM,2010,26754384
TKM,2010,5564355
PRI,2010,3714835
NOR,2010,4889160
FRA,2010,63417366
TCA,2010,29762
TLS,2010,1084687
GNQ,2010,1189096
PRT,2010,10578659
TUR,2010,73346766
NGA,2010,166642887
FIN,2010,5363347
OMN,2010,2757451
ARE,2011,7199437
TKL,2011,1625
ESP,2011,46998040
NOR,2011,4952968
ATG,2011,86349
SVN,2011,2048805
LVA,2011,2059940
LSO,2011,2014015
SSD,2011,10288111
TKM,2011,5683413
ZAF,2011,52995210
MMR,2011,49419824
SOM,2011,12348829
MNP,2011,53632
LBN,2011,5096018
OMN,2011,3076761
NAM,2011,2146330
LBR,2011,4221178
SLB,2011,552957
KOR,2011,49127641
ABW,2011,100994
ALB,2011,2911500
GBR,2011,63509285
TWN,2011,23273078
KEN,2011,42758466
ARG,2011,41730655
AFG,2011,29347709
TJK,2011,7824785
NCL,2011,266547
KAZ,2011,17065997
NZL,2011,4382702
TZA,2011,46029372
JOR,2011,7480430
NER,2011,17176286
TCA,2011,30870
THA,2011,69007211
TGO,2011,6916477
MKD,2011,2040442
SYR,2011,22878103
KIR,2011,110661
LAO,2011,6426595
LKA,2011,21009054
NRU,2011,10116
PRK,2011,25097878
AZE,2011,9256154
KGZ,2011,5594537
CHE,2011,7914378
NPL,2011,27464499
NIU,2011,1776
SUR,2011,556279
KWT,2011,3132816
NGA,2011,171379601
SWE,2011,9449262
NLD,2011,16851061
SDN,2011,36140807
LBY,2011,6343210
AUT,2011,8393272
PAK,2011,203746069
TUR,2011,74215200
SHN,2011,5385
MCO,2011,33968
KNA,2011,46916
PHL,2011,98248616
MHL,2011,51927
MTQ,2011,394577
AND,2011,77801
PER,2011,29304083
MLT,2011,424634
MAF,2011,37094
MNG,2011,2745182
AUS,2011,22479778
PRY,2011,5814634
LCA,2011,171813
ZMB,2011,14437795
BLM,2011,9112
POL,2011,38208644
UGA,2011,33354540
MEX,2011,115243504
AGO,2011,24218358
FSM,2011,107713
REU,2011,846788
MYT,2011,212995
PRI,2011,3683711
MUS,2011,1286271
ROU,2011,20282008
PRT,2011,10557049
RUS,2011,144043751
MRT,2011,3502814
RWA,2011,10573742
MDA,2011,3557278
TUN,2011,10886041
SPM,2011,6036
MLI,2011,16469051
UKR,2011,46307852
MDV,2011,373682
PSE,2011,4115912
SRB,2011,7364857
ZWE,2011,13595422
LUX,2011,518583
SYC,2011,97041
PLW,2011,18097
SLE,2011,6387259
QAT,2011,1810958
MOZ,2011,23649044
LTU,2011,3028642
SGP,2011,5182242
TUV,2011,10804
TON,2011,107584
SVK,2011,5398104
LIE,2011,36295
SEN,2011,12958902
DZA,2011,36903375
ARM,2011,2923267
MAR,2011,32912586
MNE,2011,632691
VCT,2011,109366
PNG,2011,7859350
WSM,2011,194726
MYS,2011,29162033
TTO,2011,1394990
MWI,2011,15265026
MSR,2011,4846
SMR,2011,32194
AIA,2011,13593
PAN,2011,3693508
MDG,2011,22822305
STP,2011,185665
ASM,2011,54917
SAU,2011,26105636
MAC,2011,575645
NIC,2011,5819054
BIH,2011,3741800
GAB,2011,1781986
GUY,2011,746158
CMR,2011,20232312
HRV,2011,4280827
DMA,2011,69072
GRC,2011,11108841
BHR,2011,1206734
IRN,2011,78383602
GUF,2011,239525
CHL,2011,17351811
KHM,2011,14722587
YEM,2011,27582901
DOM,2011,9945622
FRA,2011,63733777
CIV,2011,22982002
BDI,2011,9717980
BOL,2011,10348932
IRQ,2011,32161425
BMU,2011,63751
DEU,2011,80857877
GNB,2011,1608084
FIN,2011,5388236
TLS,2011,1110212
BFA,2011,16661907
IRL,2011,4579604
CHN,2011,1360250657
IDN,2011,249470029
PYF,2011,271732
DJI,2011,948566
BEN,2011,10093626
CYM,2011,55630
HND,2011,8540587
HKG,2011,7142969
GEO,2011,3868723
BLR,2011,9472737
CYP,2011,1146492
CAF,2011,4565022
CZE,2011,10495508
CPV,2011,511453
VIR,2011,105398
HUN,2011,9946675
GMB,2011,1983784
FJI,2011,912991
GHA,2011,26095090
VEN,2011,29185219
ISL,2011,319140
COD,2011,70849311
BTN,2011,709387
GIB,2011,31684
TCD,2011,12755003
CAN,2011,34555450
HTI,2011,9914904
IND,2011,1261224952
BGD,2011,153591075
DNK,2011,5570846
CUB,2011,11301577
WLF,2011,12941
BEL,2011,11038627
UZB,2011,28823194
GGY,2011,61699
GNQ,2011,1241843
GTM,2011,14792122
BLZ,2011,327307
BRN,2011,399395
JPN,2011,128096431
FLK,2011,3205
VAT,2011,624
BHS,2011,371738
ITA,2011,60367882
COL,2011,45259614
COK,2011,17478
BRB,2011,276149
SWZ,2011,1117845
GLP,2011,409063
URY,2011,3326829
ESH,2011,425092
ETH,2011,93149977
COM,2011,668064
JAM,2011,2760492
SLV,2011,6090128
JEY,2011,98039
ISR,2011,7471021
BRA,2011,195284736
ECU,2011,15326231
EST,2011,1327366
CRI,2011,4609834
GIN,2011,10656812
EGY,2011,91093068
IMN,2011,84397
FRO,2011,47957
ERI,2011,2998493
VNM,2011,88468314
COG,2011,4609728
USA,2011,314105078
BGR,2011,7380021
VUT,2011,243484
BWA,2011,2073537
GUM,2011,166554
GRD,2011,112095
GRL,2011,56853
CUB,2012,11303173
MAR,2012,33355247
MOZ,2012,24337849
CYP,2012,1165402
MEX,2012,116818209
TUV,2012,10960
GHA,2012,26734272
ABW,2012,101774
KNA,2012,47056
STP,2012,189452
URY,2012,3335405
DEU,2012,80916393
MCO,2012,34738
HRV,2012,4259234
GIB,2012,32054
GRL,2012,56797
TTO,2012,1403815
ZMB,2012,14913632
WSM,2012,196517
BMU,2012,63665
MNG,2012,2795463
MDA,2012,3482629
BRB,2012,276947
CIV,2012,23467082
GRD,2012,112791
GRC,2012,11048294
COK,2012,17689
SMR,2012,33494
SPM,2012,6019
MNE,2012,633549
FSM,2012,107908
MAF,2012,37298
YEM,2012,28433654
CRI,2012,4663932
MSR,2012,4822
LCA,2012,172595
GLP,2012,409153
ARM,2012,2922528
ASM,2012,54505
VCT,2012,108754
JEY,2012,98926
MMR,2012,49837450
TUR,2012,75197195
VUT,2012,248893
VAT,2012,612
PHL,2012,100175512
MKD,2012,2027288
BEL,2012,11107524
FRO,2012,48112
ATG,2012,87275
ECU,2012,15572194
PRK,2012,25211737
POL,2012,38247868
TLS,2012,1134888
NIU,2012,1784
FJI,2012,914919
PRT,2012,10513154
FLK,2012,3223
NGA,2012,176200628
MNP,2012,53252
EGY,2012,93161001
AIA,2012,13401
PLW,2012,17791
EST,2012,1322616
PAN,2012,3759260
GNQ,2012,1293484
PAK,2012,207667129
SWZ,2012,1123869
PNG,2012,8081396
SLV,2012,6113976
OMN,2012,3547106
BLZ,2012,334420
ETH,2012,95798770
PRY,2012,5897011
TKM,2012,5808547
NOR,2012,5018456
PER,2012,29550366
FIN,2012,5413978
DOM,2012,10070410
PRI,2012,3646422
GAB,2012,1846893
TUN,2012,11009650
COD,2012,73254623
NPL,2012,27534917
RWA,2012,10829904
BLM,2012,9227
NRU,2012,10289
BLR,2012,9463075
GMB,2012,2043099
CZE,2012,10507338
NAM,2012,2194657
UZB,2012,29261908
GEO,2012,3839208
VEN,2012,29553828
SHN,2012,5428
PSE,2012,4215318
RUS,2012,144291024
NLD,2012,16915191
BEN,2012,10397662
AGO,2012,25177399
NER,2012,17836770
FRA,2012,64058465
QAT,2012,1907121
NIC,2012,5901290
GUF,2012,245784
DMA,2012,69134
AND,2012,76858
TCA,2012,32152
NZL,2012,4411682
DJI,2012,966753
PYF,2012,273093
ROU,2012,20158452
NCL,2012,271640
ARG,2012,42161718
DNK,2012,5591912
REU,2012,845062
COG,2012,4740456
UGA,2012,34337433
SSD,2012,10756244
TKL,2012,1681
ALB,2012,2910003
CMR,2012,20809531
ESP,2012,47018321
LBY,2012,6179328
BHR,2012,1216308
IDN,2012,252698526
LBR,2012,4373045
KHM,2012,14945090
LKA,2012,21169461
ARE,2012,7497124
LSO,2012,2034363
IRN,2012,79370583
BDI,2012,10071034
SDN,2012,36923176
IND,2012,1278674506
LBN,2012,5235744
LIE,2012,36620
WLF,2012,12709
MDG,2012,23462444
VIR,2012,104307
HKG,2012,7201060
SOM,2012,12461164
ZWE,2012,13817886
MAC,2012,587451
CPV,2012,511966
HUN,2012,9916620
ZAF,2012,53782569
LUX,2012,530952
KOR,2012,49599579
ISL,2012,320847
LTU,2012,2988334
CAN,2012,34922512
AUT,2012,8431598
MYT,2012,219008
CYM,2012,57153
IRQ,2012,33654841
BFA,2012,17172283
TGO,2012,7100743
BRA,2012,196876114
KEN,2012,43888306
TJK,2012,8014087
JAM,2012,2772431
GBR,2012,63960487
KAZ,2012,17306114
BHS,2012,375474
BWA,2012,2108614
TZA,2012,47374259
JOR,2012,7587134
JPN,2012,127928283
ESH,2012,441033
BIH,2012,3670108
THA,2012,69436091
ITA,2012,60531522
SUR,2012,562640
KIR,2012,112293
BRN,2012,405566
LVA,2012,2034639
IRL,2012,4600137
BOL,2012,10515813
SWE,2012,9519479
LAO,2012,6518981
USA,2012,317115348
IMN,2012,84353
AZE,2012,9376181
BGR,2012,7317021
CHE,2012,7998927
KGZ,2012,5696519
SYR,2012,22759763
KWT,2012,3337025
ISR,2012,7607784
AFG,2012,30560036
TWN,2012,23345962
SLB,2012,573622
ERI,2012,3036999
VNM,2012,89510357
MLT,2012,426616
SGP,2012,5293344
UKR,2012,46210051
SEN,2012,13310499
GNB,2012,1651425
MRT,2012,3619035
MDV,2012,386822
SVK,2012,5404877
BTN,2012,717288
TCD,2012,13211007
AUS,2012,22852649
DZA,2012,37646164
GUY,2012,746297
CHL,2012,17519114
MLI,2012,16957039
GGY,2012,61881
BGD,2012,155070111
SRB,2012,7324624
COL,2012,45715807
GTM,2012,15089639
MTQ,2012,391741
CHN,2012,1369520865
CAF,2012,4610848
MYS,2012,29662835
SAU,2012,27062447
GUM,2012,166347
SVN,2012,2053321
SYC,2012,99565
GIN,2012,10921581
MWI,2012,15709576
HTI,2012,10069769
HND,2012,8715080
MUS,2012,1289174
TON,2012,107476
SLE,2012,6551077
MHL,2012,51438
COM,2012,681637
VNM,2013,90573104
BGR,2013,7264606
VAT,2013,598
ASM,2013,54026
SYC,2013,102108
BLZ,2013,341633
SYR,2013,21666920
AFG,2013,31622708
CHE,2013,8091197
ECU,2013,15807130
CHN,2013,1379008046
PHL,2013,102076337
WSM,2013,198282
TGO,2013,7285448
CYM,2013,58678
TUR,2013,76403032
BRN,2013,411206
PSE,2013,4315264
AIA,2013,13272
THA,2013,69845115
BIH,2013,3610858
SAU,2013,28026826
GNQ,2013,1346220
COM,2013,696202
PAN,2013,3825332
TZA,2013,48824134
COG,2013,4857106
BMU,2013,63594
BWA,2013,2140687
SRB,2013,7276184
PNG,2013,8302700
TJK,2013,8216734
SEN,2013,13710857
COL,2013,46151584
BRA,2013,198478291
ESH,2013,457437
SMR,2013,33641
PRY,2013,5982446
POL,2013,38259266
TWN,2013,23416869
EGY,2013,95333551
COK,2013,17626
PER,2013,29817909
SLV,2013,6138845
TLS,2013,1158695
SUR,2013,569025
TON,2013,107092
SSD,2013,11166276
TCD,2013,13691081
LCA,2013,173380
SVK,2013,5410422
RUS,2013,144604102
ALB,2013,2907570
COD,2013,75789395
TKL,2013,1749
KOR,2013,50071168
RWA,2013,11093340
BEN,2013,10708831
CZE,2013,10511164
CAN,2013,35293420
CUB,2013,11298163
ZAF,2013,54678790
VEN,2013,29912196
BLM,2013,9343
KNA,2013,47092
AND,2013,75220
CAF,2013,4642424
SOM,2013,12869599
SVN,2013,2056452
BTN,2013,725283
CPV,2013,512232
SHN,2013,5462
CYP,2013,1183899
SLB,2013,594952
HRV,2013,4242404
DNK,2013,5615334
TUN,2013,11141365
ROU,2013,20062914
BOL,2013,10682612
CRI,2013,4716153
SLE,2013,6714057
ZWE,2013,14013810
PRT,2013,10458286
AGO,2013,26165616
VCT,2013,108156
DOM,2013,10193837
BFA,2013,17695412
DZA,2013,38414176
PRI,2013,3606771
SDN,2013,37785854
CHL,2013,17687006
SWE,2013,9600621
BDI,2013,10439345
TTO,2013,1412658
SPM,2013,5999
QAT,2013,2032650
LKA,2013,21358829
SGP,2013,5385589
KHM,2013,15170212
DJI,2013,984832
WLF,2013,12499
ESP,2013,46860393
REU,2013,847599
CIV,2013,23939775
MAF,2013,37436
CMR,2013,21402379
DMA,2013,69733
STP,2013,193157
LBY,2013,6304636
GUF,2013,253249
LBR,2013,4470245
UZB,2013,29724066
GRD,2013,113498
GAB,2013,1913061
NPL,2013,27589997
MWI,2013,16161817
LSO,2013,2056508
FSM,2013,108133
ARG,2013,42582454
BLR,2013,9464454
NLD,2013,16967065
UKR,2013,46126762
IRN,2013,80414688
URY,2013,3345335
MDA,2013,3408741
GLP,2013,408367
PYF,2013,274737
NCL,2013,276832
TCA,2013,33675
LBN,2013,5743440
MEX,2013,118343571
IRQ,2013,35281987
NZL,2013,4453859
HTI,2013,10222365
MYT,2013,226641
LVA,2013,2013004
USA,2013,320110753
NIC,2013,5983850
IRL,2013,4624687
GUM,2013,165978
ARE,2013,7831852
LAO,2013,6611385
ZMB,2013,15399000
VIR,2013,103168
LUX,2013,543359
HKG,2013,7264330
MAC,2013,598752
HUN,2013,9889344
ARM,2013,2922528
MNG,2013,2851887
GIB,2013,32429
GRC,2013,10967535
MSR,2013,4774
LTU,2013,2958359
TUV,2013,11027
ISL,2013,323891
MAR,2013,33787573
BRB,2013,277670
IDN,2013,255852466
MDG,2013,24109290
LIE,2013,36930
MOZ,2013,25051613
IND,2013,1295829506
DEU,2013,81041580
MCO,2013,35475
AUT,2013,8481411
MMR,2013,50262658
GRL,2013,56532
GEO,2013,3809128
NAM,2013,2252506
BHR,2013,1257206
HND,2013,8889277
GMB,2013,2103826
NRU,2013,10539
GHA,2013,27386192
MYS,2013,30174269
MNE,2013,633203
NER,2013,18519898
ITA,2013,60653865
FLK,2013,3291
MLI,2013,17459621
FRA,2013,64387736
TKM,2013,5939347
BEL,2013,11160277
VUT,2013,254495
KEN,2013,44986794
BHS,2013,378957
NOR,2013,5080125
ETH,2013,98438750
JAM,2013,2783689
OMN,2013,3833915
MTQ,2013,389469
GTM,2013,15387341
GNB,2013,1695978
MLT,2013,428457
GGY,2013,62044
SWZ,2013,1129999
GBR,2013,64389386
PAK,2013,211073979
JOR,2013,7991812
JPN,2013,127723641
YEM,2013,29312956
BGD,2013,156532135
EST,2013,1317921
MHL,2013,50696
PLW,2013,17669
JEY,2013,99757
GIN,2013,11191874
KAZ,2013,17556502
KIR,2013,113847
MNP,2013,52775
GUY,2013,750021
ERI,2013,3074366
ABW,2013,102570
FIN,2013,5439058
UGA,2013,35337050
KGZ,2013,5797296
NGA,2013,181049443
IMN,2013,84158
AUS,2013,23236271
FJI,2013,916358
MKD,2013,2013280
NIU,2013,1786
AZE,2013,9504417
MDV,2013,400079
MUS,2013,1290989
PRK,2013,25329455
FRO,2013,48296
ATG,2013,88074
MRT,2013,3734324
ISR,2013,7749369
KWT,2013,3507754
HND,2014,9063127
MAC,2014,610308
HKG,2014,7319503
SLB,2014,616915
TCD,2014,14188681
MWI,2014,16621535
SOM,2014,13339498
BGD,2014,157964931
MYS,2014,30696133
SGP,2014,5457899
CPV,2014,512334
CYM,2014,60179
MLT,2014,434494
CAF,2014,4623188
GUY,2014,754230
BTN,2014,733151
MLI,2014,18020267
HTI,2014,10373241
SVK,2014,5415237
GNB,2014,1741125
AUS,2014,23595599
MDG,2014,24764357
SVN,2014,2058396
VIR,2014,102012
UKR,2014,45972378
MDV,2014,413623
SLE,2014,6876384
ERI,2014,3095169
ESP,2014,46720186
LUX,2014,556285
SWE,2014,9696437
AFG,2014,32792527
BGR,2014,7223451
IRL,2014,4658237
KGZ,2014,5898324
CHE,2014,8190238
TGO,2014,7472458
IMN,2014,83913
BOL,2014,10848889
BRN,2014,416754
KWT,2014,3665769
SYR,2014,20273662
AZE,2014,9631136
ISR,2014,7897173
KIR,2014,115338
BHS,2014,382311
TWN,2014,23472810
THA,2014,70216362
JEY,2014,100582
GBR,2014,64865914
BIH,2014,3564831
JPN,2014,127486600
TZA,2014,50351505
LAO,2014,6703170
JOR,2014,8791715
BWA,2014,2172052
KAZ,2014,17816285
TJK,2014,8425558
KEN,2014,46051441
BRA,2014,200085126
ITA,2014,60664169
JAM,2014,2793756
ESH,2014,472590
LVA,2014,1994153
ARE,2014,8236880
ZAF,2014,55594838
TKL,2014,1748
ALB,2014,2903748
CAN,2014,35634265
HUN,2014,9862843
YEM,2014,30226310
LTU,2014,2933172
KOR,2014,50539055
ISL,2014,327516
BHR,2014,1312858
LIE,2014,37191
SSD,2014,11235071
IND,2014,1312277184
CMR,2014,22059894
ZWE,2014,14207367
LBY,2014,6427260
AUT,2014,8547812
IRQ,2014,36550059
BFA,2014,18229466
LBN,2014,6346993
SDN,2014,38823324
USA,2014,323115378
IRN,2014,81502045
SUR,2014,575382
BDI,2014,10799790
LKA,2014,21547455
LSO,2014,2080091
IDN,2014,258877397
KHM,2014,15396771
LBR,2014,4564301
CHL,2014,17864191
WLF,2014,12327
VNM,2014,91679583
GUM,2014,165493
DZA,2014,39205035
TUN,2014,11274295
REU,2014,858677
NZL,2014,4522977
DJI,2014,1002720
GUF,2014,260562
QAT,2014,2218377
BLR,2014,9472704
NIC,2014,6066491
DMA,2014,70385
PRI,2014,3565368
NER,2014,19215917
FIN,2014,5461686
FJI,2014,917589
DOM,2014,10315524
FRA,2014,64692495
VAT,2014,587
NCL,2014,281233
ROU,2014,19968180
BLM,2014,9471
NRU,2014,10765
CZE,2014,10517222
AND,2014,73755
GIN,2014,11472921
RWA,2014,11364758
DNK,2014,5643793
GAB,2014,1978402
COD,2014,78403248
RUS,2014,144925638
NLD,2014,17030087
TCA,2014,35077
UZB,2014,30222995
PYF,2014,276388
NPL,2014,27672373
GMB,2014,2164533
PRT,2014,10406202
ZMB,2014,15895318
BEL,2014,11210111
OMN,2014,4002445
VUT,2014,260246
TUR,2014,78036154
PNG,2014,8523440
SWZ,2014,1136305
PRY,2014,6069816
SLV,2014,6162953
PAN,2014,3892101
EST,2014,1314456
GNQ,2014,1399829
PLW,2014,17739
AIA,2014,13748
PSE,2014,4415886
PAK,2014,214264649
NGA,2014,185896917
ETH,2014,101115615
MNP,2014,52199
NIU,2014,1792
AGO,2014,27160766
TLS,2014,1181913
POL,2014,38265113
ATG,2014,88783
FRO,2014,48515
EGY,2014,97528656
BLZ,2014,348935
PHL,2014,103767129
ECU,2014,16035126
MKD,2014,1997842
TKM,2014,6075286
FLK,2014,3362
PER,2014,30115826
PRK,2014,25451263
NAM,2014,2312144
ARG,2014,43024072
MMR,2014,50681634
MYT,2014,235785
GLP,2014,406651
COG,2014,4975887
MEX,2014,119784263
SMR,2014,33753
FSM,2014,108407
STP,2014,196780
GRD,2014,114148
MDA,2014,3342714
WSM,2014,200051
URY,2014,3356342
GRL,2014,56196
BEN,2014,11030008
ASM,2014,53490
COK,2014,17555
VCT,2014,107555
BMU,2014,63551
SAU,2014,28998127
SYC,2014,104663
MHL,2014,49815
GGY,2014,62188
CHN,2014,1387951973
TON,2014,106627
SRB,2014,7227203
COM,2014,711511
MTQ,2014,387026
COL,2014,46565426
SEN,2014,14152101
MRT,2014,3848513
UGA,2014,36395544
ABW,2014,103381
MUS,2014,1292006
GTM,2014,15681725
GRC,2014,10893169
MCO,2014,36154
VEN,2014,30254080
TUV,2014,11007
GIB,2014,32836
HRV,2014,4219485
LCA,2014,174145
MSR,2014,4738
GHA,2014,28041591
MAF,2014,37471
CUB,2014,11285781
KNA,2014,47112
DEU,2014,81376078
MOZ,2014,25788474
GEO,2014,3792921
CYP,2014,1201807
SHN,2014,5493
MAR,2014,34204783
TTO,2014,1421135
NOR,2014,5137397
BRB,2014,278355
MNE,2014,631376
CRI,2014,4767126
CIV,2014,24527392
MNG,2014,2913041
SPM,2014,5984
ARM,2014,2922433
VUT,2015,266116
TUR,2015,80014221
TKL,2015,1719
WLF,2015,12185
TUV,2015,10984
ARE,2015,8674629
GBR,2015,65382107
URY,2015,3368022
UKR,2015,45784903
ZMB,2015,16399090
VIR,2015,100250
USA,2015,326126498
TUN,2015,11402270
VNM,2015,92823254
TON,2015,106111
TCA,2015,36632
ESH,2015,486230
TTO,2015,1429189
VAT,2015,579
UZB,2015,30749349
YEM,2015,31159379
TKM,2015,6215775
VEN,2015,30573970
UGA,2015,37531444
TGO,2015,7663199
LBY,2015,6531825
TZA,2015,52020959
GAB,2015,2040990
PYF,2015,277878
GUF,2015,266377
FRA,2015,64916336
FIN,2015,5479718
FJI,2015,918583
FRO,2015,48916
FLK,2015,3432
ETH,2015,103867140
SWZ,2015,1142823
EST,2015,1314581
ERI,2015,3105554
GNQ,2015,1453926
SLV,2015,6183674
EGY,2015,99597333
ECU,2015,16266228
TLS,2015,1205134
DOM,2015,10434826
DMA,2015,70429
DJI,2015,1020315
DNK,2015,5683698
GMB,2015,2224532
GEO,2015,3791571
DEU,2015,82077546
GHA,2015,28696071
IMN,2015,83612
IRL,2015,4702497
IRQ,2015,37560535
IRN,2015,82619365
IDN,2015,261799249
IND,2015,1328024492
ISL,2015,330962
HUN,2015,9839210
HKG,2015,7366411
HND,2015,9237305
COD,2015,81035535
HTI,2015,10523249
GNB,2015,1786461
GIN,2015,11767077
GGY,2015,62259
GTM,2015,15971745
GUM,2015,164914
GLP,2015,403951
GRD,2015,114691
GRL,2015,56048
GRC,2015,10820901
GIB,2015,33213
GUY,2015,758785
CZE,2015,10524419
CYP,2015,1219504
CUB,2015,11275068
BEN,2015,11360681
BLZ,2015,356340
BEL,2015,11275332
BLR,2015,9487288
BRB,2015,278997
BGD,2015,159383180
BHR,2015,1369656
BHS,2015,385355
AZE,2015,9752859
AUT,2015,8644037
BMU,2015,63481
AUS,2015,23947998
ARM,2015,2921179
ARG,2015,43477009
ATG,2015,89422
AIA,2015,14235
AGO,2015,28157801
AND,2015,72194
ASM,2015,52895
DZA,2015,40019528
ALB,2015,2898634
AFG,2015,33831765
ABW,2015,104200
ISR,2015,8052915
BTN,2015,740624
BIH,2015,3518541
HRV,2015,4183732
CIV,2015,25246346
CRI,2015,4818044
COK,2015,17469
COG,2015,5097583
COM,2015,726685
COL,2015,46969937
CHN,2015,1396134164
CHL,2015,18047628
TCD,2015,14647625
BOL,2015,11014707
CAF,2015,4629323
CPV,2015,512405
CAN,2015,35962236
CMR,2015,22763419
KHM,2015,15623253
BDI,2015,11047580
BFA,2015,18777488
BGR,2015,7177516
BRN,2015,422224
BRA,2015,201675534
BWA,2015,2203276
CYM,2015,61665
ITA,2015,60575314
JAM,2015,2802535
JPN,2015,127275868
SPM,2015,5971
MAF,2015,37384
LCA,2015,174919
KNA,2015,47108
SHN,2015,5529
BLM,2015,9617
RWA,2015,11640027
RUS,2015,145307611
ROU,2015,19871018
REU,2015,865016
VCT,2015,106975
QAT,2015,2427337
PRT,2015,10370266
POL,2015,38266314
PHL,2015,105312986
PER,2015,30457600
PRY,2015,6159106
PNG,2015,8743247
PAN,2015,3960036
PSE,2015,4521566
PLW,2015,17791
PAK,2015,217290885
PRI,2015,3521810
OMN,2015,4184897
WSM,2015,201794
STP,2015,200306
TJK,2015,8643839
TWN,2015,23529259
SYR,2015,19424615
CHE,2015,8283940
SWE,2015,9799482
SUR,2015,581633
SDN,2015,40024436
LKA,2015,21729974
ESP,2015,46683683
SSD,2015,11107569
SMR,2015,33926
KOR,2015,50983908
SOM,2015,13806969
SLB,2015,639423
SVN,2015,2059947
SVK,2015,5420279
SGP,2015,5525343
SLE,2015,7037659
SYC,2015,107247
SRB,2015,7177257
SEN,2015,14593336
SAU,2015,29974944
ZAF,2015,56723537
THA,2015,70540790
NOR,2015,5189776
MKD,2015,1980366
MLT,2015,444979
MLI,2015,18593022
MDV,2015,428165
MYS,2015,31232796
MWI,2015,17085585
MDG,2015,25426704
MAC,2015,622186
LUX,2015,569541
LTU,2015,2905772
LIE,2015,37424
MHL,2015,48822
LBR,2015,4659438
LBN,2015,6472470
LVA,2015,1977874
LAO,2015,6801650
KGZ,2015,6001876
KWT,2015,3834464
KIR,2015,116826
KEN,2015,47088527
KAZ,2015,18084173
JOR,2015,9544730
JEY,2015,101223
LSO,2015,2104613
MNP,2015,51538
MTQ,2015,383738
MUS,2015,1292282
PRK,2015,25575355
NIU,2015,1803
NGA,2015,190671883
NER,2015,19939497
NIC,2015,6149418
NZL,2015,4614037
NCL,2015,283177
NLD,2015,17107427
NPL,2015,27823631
NRU,2015,10974
MRT,2015,3965959
NAM,2015,2374305
MOZ,2015,26547575
MAR,2015,34607590
MSR,2015,4693
MNE,2015,628147
MNG,2015,2976528
MCO,2015,36785
MDA,2015,3287169
FSM,2015,108727
MEX,2015,121072310
MYT,2015,245594
MMR,2015,51089060
ZWE,2015,14399009
