iso3,year,healthcare_expenditure
AFG,2008,10.25649548
AGO,2008,3.32290339
ALB,2008,5.50900269
AND,2008,5.67066383
ARE,2008,2.92847514
ARG,2008,8.1826973
ARM,2008,6.64
ATG,2008,4.20027018
AUS,2008,8.24855137
AUT,2008,9.73
AZE,2008,2.05
BDI,2008,7.74147511
BEL,2008,9.5951395
BEN,2008,2.65178108
BFA,2008,4.64780712
BGD,2008,2.11878848
BGR,2008,6.28
BHR,2008,3.2038722
BHS,2008,4.86261654
BIH,2008,9.69
BLR,2008,5.29
BLZ,2008,4.53821993
BOL,2008,4.60677242
BRA,2008,8.01128483
BRB,2008,6.47753286
BRN,2008,1.87612021
BTN,2008,3.38117099
BWA,2008,5.89747286
CAF,2008,4.08699083
CAN,2008,9.60754967
CHE,2008,9.53167629
CHL,2008,6.73954487
CHN,2008,3.900002
CIV,2008,4.56869602
CMR,2008,3.65843678
COD,2008,4.31254768
COG,2008,2.2392714
COL,2008,6.84192228
COM,2008,5.06897497
CPV,2008,3.58312893
CRI,2008,7.46854782
CUB,2008,11.31422806
CYP,2008,6.01
CZE,2008,6.33024931
DEU,2008,10.25128746
DJI,2008,3.61543369
DMA,2008,5.04968786
DNK,2008,9.51
DOM,2008,4.56146193
DZA,2008,4.20188284
ECU,2008,5.46596193
EGY,2008,4.46634817
ERI,2008,6.415205
ESP,2008,8.38225937
EST,2008,5.95724869
ETH,2008,4.28063869
FIN,2008,8.34
FJI,2008,3.18467116
FRA,2008,10.50084686
FSM,2008,11.99137974
GAB,2008,2.78980231
GBR,2008,9.02561569
GEO,2008,8.44
GHA,2008,3.87511325
GIN,2008,3.26562262
GMB,2008,4.65938807
GNB,2008,5.45864058
GNQ,2008,1.11555648
GRC,2008,8.82774162
GRD,2008,5.386199
GTM,2008,6.08129978
GUY,2008,4.20242214
HND,2008,8.60362625
HRV,2008,7.65
HTI,2008,3.75722051
HUN,2008,7.09
IDN,2008,2.54842305
IND,2008,3.51
IRL,2008,9.12564754
IRN,2008,5.03990459
IRQ,2008,3.06604242
ISL,2008,8.34
ISR,2008,6.83
ITA,2008,8.53
JAM,2008,5.61143064
JOR,2008,8.48880577
JPN,2008,8.09
KAZ,2008,3.05
KEN,2008,5.28900909
KGZ,2008,6.53
KHM,2008,6.60109425
KIR,2008,14.08
KNA,2008,5.30566025
KOR,2008,5.24600267
KWT,2008,1.92400301
LAO,2008,2.76727295
LBN,2008,7.81751728
LBR,2008,5.99615717
LBY,2008,2.24441886
LCA,2008,5.09061956
LKA,2008,3.85
LSO,2008,7.66656303
LTU,2008,6.29
LUX,2008,6.23
LVA,2008,5.58
MAR,2008,4.83789158
MCO,2008,4.08357811
MDA,2008,10.95
MDG,2008,4.08111715
MDV,2008,11.47
MEX,2008,5.69886971
MHL,2008,15.20470905
MKD,2008,6.55
MLI,2008,5.02686644
MLT,2008,7.86
MMR,2008,2.11
MNG,2008,4.55693007
MOZ,2008,4.22139311
MRT,2008,3.01338983
MUS,2008,3.93896508
MWI,2008,6.10668802
MYS,2008,3.00692558
NAM,2008,9.91801167
NER,2008,5.24640608
NGA,2008,3.69581532
NIC,2008,7.16700697
NLD,2008,9.28
NOR,2008,7.92
NPL,2008,3.82
NRU,2008,23.0041008
NZL,2008,9.12382889
OMN,2008,1.75567567
PAK,2008,2.71266913
PAN,2008,7.05229712
PER,2008,4.5332098
PHL,2008,3.86
PLW,2008,9.40130234
PNG,2008,2.13526058
POL,2008,6.38
PRT,2008,9.58
PRY,2008,5.03776026
QAT,2008,1.63775349
ROU,2008,5.02
RUS,2008,4.9
RWA,2008,7.5670433
SAU,2008,2.97100711
SDN,2008,5.42313576
SEN,2008,3.50687575
SGP,2008,3.19488454
SLB,2008,5.50597048
SLE,2008,8.81158161
SLV,2008,8.49585915
SMR,2008,5.41110897
SRB,2008,9.48246479
STP,2008,7.16872263
SUR,2008,4.74699593
SVK,2008,6.96
SVN,2008,7.85
SWE,2008,8.21
SWZ,2008,8.85792923
SYC,2008,3.61745405
SYR,2008,3.39762759
TCD,2008,4.05955124
TGO,2008,3.84063601
THA,2008,3.45933938
TJK,2008,5.91
TKM,2008,3.49424887
TLS,2008,6.96563959
TON,2008,6.05759716
TTO,2008,3.6575706
TUN,2008,5.1644063
TUR,2008,5.22
TUV,2008,10.1193676
TZA,2008,5.55704737
UGA,2008,5.45476198
UKR,2008,5.5
URY,2008,8.12533188
USA,2008,15.20718479
UZB,2008,4.7
VCT,2008,3.88194203
VNM,2008,4.36028337
VUT,2008,3.13810205
WSM,2008,4.53258085
YEM,2008,5.76191616
ZAF,2008,7.14832258
ZMB,2008,4.46690989
AFG,2009,9.81848717
AGO,2009,3.84260798
ALB,2009,5.82603931
AND,2009,6.08094168
ARE,2009,4.04999304
ARG,2009,9.45599556
ARM,2009,8.44
ATG,2009,4.17732763
AUS,2009,8.54473877
AUT,2009,10.23
AZE,2009,2.77
BDI,2009,9.23238468
BEL,2009,10.32117939
BEN,2009,2.88892651
BFA,2009,5.08159161
BGD,2009,2.18321705
BGR,2009,6.6
BHR,2009,4.32666922
BHS,2009,5.1500144
BIH,2009,9.02
BLR,2009,5.39
BLZ,2009,4.52587652
BOL,2009,5.17444515
BRA,2009,8.39480495
BRB,2009,7.14522552
BRN,2009,2.39306617
BTN,2009,3.5476253
BWA,2009,6.62081194
CAF,2009,4.81901121
CAN,2009,10.66225815
CHE,2009,10.1415062
CHL,2009,7.25026846
CHN,2009,4.34958458
CIV,2009,4.46966648
CMR,2009,3.49997187
COD,2009,4.51133156
COG,2009,2.1422224
COL,2009,7.3113451
COM,2009,4.92694378
CPV,2009,3.88152432
CRI,2009,7.86019135
CUB,2009,12.29053974
CYP,2009,6.47
CZE,2009,7.24880648
DEU,2009,11.23791218
DJI,2009,3.64194465
DMA,2009,4.98329306
DNK,2009,10.67
DOM,2009,4.76337624
DZA,2009,5.35939837
ECU,2009,5.79984474
EGY,2009,4.37870932
ERI,2009,5.38878489
ESP,2009,9.10764122
EST,2009,6.84477043
ETH,2009,4.64983416
FIN,2009,9.16
FJI,2009,3.53587627
FRA,2009,11.28756237
FSM,2009,12.55259323
GAB,2009,3.83571577
GBR,2009,10.04505444
GEO,2009,9.57
GHA,2009,4.37879181
GIN,2009,3.58147597
GMB,2009,4.46430683
GNB,2009,4.73428679
GNQ,2009,1.76790214
GRC,2009,9.40688515
GRD,2009,5.43471003
GTM,2009,6.33938646
GUY,2009,4.35117149
HND,2009,8.99592495
HRV,2009,8.08
HTI,2009,3.50277376
HUN,2009,7.22
IDN,2009,2.62324095
IND,2009,3.49
IRL,2009,10.52275658
IRN,2009,6.11493444
IRQ,2009,3.77203989
ISL,2009,8.78
ISR,2009,6.92
ITA,2009,8.95
JAM,2009,5.14654493
JOR,2009,9.22396946
JPN,2009,8.96
KAZ,2009,3.5
KEN,2009,5.26973343
KGZ,2009,6.9
KHM,2009,7.58330584
KIR,2009,13.49
KNA,2009,5.28673744
KOR,2009,5.65905666
KWT,2009,2.70638776
LAO,2009,3.46300411
LBN,2009,7.0073576
LBR,2009,11.57163811
LBY,2009,3.5828805
LCA,2009,5.24410772
LKA,2009,4.06
LSO,2009,8.95305061
LTU,2009,7.37
LUX,2009,6.95
LVA,2009,6.1
MAR,2009,5.27312183
MCO,2009,4.84195948
MDA,2009,13.68
MDG,2009,4.38469839
MDV,2009,10.09
MEX,2009,6.12978411
MHL,2009,14.53969955
MKD,2009,6.53
MLI,2009,5.2122364
MLT,2009,7.92
MMR,2009,2.16
MNG,2009,4.45980072
MOZ,2009,5.20390034
MRT,2009,3.11034036
MUS,2009,4.17035627
MWI,2009,5.87333822
MYS,2009,3.2610569
NAM,2009,9.04967022
NER,2009,5.33850145
NGA,2009,3.5801971
NIC,2009,7.68584394
NLD,2009,9.99
NOR,2009,9.03
NPL,2009,3.9
NRU,2009,12.31575871
NZL,2009,9.62076378
OMN,2009,2.4694581
PAK,2009,2.47458911
PAN,2009,7.24006367
PER,2009,4.96515894
PHL,2009,4.16
PLW,2009,10.30605984
PNG,2009,2.32937527
POL,2009,6.59
PRT,2009,10.13
PRY,2009,5.52496862
QAT,2009,2.38356304
ROU,2009,5.28
RUS,2009,5.64
RWA,2009,7.80694866
SAU,2009,4.29042768
SDN,2009,6.39496326
SEN,2009,3.841573
SGP,2009,3.39853096
SLB,2009,6.60598898
SLE,2009,9.68422222
SLV,2009,8.83749676
SMR,2009,6.18409586
SRB,2009,9.34623528
STP,2009,7.24220848
SUR,2009,4.97810316
SVK,2009,7.95
SVN,2009,8.54
SWE,2009,8.77
SWZ,2009,8.63292217
SYC,2009,3.54135323
SYR,2009,3.5464704
TCD,2009,4.44166946
TGO,2009,4.07616663
THA,2009,3.61939645
TJK,2009,5.86
TKM,2009,2.84764099
TLS,2009,7.30931807
TON,2009,3.92779636
TTO,2009,5.48676443
TUN,2009,5.40595293
TUR,2009,5.49
TUV,2009,12.26670933
TZA,2009,5.06306362
UGA,2009,5.78845549
UKR,2009,6.61
URY,2009,7.9498806
USA,2009,16.20063591
UZB,2009,4.8
VCT,2009,4.09299564
VNM,2009,4.48502922
VUT,2009,3.25197887
WSM,2009,5.12732029
YEM,2009,5.98619986
ZAF,2009,7.64941454
ZMB,2009,5.15718842
AFG,2010,8.56967163
AGO,2010,2.69509959
ALB,2010,6.23667669
AND,2010,7.67537737
ARE,2010,3.87873054
ARG,2010,9.44546413
ARM,2010,9.24
ATG,2010,5.37907028
AUS,2010,8.42025661
AUT,2010,10.22
AZE,2010,2.65
BDI,2010,11.28196716
BEL,2010,10.20229435
BEN,2010,3.00988984
BFA,2010,5.23958349
BGD,2010,2.28807664
BGR,2010,7.1
BHR,2010,4.08934975
BHS,2010,5.25594234
BIH,2010,9.02
BLR,2010,5.66
BLZ,2010,4.49519491
BOL,2010,5.20230532
BRA,2010,7.94516611
BRB,2010,6.77094746
BRN,2010,2.27826095
BTN,2010,3.55879498
BWA,2010,6.26718187
CAF,2010,3.56699872
CAN,2010,10.67611408
CHE,2010,9.93353558
CHL,2010,6.81958437
CHN,2010,4.23068333
CIV,2010,4.41577387
CMR,2010,3.57742167
COD,2010,3.72224283
COG,2010,1.85172856
COL,2010,7.07130146
COM,2010,4.99181557
CPV,2010,4.47555733
CRI,2010,8.02937794
CUB,2010,10.6880827
CYP,2010,6.5
CZE,2010,7.58647251
DEU,2010,11.09592915
DJI,2010,3.35966682
DMA,2010,5.15711927
DNK,2010,10.61
DOM,2010,4.92355442
DZA,2010,5.11716986
ECU,2010,6.22109413
EGY,2010,4.15319157
ERI,2010,4.83844233
ESP,2010,9.11891174
EST,2010,6.59433842
ETH,2010,5.46637249
FIN,2010,9.14
FJI,2010,3.41664124
FRA,2010,11.22560215
FSM,2010,13.10624504
GAB,2010,2.47556901
GBR,2010,9.92673969
GEO,2010,9.07
GHA,2010,4.22398996
GIN,2010,3.42782617
GMB,2010,4.11944056
GNB,2010,5.26704073
GNQ,2010,1.62134683
GRC,2010,9.59662342
GRD,2010,5.4188118
GTM,2010,6.1247797
GUY,2010,4.21897697
HND,2010,8.72536373
HRV,2010,7.99
HTI,2010,4.54871035
HUN,2010,7.45
IDN,2010,2.7908783
IND,2010,3.27
IRL,2010,10.52404499
IRN,2010,6.29153061
IRQ,2010,3.23955345
ISL,2010,8.36
ISR,2010,6.89
ITA,2010,8.92
JAM,2010,5.2951932
JOR,2010,8.17025661
JPN,2010,9.06
KAZ,2010,2.74
KEN,2010,5.38849831
KGZ,2010,6.95
KHM,2010,6.91169977
KIR,2010,9.34
KNA,2010,5.2136941
KOR,2010,5.81980991
KWT,2010,2.67879915
LAO,2010,2.91155219
LBN,2010,7.43864489
LBR,2010,10.35444641
LBY,2010,3.28064442
LCA,2010,5.05308437
LKA,2010,3.74
LSO,2010,7.64088917
LTU,2010,6.81
LUX,2010,6.66
LVA,2010,6.1
MAR,2010,5.41861057
MCO,2010,4.95791674
MDA,2010,10.13
MDG,2010,4.69762659
MDV,2010,8.49
MEX,2010,5.73688889
MHL,2010,13.93147564
MKD,2010,6.71
MLI,2010,4.67865133
MLT,2010,7.95
MMR,2010,1.96
MNG,2010,3.73945689
MOZ,2010,5.43892908
MRT,2010,2.63618922
MUS,2010,4.51898289
MWI,2010,5.14304781
MYS,2010,3.16474271
NAM,2010,9.72781372
NER,2010,4.96100473
NGA,2010,3.29653287
NIC,2010,7.71019173
NLD,2010,10.16
NOR,2010,8.86
NPL,2010,4.36
NRU,2010,12.6964016
NZL,2010,9.59277534
OMN,2010,2.47588587
PAK,2010,2.39686537
PAN,2010,7.4865942
PER,2010,4.71503925
PHL,2010,4.13
PLW,2010,11.61802578
PNG,2010,2.10756016
POL,2010,6.47
PRT,2010,10.03
PRY,2010,5.46593952
QAT,2010,1.87017763
ROU,2010,5.64
RUS,2010,4.97
RWA,2010,8.08696938
SAU,2010,3.64786315
SDN,2010,5.05810165
SEN,2010,4.02764368
SGP,2010,3.20265388
SLB,2010,4.66139841
SLE,2010,9.12688351
SLV,2010,8.90416241
SMR,2010,6.20853519
SRB,2010,9.5273037
STP,2010,6.86072636
SUR,2010,4.6978569
SVK,2010,7.67
SVN,2010,8.57
SWE,2010,8.32
SWZ,2010,8.5912571
SYC,2010,4.50142097
SYR,2010,3.2764473
TCD,2010,4.06023312
TGO,2010,4.45493317
THA,2010,3.39009809
TJK,2010,5.74
TKM,2010,3.24345636
TLS,2010,6.47058821
TON,2010,4.81632328
TTO,2010,5.08042908
TUN,2010,5.60950756
TUR,2010,5.02
TUV,2010,15.65082836
TZA,2010,5.22392178
UGA,2010,6.80890226
UKR,2010,6.81
URY,2010,7.91117048
USA,2010,16.19719124
UZB,2010,5.3
VCT,2010,4.30325222
VNM,2010,5.07146072
VUT,2010,3.52656102
WSM,2010,5.15268326
YEM,2010,5.15932894
ZAF,2010,7.79358244
ZMB,2010,3.97471905
ZWE,2010,10.47583866
AFG,2011,8.56190777
AGO,2011,2.64560771
ALB,2011,6.18297672
AND,2011,7.62060833
ARE,2011,3.67006993
ARG,2011,9.41819859
ARM,2011,9.38
ATG,2011,5.44257212
AUS,2011,8.53744984
AUT,2011,10.03
AZE,2011,2.6
BDI,2011,10.06996346
BEL,2011,10.36337948
BEN,2011,2.99707985
BFA,2011,4.64868164
BGD,2011,2.36418128
BGR,2011,7.1
BHR,2011,3.8651762
BHS,2011,5.32398558
BIH,2011,9.18
BLR,2011,4.87
BLZ,2011,4.54942894
BOL,2011,5.17306805
BRA,2011,7.78819132
BRB,2011,6.89690495
BRN,2011,1.86409724
BTN,2011,3.34921789
BWA,2011,5.86915016
CAF,2011,3.67561865
CAN,2011,10.37950897
CHE,2011,10.04628563
CHL,2011,6.79947519
CHN,2011,4.34274387
CIV,2011,4.39700699
CMR,2011,3.85282946
COD,2011,3.19435549
COG,2011,1.75237322
COL,2011,6.78076792
COM,2011,5.3021183
CPV,2011,4.30527449
CRI,2011,8.12197781
CUB,2011,11.31298637
CYP,2011,6.43
CZE,2011,7.5580225
DEU,2011,10.77844906
DJI,2011,3.37655354
DMA,2011,5.33450365
DNK,2011,10.41
DOM,2011,5.03797865
DZA,2011,5.26748085
ECU,2011,6.580935
EGY,2011,4.35707569
ERI,2011,5.16795397
ESP,2011,9.1679697
EST,2011,6.0781703
ETH,2011,4.46897745
FIN,2011,9.22
FJI,2011,3.14293504
FRA,2011,11.18497562
FSM,2011,13.09527397
GAB,2011,2.55771565
GBR,2011,9.92486763
GEO,2011,8.01
GHA,2011,4.69264126
GIN,2011,3.78955102
GMB,2011,4.36967373
GNB,2011,6.21634817
GNQ,2011,1.42923808
GRC,2011,9.19330311
GRD,2011,5.80423355
GTM,2011,5.96306896
GUY,2011,4.17213488
HND,2011,8.79187012
HRV,2011,7.66
HTI,2011,5.91197777
HUN,2011,7.48
IDN,2011,2.98942471
IND,2011,3.25
IRL,2011,10.60614967
IRN,2011,6.09787989
IRQ,2011,2.80316377
ISL,2011,8.2
ISR,2011,6.84
ITA,2011,8.77
JAM,2011,5.23845339
JOR,2011,8.14807701
JPN,2011,10.49
KAZ,2011,2.6
KEN,2011,5.20212841
KGZ,2011,7.11
KHM,2011,7.50353098
KIR,2011,8.67
KNA,2011,5.1628871
KOR,2011,5.91454506
KWT,2011,2.33303547
LAO,2011,1.94457507
LBN,2011,8.17744446
LBR,2011,9.71052551
LBY,2011,4.01902008
LCA,2011,5.07998085
LKA,2011,3.58
LSO,2011,9.07558823
LTU,2011,6.49
LUX,2011,5.95
LVA,2011,5.72
MAR,2011,5.37019396
MCO,2011,4.63501215
MDA,2011,9.1
MDG,2011,4.521595
MDV,2011,7.92
MEX,2011,5.51883602
MHL,2011,13.08627224
MKD,2011,6.52
MLI,2011,4.01483774
MLT,2011,8.45
MMR,2011,1.93
MNE,2011,7.97
MNG,2011,3.58612084
MOZ,2011,5.00311899
MRT,2011,2.47383666
MUS,2011,4.25059652
MWI,2011,5.32226658
MYS,2011,3.31451917
NAM,2011,9.83193302
NER,2011,4.87323856
NGA,2011,3.32077932
NIC,2011,7.44982004
NLD,2011,10.23
NOR,2011,8.73
NPL,2011,4.45
NRU,2011,9.96043968
NZL,2011,9.51987362
OMN,2011,2.23611403
PAK,2011,2.14016914
PAN,2011,7.08092785
PER,2011,4.53500509
PHL,2011,4.03
PLW,2011,10.86477661
PNG,2011,2.29397798
POL,2011,6.29
PRT,2011,9.73
PRY,2011,5.82225847
QAT,2011,1.599962
ROU,2011,4.48
RUS,2011,4.79
RWA,2011,7.93879843
SAU,2011,3.68218255
SDN,2011,5.61579561
SEN,2011,4.21416712
SGP,2011,3.15792179
SLB,2011,5.02313328
SLE,2011,10.76753807
SLV,2011,8.87645435
SMR,2011,8.0707283
SRB,2011,9.11380386
STP,2011,6.76036882
SUR,2011,4.40932178
SVK,2011,7.3
SVN,2011,8.54
SWE,2011,10.42
SWZ,2011,8.46997261
SYC,2011,4.46079111
SYR,2011,2.52865291
TCD,2011,3.91046357
TGO,2011,4.55412722
THA,2011,3.56825495
TJK,2011,5.86
TKM,2011,3.24805617
TLS,2011,6.86541462
TON,2011,3.82126665
TTO,2011,4.72197914
TUN,2011,6.12299299
TUR,2011,4.65
TUV,2011,14.10340405
TZA,2011,5.0559845
UGA,2011,6.6959095
UKR,2011,6.82
URY,2011,7.94897985
USA,2011,16.13996315
UZB,2011,5.26
VCT,2011,4.23108053
VNM,2011,4.97468519
VUT,2011,3.59819388
WSM,2011,5.38357162
YEM,2011,4.7695322
ZAF,2011,7.94434404
ZMB,2011,3.95913363
ZWE,2011,8.08288383
AFG,2012,7.89716864
AGO,2012,2.39574957
ALB,2012,6.15746212
AND,2012,6.71083689
ARE,2012,3.33596373
ARG,2012,9.82726669
ARM,2012,9.13
ATG,2012,5.47921467
AUS,2012,8.67456913
AUT,2012,10.2
AZE,2012,3.16
BDI,2012,8.63756466
BEL,2012,10.50204754
BEN,2012,3.07562971
BFA,2012,4.60267258
BGD,2012,2.3537879
BGR,2012,7.54
BHR,2012,4.10642147
BHS,2012,5.3190918
BIH,2012,9.49
BLR,2012,5.25
BLZ,2012,4.36242819
BOL,2012,5.2539444
BRA,2012,7.73637724
BRB,2012,7.77819967
BRN,2012,1.85097206
BTN,2012,3.61913681
BWA,2012,6.35010576
CAF,2012,3.91814446
CAN,2012,10.50971508
CHE,2012,10.14446354
CHL,2012,7.01951313
CHN,2012,4.56584787
CIV,2012,4.4273715
CMR,2012,3.9310236
COD,2012,3.2215035
COG,2012,1.90971065
COL,2012,6.74601603
COM,2012,5.17354631
CPV,2012,5.13365459
CRI,2012,7.78642321
CUB,2012,9.29940987
CYP,2012,6.54
CZE,2012,7.62448311
DEU,2012,10.85345554
DJI,2012,3.299927
DMA,2012,5.79509926
DNK,2012,10.52
DOM,2012,5.04897833
DZA,2012,6.00050974
ECU,2012,6.86373377
EGY,2012,4.45891809
ERI,2012,3.7449646
ESP,2012,9.15415382
EST,2012,6.09506845
ETH,2012,4.5395956
FIN,2012,9.59
FJI,2012,3.2655499
FRA,2012,11.29740047
FSM,2012,12.27709675
GAB,2012,2.42097569
GBR,2012,9.95296001
GEO,2012,8.05
GHA,2012,4.00799608
GIN,2012,3.50398517
GMB,2012,4.26872253
GNB,2012,5.94134808
GNQ,2012,1.51459265
GRC,2012,8.92415524
GRD,2012,5.82235765
GTM,2012,6.07316971
GUY,2012,3.7081871
HND,2012,8.65655136
HRV,2012,7.68
HTI,2012,5.56462336
HUN,2012,7.41
IDN,2012,2.91427088
IND,2012,3.33
IRL,2012,10.59787655
IRN,2012,6.12235117
IRQ,2012,2.69365859
ISL,2012,8.18
ISR,2012,6.98
ITA,2012,8.78
JAM,2012,4.88512897
JOR,2012,7.81799555
JPN,2012,10.67
KAZ,2012,3.04
KEN,2012,5.0180583
KGZ,2012,8.51
KHM,2012,7.26115417
KIR,2012,8.69
KNA,2012,5.00998354
KOR,2012,6.0325017
KWT,2012,2.33311439
LAO,2012,2.07637572
LBN,2012,7.00420094
LBR,2012,8.15444565
LCA,2012,4.9241581
LKA,2012,3.31
LSO,2012,10.04389858
LTU,2012,6.28
LUX,2012,5.29
LVA,2012,5.41
MAR,2012,5.39619017
MCO,2012,4.7558527
MDA,2012,9.14
MDG,2012,3.9110589
MDV,2012,8.67
MEX,2012,5.66522074
MHL,2012,13.03814125
MKD,2012,6.61
MLI,2012,3.7521615
MLT,2012,8.38
MMR,2012,2.41
MNE,2012,8.3
MNG,2012,3.85800076
MOZ,2012,5.24640608
MRT,2012,2.64919329
MUS,2012,4.21993399
MWI,2012,6.02199793
MYS,2012,3.45786357
NAM,2012,9.26659298
NER,2012,4.30732679
NGA,2012,3.35984254
NIC,2012,7.48836899
NLD,2012,10.54
NOR,2012,8.72
NPL,2012,4.49
NRU,2012,8.84148979
NZL,2012,9.65163612
OMN,2012,2.27702832
PAK,2012,2.20038652
PAN,2012,6.74132681
PER,2012,4.73488665
PHL,2012,4.18
PLW,2012,11.4970541
PNG,2012,2.66693544
POL,2012,6.27
PRT,2012,9.65
PRY,2012,6.53144598
QAT,2012,1.74822152
ROU,2012,4.51
RUS,2012,4.94
RWA,2012,8.10667801
SAU,2012,3.98779702
SDN,2012,5.68827009
SEN,2012,4.26688004
SGP,2012,3.32783675
SLB,2012,4.87480497
SLE,2012,8.94355106
SLV,2012,8.60625362
SMR,2012,8.98883724
SRB,2012,9.32820415
STP,2012,6.47629499
SUR,2012,4.28435707
SVK,2012,7.54
SVN,2012,8.72
SWE,2012,10.74
SWZ,2012,7.82047606
SYC,2012,5.39592934
SYR,2012,3.04719615
TCD,2012,3.8560791
TGO,2012,4.80787134
THA,2012,3.5229404
TJK,2012,5.98
TKM,2012,3.36840105
TLS,2012,6.99215221
TON,2012,4.79517698
TTO,2012,4.63289499
TUN,2012,6.28984737
TUR,2012,4.44
TUV,2012,13.5962553
TZA,2012,5.01779366
UGA,2012,6.10853958
UKR,2012,7.12
URY,2012,8.06757545
USA,2012,16.11969566
UZB,2012,5.55
VCT,2012,4.45042276
VNM,2012,5.00178242
VUT,2012,3.9356277
WSM,2012,4.9883461
YEM,2012,5.19593525
ZAF,2012,8.00428867
ZMB,2012,4.04541731
ZWE,2012,6.91794872
AFG,2013,8.80596447
AGO,2013,2.73282695
ALB,2013,6.28286266
AND,2013,6.79964209
ARE,2013,3.50222182
ARG,2013,9.78097916
ARM,2013,10.32
ATG,2013,5.50909233
AUS,2013,8.75058746
AUT,2013,10.29
AZE,2013,3.23
BDI,2013,8.62834644
BEL,2013,10.57661152
BEN,2013,2.86880755
BFA,2013,5.56331587
BGD,2013,2.29574466
BGR,2013,7.14
BHR,2013,4.30853891
BHS,2013,5.59409571
BIH,2013,9.45
BLR,2013,5.7
BLZ,2013,4.43660116
BOL,2013,5.57465124
BRA,2013,7.9766016
BRB,2013,7.39825487
BRN,2013,1.898314
BTN,2013,3.70787191
BWA,2013,6.49913645
CAF,2013,4.76660204
CAN,2013,10.41174984
CHE,2013,10.37922478
CHL,2013,7.47552633
CHN,2013,4.71490669
CIV,2013,3.71773791
CMR,2013,3.63111043
COD,2013,3.34057522
COG,2013,1.94347155
COL,2013,7.01724052
COM,2013,5.10299349
CPV,2013,5.28994226
CRI,2013,7.68229342
CUB,2013,10.43099499
CYP,2013,6.93
CZE,2013,7.52132368
DEU,2013,10.99905777
DJI,2013,2.92013574
DMA,2013,5.34749842
DNK,2013,10.33
DOM,2013,4.91598225
DZA,2013,6.03576279
ECU,2013,6.88127422
EGY,2013,4.6710043
ERI,2013,4.97097206
ESP,2013,9.06397724
EST,2013,6.28062296
ETH,2013,4.07506514
FIN,2013,9.81
FJI,2013,3.20040679
FRA,2013,11.39603043
FSM,2013,12.10208416
GAB,2013,2.84087205
GBR,2013,9.87251186
GEO,2013,7.88
GHA,2013,4.59225416
GIN,2013,3.46108699
GMB,2013,3.91374874
GNB,2013,7.03943443
GNQ,2013,1.64174569
GRC,2013,8.43796444
GRD,2013,5.62652922
GTM,2013,5.77188921
GUY,2013,3.80231309
HND,2013,8.47723007
HRV,2013,6.43
HTI,2013,4.10524035
HUN,2013,7.23
IDN,2013,2.86934805
IND,2013,3.75
IRL,2013,10.27730751
IRN,2013,5.54722023
IRQ,2013,2.80868459
ISL,2013,8.18
ISR,2013,6.96
ITA,2013,8.78
JAM,2013,4.95443439
JOR,2013,7.16592407
JPN,2013,10.67
KAZ,2013,2.66
KEN,2013,4.93100405
KGZ,2013,8.19
KHM,2013,7.10386753
KIR,2013,9.53
KNA,2013,5.04429483
KOR,2013,6.15069818
KWT,2013,2.48789287
LAO,2013,2.39984965
LBN,2013,7.06795645
LBR,2013,7.09007835
LCA,2013,5.04967594
LKA,2013,3.69
LSO,2013,10.99592113
LTU,2013,6.13
LUX,2013,5.24
LVA,2013,5.41
MAR,2013,5.25540543
MCO,2013,4.57341814
MDA,2013,8.68
MDG,2013,3.75156283
MDV,2013,8.16
MEX,2013,5.80923605
MHL,2013,13.46883583
MKD,2013,6.72
MLI,2013,3.96750712
MLT,2013,8.5
MMR,2013,3.2
MNE,2013,8.47
MNG,2013,4.08932018
MOZ,2013,6.12585449
MRT,2013,2.86799884
MUS,2013,4.620821
MWI,2013,8.22379494
MYS,2013,3.51276922
NAM,2013,9.06448746
NER,2013,4.46636009
NGA,2013,3.4206934
NIC,2013,7.63869238
NLD,2013,10.58
NOR,2013,8.87
NPL,2013,4.63
NRU,2013,9.85010052
NZL,2013,9.36019325
OMN,2013,2.5054009
PAK,2013,2.4017837
PAN,2013,6.75967455
PER,2013,4.7487607
PHL,2013,4.27
PLW,2013,11.97790623
PNG,2013,2.99727893
POL,2013,6.48
PRT,2013,9.4
PRY,2013,6.0642848
QAT,2013,2.07620168
ROU,2013,5.22
RUS,2013,5.08
RWA,2013,6.77649164
SAU,2013,4.42293596
SDN,2013,6.96487474
SEN,2013,4.38573599
SGP,2013,3.68562651
SLB,2013,4.57886171
SLE,2013,11.59017754
SLV,2013,9.05235958
SMR,2013,8.23800278
SRB,2013,9.31232452
STP,2013,7.93743753
SUR,2013,4.48738098
SVK,2013,7.5
SVN,2013,8.74
SWE,2013,10.9
SWZ,2013,7.45703411
SYC,2013,4.24818325
TCD,2013,4.06645298
TGO,2013,4.94373512
THA,2013,3.45313334
TJK,2013,6.53
TKM,2013,3.93541193
TLS,2013,8.5323782
TON,2013,3.9839797
TTO,2013,4.80276918
TUN,2013,6.51394987
TUR,2013,4.37
TUV,2013,14.3384304
TZA,2013,4.64643383
UGA,2013,5.78252411
UKR,2013,6.94
URY,2013,8.11897373
USA,2013,15.99170876
UZB,2013,5.72
VCT,2013,4.24191046
VNM,2013,4.41233158
VUT,2013,4.39234495
WSM,2013,6.2147789
YEM,2013,4.96083164
ZAF,2013,8.10322285
ZMB,2013,4.57390451
ZWE,2013,7.10940313
AFG,2014,9.52887821
AGO,2014,2.43412876
ALB,2014,6.43451118
AND,2014,6.77308035
ARE,2014,3.53405499
ARG,2014,9.67129993
ARM,2014,10.18
ATG,2014,5.87269926
AUS,2014,9.83354282
AUT,2014,10.37
AZE,2014,3.59
BDI,2014,7.21081543
BEL,2014,10.60909367
BEN,2014,2.69111967
BFA,2014,5.00027227
BGD,2014,2.27915168
BGR,2014,7.68
BHR,2014,4.41240263
BHS,2014,5.53944159
BIH,2014,9.49
BLR,2014,5.39
BLZ,2014,4.88208723
BOL,2014,5.89613628
BRA,2014,8.39644146
BRB,2014,6.96651411
BRN,2014,1.91436803
BTN,2014,3.55791116
BWA,2014,5.8804059
CAF,2014,4.56557369
CAN,2014,10.25765324
CHE,2014,10.42800808
CHL,2014,7.84150124
CHN,2014,4.77790594
CIV,2014,3.7310183
CMR,2014,3.78765464
COD,2014,3.72520614
COG,2014,1.97311735
COL,2014,7.18553209
COM,2014,5.23849726
CPV,2014,5.32722235
CRI,2014,7.66376162
CUB,2014,12.1412344
CYP,2014,6.93
CZE,2014,7.61248875
DEU,2014,11.02588272
DJI,2014,2.96726322
DMA,2014,5.26141691
DNK,2014,10.31
DOM,2014,4.79757166
DZA,2014,6.54721403
ECU,2014,6.83199883
EGY,2014,4.77415323
ERI,2014,4.02524328
ESP,2014,9.08488464
EST,2014,6.36199903
ETH,2014,4.03365517
FIN,2014,9.78
FJI,2014,3.36860466
FRA,2014,11.53937244
FSM,2014,11.72290421
GAB,2014,2.53282261
GBR,2014,9.86246872
GEO,2014,7.9
GHA,2014,4.01644135
GIN,2014,4.787992
GMB,2014,3.05234575
GNB,2014,9.96897411
GNQ,2014,1.75401485
GRC,2014,7.89141178
GRD,2014,4.77353573
GTM,2014,5.8885684
GUY,2014,3.94755435
HND,2014,7.91455746
HRV,2014,6.61
HTI,2014,4.52035809
HUN,2014,7.05
IDN,2014,2.96433568
IND,2014,3.62
IRL,2014,9.51343918
IRN,2014,6.35239553
IRQ,2014,2.78786659
ISL,2014,8.23
ISR,2014,7.05
ITA,2014,8.87
JAM,2014,5.16564465
JOR,2014,7.20892906
JPN,2014,10.73
KAZ,2014,2.97
KEN,2014,4.91267347
KGZ,2014,7.36
KHM,2014,6.70157766
KIR,2014,10.09
KNA,2014,4.74668789
KOR,2014,6.40432453
KWT,2014,2.9159987
LAO,2014,2.29845548
LBN,2014,7.52279758
LBR,2014,8.77403069
LCA,2014,4.62420511
LKA,2014,3.47
LSO,2014,9.99930382
LTU,2014,6.19
LUX,2014,5.23
LVA,2014,5.46
MAR,2014,5.41626596
MCO,2014,4.44085073
MDA,2014,8.63
MDG,2014,4.46240282
MDV,2014,7.91
MEX,2014,5.55340958
MHL,2014,13.20781231
MKD,2014,6.29
MLI,2014,4.48158312
MLT,2014,9.09
MMR,2014,4.39
MNE,2014,8.0
MNG,2014,4.20989752
MOZ,2014,6.33251858
MRT,2014,3.46724391
MUS,2014,5.38024664
MWI,2014,6.89776182
MYS,2014,3.71036959
NAM,2014,8.4089098
NER,2014,4.45377159
NGA,2014,3.34840417
NIC,2014,7.97716141
NLD,2014,10.57
NOR,2014,9.28
NPL,2014,5.08
NRU,2014,8.38675785
NZL,2014,9.40168381
OMN,2014,3.13740134
PAK,2014,2.45603824
PAN,2014,7.16729832
PER,2014,4.96445227
PHL,2014,3.7
PLW,2014,12.12317181
PNG,2014,3.27119064
POL,2014,6.43
PRT,2014,9.34
PRY,2014,6.62719059
QAT,2014,2.42293572
ROU,2014,5.03
RUS,2014,5.18
RWA,2014,6.98844194
SAU,2014,5.15801096
SDN,2014,5.67619705
SEN,2014,4.38962269
SGP,2014,3.87155652
SLB,2014,4.88791895
SLE,2014,19.69004631
SLV,2014,8.5989418
SMR,2014,8.30091763
SRB,2014,9.24598789
STP,2014,6.73101807
SUR,2014,4.52127838
SVK,2014,6.88
SVN,2014,8.5
SWE,2014,10.95
SWZ,2014,7.25596571
SYC,2014,4.59131193
TCD,2014,4.27316904
TGO,2014,5.07998943
THA,2014,3.68448091
TJK,2014,6.67
TKM,2014,4.30969286
TLS,2014,7.60483742
TON,2014,5.00648069
TTO,2014,4.87136698
TUN,2014,6.45006084
TUR,2014,4.33
TUV,2014,14.6935215
TZA,2014,4.01492071
UGA,2014,5.33653069
UKR,2014,7.2
URY,2014,8.07319641
USA,2014,16.19919777
UZB,2014,4.43
VCT,2014,4.17631912
VNM,2014,4.69078779
VUT,2014,3.64668846
WSM,2014,6.25431204
YEM,2014,4.8418045
ZAF,2014,7.87136555
ZMB,2014,3.82924223
ZWE,2014,8.13227272
AFG,2015,10.10534763
AGO,2015,2.60579467
ALB,2015,6.46411896
AND,2015,6.91586447
ARE,2015,3.46609354
ARG,2015,10.22933674
ARM,2015,10.12
ATG,2015,5.27965546
AUS,2015,10.18225861
AUT,2015,10.37
AZE,2015,4.34
BDI,2015,6.29022646
BEL,2015,10.79745102
BEN,2015,2.72813416
BFA,2015,5.13192415
BGD,2015,2.27217698
BGR,2015,7.39
BHR,2015,4.97671938
BHS,2015,5.16048241
BIH,2015,9.24
BLR,2015,6.07
BLZ,2015,4.65365601
BOL,2015,6.55064964
BRA,2015,8.90929985
BRB,2015,6.83201313
BRN,2015,2.38708901
BTN,2015,3.75701189
BWA,2015,6.10287762
CAF,2015,5.03434181
CAN,2015,10.73869705
CHE,2015,10.77887917
CHL,2015,8.3513937
CHN,2015,4.93827963
CIV,2015,3.2198832
CMR,2015,3.59505081
COD,2015,3.74785447
COG,2015,2.45668483
COL,2015,7.52338552
COM,2015,4.60089922
CPV,2015,4.82334185
CRI,2015,7.59196234
CUB,2015,12.81401348
CYP,2015,6.79
CZE,2015,7.36897945
DEU,2015,11.19047737
DJI,2015,3.3475771
DMA,2015,5.15941811
DNK,2015,10.34
DOM,2015,4.72216797
DZA,2015,6.96321011
ECU,2015,7.60513353
EGY,2015,5.06153202
ERI,2015,4.45034695
ESP,2015,9.12207508
EST,2015,6.64135027
ETH,2015,3.82316828
FIN,2015,9.65
FJI,2015,3.32468939
FRA,2015,11.44817352
FSM,2015,12.46286297
GAB,2015,2.65743947
GBR,2015,9.79776669
GEO,2015,7.42
GHA,2015,4.5429678
GIN,2015,5.80919266
GMB,2015,3.1761291
GNB,2015,8.13228226
GNQ,2015,2.34058356
GRC,2015,8.22004509
GRD,2015,4.64675617
GTM,2015,6.00602007
GUY,2015,4.02264786
HND,2015,7.4837904
HRV,2015,6.69
HTI,2015,5.07518148
HUN,2015,6.85
IDN,2015,2.92428517
IND,2015,3.6
IRL,2015,7.33597517
IRN,2015,7.53311825
IRQ,2015,3.15587044
ISL,2015,8.07
ISR,2015,7.02
ITA,2015,8.86
JAM,2015,5.62470436
JOR,2015,7.4609561
JPN,2015,10.75
KAZ,2015,3.04
KEN,2015,4.76439571
KGZ,2015,7.15
KHM,2015,6.19431591
KIR,2015,8.11
KNA,2015,5.11798382
KOR,2015,6.58926058
KWT,2015,4.21497965
LAO,2015,2.45366454
LBN,2015,7.41596651
LBR,2015,10.46927643
LCA,2015,4.51419878
LKA,2015,3.68
LSO,2015,9.2965641
LTU,2015,6.49
LUX,2015,5.08
LVA,2015,5.65
MAR,2015,5.10435581
MCO,2015,4.31544638
MDA,2015,8.56
MDG,2015,5.0062542
MDV,2015,8.73
MEX,2015,5.72277355
MHL,2015,15.33984375
MKD,2015,6.34
MLI,2015,4.11143351
MLT,2015,8.9
MMR,2015,5.48
MNE,2015,9.02
MNG,2015,4.23154545
MOZ,2015,6.71663332
MRT,2015,3.67363763
MUS,2015,5.55042362
MWI,2015,6.62879086
MYS,2015,3.82201481
NAM,2015,9.98109627
NER,2015,5.34745932
NGA,2015,3.58194995
NIC,2015,7.96303272
NLD,2015,10.32
NOR,2015,10.07
NPL,2015,5.47
NRU,2015,14.00562382
NZL,2015,9.28344345
OMN,2015,4.07826233
PAK,2015,2.45764351
PAN,2015,7.18962574
PER,2015,4.96122217
PHL,2015,3.9
PLW,2015,11.33741093
PNG,2015,1.81881714
POL,2015,6.4
PRT,2015,9.32
PRY,2015,6.69165802
QAT,2015,3.63581347
ROU,2015,4.94
RUS,2015,5.3
RWA,2015,6.65446424
SAU,2015,5.86202002
SDN,2015,5.81112576
SEN,2015,4.37789631
SGP,2015,4.18069839
SLB,2015,4.44578695
SLE,2015,19.65816307
SLV,2015,8.75833225
SMR,2015,8.43315315
SRB,2015,8.81319809
STP,2015,5.34009647
SUR,2015,5.80808163
SVK,2015,6.76
SVN,2015,8.5
SWE,2015,10.8
SWZ,2015,7.05855274
SYC,2015,4.37339973
TCD,2015,4.52395248
TGO,2015,4.95647097
THA,2015,3.8522861
TJK,2015,6.91
TKM,2015,5.11721087
TLS,2015,7.67216587
TON,2015,4.47327423
TTO,2015,5.65026045
TUN,2015,6.21339941
TUR,2015,4.12
TUV,2015,13.52732944
TZA,2015,3.64969945
UGA,2015,5.0745697
UKR,2015,7.78
URY,2015,8.29225731
USA,2015,16.49056816
UZB,2015,4.74
VCT,2015,4.11412001
VNM,2015,4.71140909
VUT,2015,4.32168293
WSM,2015,6.21226454
YEM,2015,4.25285673
ZAF,2015,8.05304241
ZMB,2015,4.42974281
ZWE,2015,7.44982719
