year,iso3,country,region,gdppc,pm25_concentration,population
2008,AFG,Afghanistan,Asia,382.533807216693,13.26,26482629
2008,ALB,Albania,Europe,4370.53971639449,9.91,2992933
2008,DZA,Algeria,Africa,5217.99182157355,6.14,34816962
2008,ASM,American Samoa,Oceania,10019.502245442,0.1,55848
2008,AND,Andorra,Europe,53938.8521336326,5.7,83513
2008,AGO,Angola,Africa,4081.71750626182,14.96,21578655
2008,ATG,Antigua and Barbuda,North America,18708.9733545632,0.52,82926
2008,ARG,Argentina,South America,8977.50685093365,7.47,40424149
2008,ARM,Armenia,Asia,3908.94906011431,16.65,2959996
2008,ABW,Aruba,North America,29011.6390567532,1.21,97815
2008,AUS,Australia,Oceania,49701.2817843335,2.46,21370595
2008,AUT,Austria,Europe,51919.9835754226,12.6,8323250
2008,AZE,Azerbaijan,Asia,5574.46810432575,16.58,8942637
2008,BHS,Bahamas,North America,29013.6302870767,1.68,358133
2008,BHR,Bahrain,Asia,23155.821449155,19.05,1120717
2008,BGD,Bangladesh,Asia,630.148307727773,47.49,149474264
2008,BRB,Barbados,North America,17570.7829148862,0.53,272718
2008,BLR,Belarus,Europe,6376.17569162063,12.32,9529357
2008,BEL,Belgium,Europe,48303.397956286,13.12,10709710
2008,BLZ,Belize,North America,5665.96623188559,2.17,304373
2008,BEN,Benin,Africa,1098.94667867138,11.64,9228469
2008,BMU,Bermuda,North America,106935.486341979,1.22,63319
2008,BTN,Bhutan,Asia,1910.17421799781,20.62,686359
2008,BOL,Bolivia,South America,1687.57849715048,8.79,9850858
2008,BIH,Bosnia and Herzegovina,Europe,4846.79094117894,10.31,3947546
2008,BWA,Botswana,Africa,5345.84875177376,15.14,1949972
2008,BRA,Brazil,South America,8801.75787553359,7.68,190367297
2008,BRN,Brunei Darussalam,Asia,37427.5400573102,7.89,377800
2008,BGR,Bulgaria,Europe,7271.30338858025,11.66,7535590
2008,BFA,Burkina Faso,Africa,621.890271798117,4.23,15258103
2008,BDI,Burundi,Africa,194.710634644444,17.47,8505644
2008,KHM,Cambodia,Asia,742.397972321917,15.56,14053479
2008,CMR,Cameroon,Africa,1476.00907755673,11.78,18574054
2008,CAN,Canada,North America,46710.2526864484,6.7,33449089
2008,CPV,Cape Verde,Africa,3839.86363555731,1.29,501363
2008,CYM,Cayman Islands,North America,89704.2225482118,1.94,51175
2008,CAF,Central African Republic,Africa,446.228770359276,14.13,4558988
2008,TCD,Chad,Africa,936.494137074972,4.98,11476300
2008,CHL,Chile,South America,10797.0473705117,13.14,16838987
2008,CHN,China,Asia,3468.32706307504,44.45,1333821009
2008,COL,Colombia,South America,5534.68944688198,6.52,43758804
2008,COM,Comoros,Africa,1454.65090944099,1.56,629314
2008,CRI,Costa Rica,North America,6841.9114600079,3.03,4440057
2008,CIV,Cote d'Ivoire,Africa,1683.33750616062,9.29,21514445
2008,HRV,Croatia,Europe,15900.4693649251,10.61,4314634
2008,CUB,Cuba,North America,4992.82449445836,2.83,11291764
2008,CYP,Cyprus,Asia,35397.36328125,8.76,1091028
2008,CZE,Czech Republic,Europe,22804.5776774507,15.12,10378296
2008,COD,Dem. Rep. Congo,Africa,317.88921008113,19.95,64390658
2008,DNK,Denmark,Europe,64322.0635020842,6.82,5493766
2008,DJI,Djibouti,Africa,1131.63572564038,6.92,892739
2008,DMA,Dominica,North America,6661.46504737997,0.8,68864
2008,DOM,Dominican Republic,North America,5053.33028494248,2.74,9573136
2008,ECU,Ecuador,South America,4217.44458448304,7.07,14575202
2008,EGY,Egypt,Africa,1941.89997269337,7.91,85864791
2008,SLV,El Salvador,North America,2964.172140237,7.61,6029301
2008,GNQ,Equatorial Guinea,Africa,19849.7177669705,12.0,1084538
2008,ERI,Eritrea,Africa,459.178402670323,6.47,2816331
2008,EST,Estonia,Europe,18204.9664786762,7.04,1337078
2008,ETH,Ethiopia,Africa,320.861089711683,10.82,85543671
2008,FRO,Faeroe Islands,Europe,51431.9730976048,1.5,48528
2008,FJI,Fiji,Oceania,3928.92173857964,0.18,903403
2008,FIN,Finland,Europe,53772.7942390019,5.84,5313381
2008,FRA,France,Europe,45515.9617533473,11.02,62780187
2008,PYF,French Polynesia,Oceania,25437.6685817517,0.15,268390
2008,GAB,Gabon,Africa,9732.22653332604,16.52,1607182
2008,GMB,Gambia,Africa,857.858239870456,3.82,1817859
2008,GEO,Georgia,Asia,3324.7537205015,14.24,3941193
2008,DEU,Germany,Europe,45612.7106221441,11.74,81110781
2008,GHA,Ghana,Africa,1178.95587732926,11.94,24249946
2008,GRC,Greece,Europe,32127.9831943287,10.5,11076873
2008,GRL,Greenland,North America,44366.7858688175,1.17,56684
2008,GRD,Grenada,North America,7343.44526962639,0.58,110911
2008,GUM,Guam,Oceania,28277.432083776,0.3,165704
2008,GTM,Guatemala,North America,2802.45158245094,8.25,13935173
2008,GIN,Guinea,Africa,712.099416076712,5.92,9898870
2008,GNB,Guinea-Bissau,Africa,640.048174194621,4.28,1488060
2008,GUY,Guyana,South America,4011.386903582,1.31,754615
2008,HTI,Haiti,North America,1089.57634564151,3.69,9530783
2008,HND,Honduras,North America,1713.41816440351,5.79,8012590
2008,HKG,Hong Kong,Asia,31515.5292103443,31.87,7020689
2008,HUN,Hungary,Europe,15772.3300839383,12.82,10016655
2008,ISL,Iceland,Europe,56943.3704468563,1.26,317519
2008,IND,India,Asia,993.503405259298,47.23,1207930962
2008,IDN,Indonesia,Asia,2144.38954419287,10.3,240157901
2008,IRN,Iran,Asia,5623.91168093228,12.04,75514200
2008,IRQ,Iraq,Asia,4504.50810924484,15.19,28971042
2008,IRL,Ireland,Europe,61353.1065629523,5.23,4485992
2008,IMN,Isle of Man,Europe,72304.9807352883,6.88,82046
2008,ISR,Israel,Asia,30173.3615938856,8.61,7082621
2008,ITA,Italy,Europe,40944.9124194678,11.95,59561686
2008,JAM,Jamaica,North America,5056.25803606977,2.09,2725632
2008,JPN,Japan,Asia,39876.3039685725,12.68,128155991
2008,JOR,Jordan,Asia,3416.12390126122,8.1,6989874
2008,KAZ,Kazakhstan,Asia,8458.01947450022,10.07,16426527
2008,KEN,Kenya,Africa,915.998915654065,8.09,39206349
2008,KIR,Kiribati,Oceania,1411.90543571667,0.19,104235
2008,KWT,Kuwait,Asia,55595.4843129592,21.42,2651433
2008,KGZ,Kyrgyzstan,Asia,966.393838565694,12.56,5342531
2008,LAO,Laos,Asia,887.639592455099,23.31,6148974
2008,LVA,Latvia,Europe,16467.1436879405,8.81,2177711
2008,LBN,Lebanon,Asia,5957.69675411548,9.94,4925360
2008,LSO,Lesotho,Africa,885.65930324266,11.41,1966547
2008,LBR,Liberia,Africa,456.144699881365,6.87,3821007
2008,LBY,Libya,Africa,13921.9037107842,4.09,6235433
2008,LIE,Liechtenstein,Europe,143540.573432591,9.76,35466
2008,LTU,Lithuania,Europe,14944.996652175,10.71,3198483
2008,LUX,Luxembourg,Europe,120422.137934157,10.12,488995
2008,MAC,Macao,Asia,39745.7618028691,37.75,535937
2008,MKD,Macedonia,Europe,5026.4202989873,10.6,2070840
2008,MDG,Madagascar,Africa,522.830621952534,2.75,20923841
2008,MWI,Malawi,Africa,557.519009408402,11.17,13976416
2008,MYS,Malaysia,Asia,8343.3033817446,13.07,27570054
2008,MDV,Maldives,Asia,6743.1309608974,2.2,336178
2008,MLI,Mali,Africa,676.127001144005,3.07,14940785
2008,MLT,Malta,Europe,22205.3567709304,4.22,418969
2008,MHL,Marshall Islands,Oceania,2716.81582429744,0.08,52049
2008,MRT,Mauritania,Africa,1610.2369793316,1.84,3183278
2008,MUS,Mauritius,Africa,8030.05228087539,0.3,1274634
2008,MEX,Mexico,North America,10589.9518729134,13.18,110374285
2008,FSM,Micronesia,Oceania,2420.7490064763,0.1,108947
2008,MDA,Moldova,Europe,2110.55305353857,10.74,3779501
2008,MCO,Monaco,Europe,204097.113958028,10.38,31861
2008,MNG,Mongolia,Asia,2134.94983195668,5.77,2634431
2008,MNE,Montenegro,Europe,7367.75190910882,8.2,632854
2008,MAR,Morocco,Africa,3180.17065429688,5.48,31606768
2008,MOZ,Mozambique,Africa,591.439837606183,8.88,21819035
2008,MMR,Myanmar,Asia,653.866000185961,19.55,48390791
2008,NAM,Namibia,Africa,4222.32618912577,9.29,2047059
2008,NRU,Nauru,Oceania,3671.02067076903,0.2,10032
2008,NPL,Nepal,Asia,466.693379122712,42.25,26990038
2008,NLD,Netherlands,Europe,57879.9437553916,12.78,16597257
2008,NCL,New Caledonia,Oceania,37353.7374256261,0.33,253832
2008,NZL,New Zealand,Oceania,31252.9625640673,1.54,4261819
2008,NIC,Nicaragua,North America,1493.90454426773,3.07,5576597
2008,NER,Niger,Africa,472.178427355585,4.19,15361920
2008,NGA,Nigeria,Africa,2227.79034922679,14.67,157595017
2008,MNP,Northern Mariana Islands,Oceania,15641.657782516,0.39,57164
2008,NOR,Norway,Europe,97503.5407803783,4.16,4768099
2008,OMN,Oman,Asia,22974.2773504319,10.67,2626536
2008,PAK,Pakistan,Asia,1087.51477702611,33.59,189499114
2008,PLW,Palau,Oceania,10531.2188849151,0.19,19029
2008,PAN,Panama,North America,7197.11078610101,1.43,3500643
2008,PNG,Papua New Guinea,Oceania,1635.03956584558,0.99,7183002
2008,PRY,Paraguay,South America,4360.4291089526,7.49,5613576
2008,PER,Peru,South America,4184.88598248749,13.79,28719038
2008,PHL,Philippines,Asia,1990.35612886581,7.66,92699093
2008,POL,Poland,Europe,13995.7811598115,16.22,37995902
2008,PRT,Portugal,Europe,24949.0413566739,6.76,10564085
2008,PRI,Puerto Rico,North America,24898.3345857045,1.35,3749129
2008,QAT,Qatar,Asia,79811.5977371757,22.1,1426942
2008,COG,Republic of Congo,Africa,2848.6531631791,22.7,4113514
2008,ROU,Romania,Europe,10435.2179803541,12.07,20718744
2008,RUS,Russia,Europe,11635.2841796875,11.92,143811835
2008,RWA,Rwanda,Africa,529.529272024533,18.97,9804268
2008,KNA,Saint Kitts and Nevis,North America,16491.8850906212,0.6,46857
2008,LCA,Saint Lucia,North America,8528.68208470429,0.87,168815
2008,VCT,Saint Vincent and the Grenadines,North America,6641.49587783512,0.61,111046
2008,WSM,Samoa,Oceania,3344.05455878019,0.1,190118
2008,SMR,San Marino,Europe,77962.1439875871,10.25,29720
2008,STP,Sao Tome and Principe,Africa,1080.55656768454,8.82,173808
2008,SAU,Saudi Arabia,Asia,18944.859586127,12.21,23287883
2008,SEN,Senegal,Africa,1419.5309032462,3.24,12048962
2008,SRB,Serbia,Europe,7101.04014116862,11.59,7454285
2008,SYC,Seychelles,Africa,11265.4376270005,0.46,92563
2008,SLE,Sierra Leone,Africa,402.553405463525,6.29,5894728
2008,SGP,Singapore,Asia,40008.5720489092,14.3,4806742
2008,SVK,Slovakia,Europe,18753.5849413816,14.23,5379125
2008,SVN,Slovenia,Europe,27595.5999653992,12.03,2025090
2008,SLB,Solomon Islands,Oceania,1504.52749470466,0.21,508802
2008,SOM,Somalia,Africa,516.704889868189,3.52,11663088
2008,ZAF,South Africa,Africa,6251.87742691265,17.44,51114595
2008,KOR,South Korea,Asia,21350.427979823,23.5,48356486
2008,SSD,South Sudan,Africa,1653.04153713909,8.55,8817645
2008,ESP,Spain,Europe,35510.7222312701,7.93,46235055
2008,LKA,Sri Lanka,Asia,2007.02665500962,8.26,20629377
2008,PSE,State of Palestine,Asia,2035.20234121766,9.07,3829038
2008,SDN,Sudan,Africa,1585.58239746094,4.8,33623981
2008,SUR,Suriname,South America,6616.8151257419,1.02,537252
2008,SWZ,Swaziland,Africa,3022.45617748042,16.56,1098098
2008,SWE,Sweden,Europe,56152.552340314,5.4,9219903
2008,CHE,Switzerland,Europe,74175.1927898555,11.96,7641729
2008,SYR,Syria,Asia,2447.50716168131,12.0,21636565
2008,TJK,Tajikistan,Asia,704.650178811389,29.57,7338403
2008,TZA,Tanzania,Africa,671.244445800781,8.98,42570728
2008,THA,Thailand,Asia,4327.79747040393,26.72,67619834
2009,AFG,Afghanistan,Asia,453.387385142577,10.51,27466101
2009,ALB,Albania,Europe,4114.13403283023,9.01,2961487
2009,DZA,Algeria,Africa,4270.85845146029,4.66,35490443
2009,ASM,American Samoa,Oceania,12191.5977314597,0.1,55541
2009,AND,Andorra,Europe,49950.9334988206,5.48,83908
2009,AGO,Angola,Africa,3123.69888517374,14.98,22414774
2009,ATG,Antigua and Barbuda,North America,16401.0273315405,0.5,84192
2009,ARG,Argentina,South America,8184.38988923991,7.19,40854832
2009,ARM,Armenia,Asia,2917.36624185176,14.01,2945518
2009,ABW,Aruba,North America,25740.7702303087,1.5,99040
2009,AUS,Australia,Oceania,42816.5674002829,2.92,21783014
2009,AUT,Austria,Europe,48153.3240199631,13.91,8345072
2009,AZE,Azerbaijan,Asia,4950.39949009423,14.25,9046336
2009,BHS,Bahamas,North America,27120.6905452145,1.38,362807
2009,BHR,Bahrain,Asia,19448.1832553789,21.45,1183616
2009,BGD,Bangladesh,Asia,698.503078776717,54.68,150873716
2009,BRB,Barbados,North America,16314.6692184915,0.53,274137
2009,BLR,Belarus,Europe,5352.48809190697,14.76,9507334
2009,BEL,Belgium,Europe,44760.2912443709,13.66,10812936
2009,BLZ,Belize,North America,5352.09598732755,2.55,312618
2009,BEN,Benin,Africa,1061.71835954714,10.89,9509432
2009,BMU,Bermuda,North America,101407.764031934,1.03,63587
2009,BTN,Bhutan,Asia,1908.24964779322,25.19,693995
2009,BOL,Bolivia,South America,1725.14628617645,7.2,10016280
2009,BIH,Bosnia and Herzegovina,Europe,4542.31167332328,11.07,3879798
2009,BWA,Botswana,Africa,4938.24990584092,12.64,1990671
2009,BRA,Brazil,South America,8569.90254736072,7.51,192079956
2009,BRN,Brunei Darussalam,Asia,27497.546869338,13.36,384964
2009,BGR,Bulgaria,Europe,6988.27316296465,9.64,7488018
2009,BFA,Burkina Faso,Africa,603.877545561486,4.27,15710065
2009,BDI,Burundi,Africa,204.544755595219,16.0,8947653
2009,KHM,Cambodia,Asia,734.815118652103,14.74,14276819
2009,CMR,Cameroon,Africa,1445.86024800164,12.55,19113979
2009,CAN,Canada,North America,40874.8831932903,6.35,33826369
2009,CPV,Cape Verde,Africa,3592.31587892127,1.18,506149
2009,CYM,Cayman Islands,North America,81398.3236004786,1.85,52638
2009,CAF,Central African Republic,Africa,452.922236469512,15.19,4529051
2009,TCD,Chad,Africa,808.161523513674,6.03,11893752
2009,CHL,Chile,South America,10204.5588537616,12.87,17009728
2009,CHN,China,Asia,3832.2274569094,43.99,1342522709
2009,COL,Colombia,South America,5245.95158468149,7.47,44271541
2009,COM,Comoros,Africa,1409.10667152145,1.69,641947
2009,CRI,Costa Rica,North America,6737.8607505315,2.82,4499788
2009,CIV,Cote d'Ivoire,Africa,1638.80468544921,9.21,21997937
2009,HRV,Croatia,Europe,14422.9198619352,12.13,4310537
2009,CUB,Cuba,North America,5094.43756186586,2.91,11294716
2009,CYP,Cyprus,Asia,32236.53515625,6.21,1109377
2009,CZE,Czech Republic,Europe,19861.6974295256,18.11,10420986
2009,COD,Dem. Rep. Congo,Africa,290.155675073525,20.04,66412040
2009,DNK,Denmark,Europe,58163.2768762815,8.21,5523168
2009,DJI,Djibouti,Africa,1164.25168346453,6.42,911523
2009,DMA,Dominica,North America,7109.9782527814,0.79,68881
2009,DOM,Dominican Republic,North America,5002.15316981585,2.79,9695269
2009,ECU,Ecuador,South America,4076.23494804164,7.7,14825961
2009,EGY,Egypt,Africa,2212.21814788932,7.35,87501636
2009,SLV,El Salvador,North America,2889.68588721937,7.07,6048284
2009,GNQ,Equatorial Guinea,Africa,14398.770485777,11.16,1135684
2009,ERI,Eritrea,Africa,602.063223832873,6.28,2887888
2009,EST,Estonia,Europe,14711.7352728223,8.24,1334528
2009,ETH,Ethiopia,Africa,373.893958712145,10.44,88007639
2009,FRO,Faeroe Islands,Europe,47410.9556269077,1.32,48512
2009,FJI,Fiji,Oceania,3184.68912291481,0.2,907247
2009,FIN,Finland,Europe,47481.4845364339,7.11,5338855
2009,FRA,France,Europe,41737.7635518137,11.6,63106461
2009,PYF,French Polynesia,Oceania,23326.0875573006,0.11,269496
2009,GAB,Gabon,Africa,7325.90951318545,14.47,1661566
2009,GMB,Gambia,Africa,772.124933818401,3.59,1871431
2009,GEO,Georgia,Asia,2822.68939668797,11.43,3918936
2009,DEU,Germany,Europe,41650.3678297162,12.42,80935275
2009,GHA,Ghana,Africa,1044.00498892672,12.78,24862668
2009,GRC,Greece,Europe,29828.7560245271,8.01,11108069
2009,GRL,Greenland,North America,44918.8413832155,0.77,56548
2009,GRD,Grenada,North America,6810.44031784436,0.63,111266
2009,GUM,Guam,Oceania,29335.2776765099,0.35,166188
2009,GTM,Guatemala,North America,2651.83174404335,9.43,14215615
2009,GIN,Guinea,Africa,670.261253626844,5.73,10143540
2009,GNB,Guinea-Bissau,Africa,582.877268776159,4.0,1526384
2009,GUY,Guyana,South America,4213.81622922287,1.22,752095
2009,HTI,Haiti,North America,1191.80292543805,3.62,9689586
2009,HND,Honduras,North America,1762.34916029174,5.78,8189904
2009,HKG,Hong Kong,Asia,30697.5383861641,31.03,7064465
2009,HUN,Hungary,Europe,13077.305465178,16.52,10001382
2009,ISL,Iceland,Europe,41301.273219718,1.28,318619
2009,IND,India,Asia,1096.63613606381,45.33,1225524760
2009,IDN,Indonesia,Asia,2239.09526529896,11.08,243220024
2009,IRN,Iran,Asia,5602.5562818391,12.03,76457832
2009,IRQ,Iraq,Asia,3686.40208888479,14.99,30058207
2009,IRL,Ireland,Europe,52133.0906162544,4.68,4533750
2009,IMN,Isle of Man,Europe,66175.2547436921,5.79,82955
2009,ISR,Israel,Asia,28317.0408441487,7.43,7206096
2009,ITA,Italy,Europe,37226.7571935402,12.58,59904016
2009,JAM,Jamaica,North America,4452.12079882126,2.3,2737001
2009,JPN,Japan,Asia,41308.9968370512,12.43,128192471
2009,JOR,Jordan,Asia,3618.89261685515,7.55,7141763
2009,KAZ,Kazakhstan,Asia,7165.22477794014,9.21,16619850
2009,KEN,Kenya,Africa,1049.12179424341,7.5,40408887
2009,KIR,Kiribati,Oceania,1324.43601505632,0.12,106479
2009,KWT,Kuwait,Asia,37906.2051851748,20.06,2795490
2009,KGZ,Kyrgyzstan,Asia,871.224226887324,10.05,5398013
2009,LAO,Laos,Asia,936.790193410368,25.69,6241649
2009,LVA,Latvia,Europe,12331.9285524089,10.68,2142043
2009,LBN,Lebanon,Asia,7149.7914980484,8.22,4992293
2009,LSO,Lesotho,Africa,866.475127181991,12.74,1980885
2009,LBR,Liberia,Africa,452.745228889857,6.95,3943036
2009,LBY,Libya,Africa,9560.80753446227,3.67,6366688
2009,LIE,Liechtenstein,Europe,126261.397282982,9.16,35739
2009,LTU,Lithuania,Europe,11820.7761591359,12.78,3163258
2009,LUX,Luxembourg,Europe,109419.746953106,10.16,498195
2009,MAC,Macao,Asia,39754.9761535003,36.23,549491
2009,MKD,Macedonia,Europe,4799.78722768888,8.74,2060601
2009,MDG,Madagascar,Africa,455.407373772766,3.33,21547277
2009,MWI,Malawi,Africa,630.109154083703,11.27,14395788
2009,MYS,Malaysia,Asia,7167.87719423373,15.73,28124780
2009,MDV,Maldives,Asia,6719.33025725066,2.36,348282
2009,MLI,Mali,Africa,680.649958587557,2.85,15435537
2009,MLT,Malta,Europe,21083.2770528363,4.51,420800
2009,MHL,Marshall Islands,Oceania,2815.41356801422,0.08,52038
2009,MRT,Mauritania,Africa,1418.94084292347,1.47,3284455
2009,MUS,Mauritius,Africa,7318.12640972422,0.36,1278977
2009,MEX,Mexico,North America,8495.65308003777,13.86,111999721
2009,FSM,Micronesia,Oceania,2598.40360440538,0.11,107968
2009,MDA,Moldova,Europe,1898.43975710988,13.15,3706211
2009,MCO,Monaco,Europe,168957.10787757,10.58,32388
2009,MNG,Mongolia,Asia,1718.91402182752,5.23,2665331
2009,MNE,Montenegro,Europe,6727.10776676969,7.6,632445
2009,MAR,Morocco,Africa,3118.1416015625,4.57,32030779
2009,MOZ,Mozambique,Africa,546.600732462517,8.07,22391752
2009,MMR,Myanmar,Asia,752.944035899187,21.66,48660458
2009,NAM,Namibia,Africa,4322.62926597991,9.2,2077400
2009,NRU,Nauru,Oceania,4317.03757932603,0.1,10041
2009,NPL,Nepal,Asia,475.63597612014,42.95,27173035
2009,NLD,Netherlands,Europe,52722.2130568997,12.65,16684147
2009,NCL,New Caledonia,Oceania,35391.0880349722,0.38,257259
2009,NZL,New Zealand,Oceania,28209.3623271229,1.56,4304304
2009,NIC,Nicaragua,North America,1438.08682340939,3.3,5656605
2009,NER,Niger,Africa,458.421890235321,3.6,15943673
2009,NGA,Nigeria,Africa,1883.88778309689,13.88,162049465
2009,MNP,Northern Mariana Islands,Oceania,13933.6791923724,0.39,55345
2009,NOR,Norway,Europe,80347.5700665184,4.79,4828624
2009,OMN,Oman,Asia,17937.9795676859,9.32,2684665
2009,PAK,Pakistan,Asia,985.349300762774,28.66,194376535
2009,PLW,Palau,Oceania,10092.3183809542,0.28,18733
2009,PAN,Panama,North America,7618.43845900774,1.54,3564383
2009,PNG,Papua New Guinea,Oceania,1578.96862832112,1.07,7406442
2009,PRY,Paraguay,South America,3920.18607071017,7.12,5671245
2009,PER,Peru,South America,4164.97048299155,13.53,28896818
2009,PHL,Philippines,Asia,1893.28164063577,9.03,94384256
2009,POL,Poland,Europe,11525.9007370991,21.22,38002154
2009,PRT,Portugal,Europe,23151.2154130712,6.72,10576264
2009,PRI,Puerto Rico,North America,25768.7258883384,1.42,3735014
2009,QAT,Qatar,Asia,60733.9817002272,24.03,1586052
2009,COG,Republic of Congo,Africa,2283.94987239428,23.37,4281219
2009,ROU,Romania,Europe,8548.04859012993,13.59,20576923
2009,RUS,Russia,Europe,8562.82421875,13.49,143869130
2009,RWA,Rwanda,Africa,564.976632424991,17.05,10060440
2009,KNA,Saint Kitts and Nevis,North America,16374.256885994,0.58,46941
2009,LCA,Saint Lucia,North America,8259.32233799025,0.9,169880
2009,VCT,Saint Vincent and the Grenadines,North America,6503.09777184322,0.61,110522
2009,WSM,Samoa,Oceania,3250.95309678248,0.1,191530
2009,SMR,San Marino,Europe,66200.6729727817,11.6,30113
2009,STP,Sao Tome and Principe,Africa,1126.53858479155,8.57,177867
2009,SAU,Saudi Arabia,Asia,15064.6301357458,12.2,24217654
2009,SEN,Senegal,Africa,1323.9712258938,2.81,12337391
2009,SRB,Serbia,Europe,6169.11419477823,12.68,7425346
2009,SYC,Seychelles,Africa,9747.09180546291,0.43,93644
2009,SLE,Sierra Leone,Africa,386.433868490557,6.74,6055655
2009,SGP,Singapore,Asia,38926.8054365453,19.62,4968573
2009,SVK,Slovakia,Europe,16597.2084581361,18.44,5385074
2009,SVN,Slovenia,Europe,24792.1279805504,12.81,2035611
2009,SLB,Solomon Islands,Oceania,1526.15990773608,0.21,518150
2009,SOM,Somalia,Africa,251.371291706029,3.07,11961204
2009,ZAF,South Africa,Africa,6444.18684044519,17.78,51728518
2009,KOR,South Korea,Asia,19143.8516053025,25.64,48546689
2009,SSD,South Sudan,Africa,1325.2750772158,10.26,9243558
2009,ESP,Spain,Europe,32169.5028548583,6.91,46635182
2009,LKA,Sri Lanka,Asia,2053.76645085487,7.45,20756435
2009,PSE,State of Palestine,Asia,2191.78178736868,8.14,3921243
2009,SDN,Sudan,Africa,1223.90344238281,5.78,34569115
2009,SUR,Suriname,South America,7176.85765780579,0.84,543580
2009,SWZ,Swaziland,Africa,3270.1377612043,15.79,1105157
2009,SWE,Sweden,Europe,46946.9602719954,6.35,9298738
2009,CHE,Switzerland,Europe,71568.3123885672,12.13,7737642
2009,SYR,Syria,Asia,2479.0942337843,10.75,21976971
2009,TJK,Tajikistan,Asia,666.721344206247,23.28,7490233
2009,TZA,Tanzania,Africa,688.710388183594,8.69,43633977
2009,THA,Thailand,Asia,4154.18744707842,25.67,68121076
2010,AFG,Afghanistan,Asia,562.499221552971,11.93,28284088
2010,ALB,Albania,Europe,4094.34968570481,9.72,2928730
2010,DZA,Algeria,Africa,4958.2593791361,5.44,36188236
2010,ASM,American Samoa,Oceania,10446.8632062572,0.1,55245
2010,AND,Andorra,Europe,48237.8911738235,5.17,80726
2010,AGO,Angola,Africa,3586.66369358621,15.7,23294821
2010,ATG,Antigua and Barbuda,North America,15149.7235026029,0.54,85337
2010,ARG,Argentina,South America,10385.9644319555,6.82,41288694
2010,ARM,Armenia,Asia,3143.0294799683,18.59,2931083
2010,ABW,Aruba,North America,24452.5887394376,1.31,100127
2010,AUS,Australia,Oceania,52147.0241942843,2.4,22141583
2010,AUT,Austria,Europe,46903.7615854343,13.7,8365087
2010,AZE,Azerbaijan,Asia,5843.5337683582,16.94,9146852
2010,BHS,Bahamas,North America,27046.6576651879,1.55,367482
2010,BHR,Bahrain,Asia,21186.8143292279,17.25,1213250
2010,BGD,Bangladesh,Asia,776.835743954765,47.67,152201977
2010,BRB,Barbados,North America,16507.4305360907,0.54,275250
2010,BLR,Belarus,Europe,6034.67885177216,16.96,9490752
2010,BEL,Belgium,Europe,44184.946353964,15.48,10936620
2010,BLZ,Belize,North America,5399.06209583265,2.97,320256
2010,BEN,Benin,Africa,1009.48949478478,14.34,9797488
2010,BMU,Bermuda,North America,101875.28407346,1.13,63748
2010,BTN,Bhutan,Asia,2371.97209032796,20.59,701639
2010,BOL,Bolivia,South America,1922.05857050664,14.47,10182345
2010,BIH,Bosnia and Herzegovina,Europe,4506.93235205533,11.64,3811480
2010,BWA,Botswana,Africa,6041.73205119653,17.73,2033110
2010,BRA,Brazil,South America,11249.2918904352,8.83,193701931
2010,BRN,Brunei Darussalam,Asia,34609.7119829323,7.97,392340
2010,BGR,Bulgaria,Europe,6863.66706774052,13.09,7437594
2010,BFA,Burkina Faso,Africa,627.270395707064,5.08,16176504
2010,BDI,Burundi,Africa,222.660583208376,15.6,9376447
2010,KHM,Cambodia,Asia,782.695738595564,15.83,14500732
2010,CMR,Cameroon,Africa,1383.81386413817,15.58,19668064
2010,CAN,Canada,North America,47560.6666009406,6.58,34196901
2010,CPV,Cape Verde,Africa,3500.97746776661,0.9,509794
2010,CYM,Cayman Islands,North America,76873.1953208127,1.89,54119
2010,CAF,Central African Republic,Africa,459.776981833241,16.76,4493001
2010,TCD,Chad,Africa,896.876704620394,5.84,12312582
2010,CHL,Chile,South America,12764.5931178671,12.32,17181462
2010,CHN,China,Asia,4550.47394356715,44.12,1351561511
2010,COL,Colombia,South America,6392.75802564031,9.71,44777325
2010,COM,Comoros,Africa,1384.06328257479,1.89,654845
2010,CRI,Costa Rica,North America,8147.24398493375,1.84,4555965
2010,CIV,Cote d'Ivoire,Africa,1654.17795949757,10.61,22488068
2010,HRV,Croatia,Europe,13697.4521970764,12.43,4301152
2010,CUB,Cuba,North America,5275.53260105122,2.92,11297413
2010,CYP,Cyprus,Asia,31105.02734375,7.39,1127825
2010,CZE,Czech Republic,Europe,19960.0684872157,21.51,10464035
2010,COD,Dem. Rep. Congo,Africa,324.827726109271,20.86,68563037
2010,DNK,Denmark,Europe,58041.3984363385,8.86,5547866
2010,DJI,Djibouti,Africa,1227.82085311429,6.92,930251
2010,DMA,Dominica,North America,7182.40020254419,0.9,68872
2010,DOM,Dominican Republic,North America,5509.56803417837,3.22,9820181
2010,ECU,Ecuador,South America,4546.57877452911,10.96,15076695
2010,EGY,Egypt,Africa,2509.77203417522,7.63,89196070
2010,SLV,El Salvador,North America,3017.3073947577,7.14,6068252
2010,GNQ,Equatorial Guinea,Africa,14905.5145764646,15.65,1189096
2010,ERI,Eritrea,Africa,504.972460176652,6.84,2945185
2010,EST,Estonia,Europe,14663.0446126465,9.75,1331450
2010,ETH,Ethiopia,Africa,335.438495270931,11.97,90538520
2010,FRO,Faeroe Islands,Europe,48167.6675141519,1.12,48189
2010,FJI,Fiji,Oceania,3469.14964254878,0.17,910426
2010,FIN,Finland,Europe,46505.3031791811,7.49,5363347
2010,FRA,France,Europe,40676.0647913181,11.63,63417366
2010,PYF,French Polynesia,Oceania,21447.8582553167,0.11,270589
2010,GAB,Gabon,Africa,8399.59734808121,17.57,1719883
2010,GMB,Gambia,Africa,796.631829179134,3.75,1926635
2010,GEO,Georgia,Asia,3281.72930937343,15.46,3895933
2010,DEU,Germany,Europe,41572.4559481507,15.24,80830917
2010,GHA,Ghana,Africa,1258.96419689048,14.35,25475001
2010,GRC,Greece,Europe,26716.6488260274,10.68,11124665
2010,GRL,Greenland,North America,43988.5280290494,0.9,56634
2010,GRD,Grenada,North America,6760.97488416081,0.6,111601
2010,GUM,Guam,Oceania,30011.2185803948,0.2,166533
2010,GTM,Guatemala,North America,2852.55759284808,8.0,14500117
2010,GIN,Guinea,Africa,667.281601897555,5.79,10396091
2010,GNB,Guinea-Bissau,Africa,599.859967945903,4.24,1566350
2010,GUY,Guyana,South America,4589.87249766592,1.22,749258
2010,HTI,Haiti,North America,1204.86206528423,4.07,9803299
2010,HND,Honduras,North America,1874.27170372599,6.04,8365882
2010,HKG,Hong Kong,Asia,32550.136489179,26.4,7101612
2010,HUN,Hungary,Europe,13217.5045951108,18.73,9979129
2010,ISL,Iceland,Europe,43237.0729488958,1.24,318163
2010,IND,India,Asia,1350.63447029137,43.17,1243481564
2010,IDN,Indonesia,Asia,3094.44307866403,10.26,246305326
2010,IRN,Iran,Asia,6458.57395613765,12.42,77420852
2010,IRQ,Iraq,Asia,4430.42624189518,14.9,31045365
2010,IRL,Ireland,Europe,48663.6004439251,4.4,4559083
2010,IMN,Isle of Man,Europe,70625.2062497235,6.17,83883
2010,ISR,Israel,Asia,31266.6053174383,7.42,7336737
2010,ITA,Italy,Europe,36035.6449950691,12.13,60164212
2010,JAM,Jamaica,North America,4835.79108651148,2.14,2748573
2010,JPN,Japan,Asia,44968.1562349739,10.92,128185273
2010,JOR,Jordan,Asia,3914.70123105389,7.05,7297045
2010,KAZ,Kazakhstan,Asia,9070.48825285747,10.01,16836809
2010,KEN,Kenya,Africa,1093.63962367926,8.5,41598570
2010,KIR,Kiribati,Oceania,1528.89975749675,0.16,108717
2010,KWT,Kuwait,Asia,39212.4653757405,19.82,2943372
2010,KGZ,Kyrgyzstan,Asia,880.038521818228,12.46,5491763
2010,LAO,Laos,Asia,1127.83482203842,29.48,6334198
2010,LVA,Latvia,Europe,11420.9940032836,12.79,2097834
2010,LBN,Lebanon,Asia,7695.24541457279,8.41,5041290
2010,LSO,Lesotho,Africa,1104.8115468317,14.33,1996257
2010,LBR,Liberia,Africa,497.020365397034,6.59,4058897
2010,LBY,Libya,Africa,11611.3623534766,4.24,6497838
2010,LIE,Liechtenstein,Europe,141466.827324144,8.54,36021
2010,LTU,Lithuania,Europe,11987.508411647,15.98,3097719
2010,LUX,Luxembourg,Europe,110885.991378721,12.56,507418
2010,MAC,Macao,Asia,50676.3870819204,33.34,562810
2010,MKD,Macedonia,Europe,4833.36586759968,10.64,2051510
2010,MDG,Madagascar,Africa,459.375407996579,3.39,22183343
2010,MWI,Malawi,Africa,688.139191185368,11.21,14826466
2010,MYS,Malaysia,Asia,8880.14580454109,12.25,28655771
2010,MDV,Maldives,Asia,7158.06141101431,2.46,360801
2010,MLI,Mali,Africa,688.327865858558,3.44,15945201
2010,MLT,Malta,Europe,21798.9142935915,4.73,422652
2010,MHL,Marshall Islands,Oceania,3007.14236561261,0.09,52065
2010,MRT,Mauritania,Africa,1646.13042756814,1.59,3390967
2010,MUS,Mauritius,Africa,8000.37643182154,0.38,1282710
2010,MEX,Mexico,North America,9823.16407459477,12.84,113623897
2010,FSM,Micronesia,Oceania,2760.0113395546,0.11,107558
2010,MDA,Moldova,Europe,2436.79935102421,15.99,3631993
2010,MCO,Monaco,Europe,161780.745361248,11.15,33187
2010,MNG,Mongolia,Asia,2660.28817507398,5.22,2701738
2010,MNE,Montenegro,Europe,6688.40259641346,8.89,632090
2010,MAR,Morocco,Africa,3067.85180664063,5.39,32467008
2010,MOZ,Mozambique,Africa,494.584022000439,8.53,22999235
2010,MMR,Myanmar,Asia,1003.03345506033,20.65,49024376
2010,NAM,Namibia,Africa,5445.42006302741,9.84,2109813
2010,NRU,Nauru,Oceania,4644.35549364565,0.2,10067
2010,NPL,Nepal,Asia,589.165434913038,40.35,27341955
2010,NLD,Netherlands,Europe,50999.7451168879,15.11,16771232
2010,NCL,New Caledonia,Oceania,37494.8952028518,0.34,261580
2010,NZL,New Zealand,Oceania,33676.7741239925,1.59,4347767
2010,NIC,Nicaragua,North America,1495.72918990272,3.17,5737451
2010,NER,Niger,Africa,471.61268796898,4.04,16548832
2010,NGA,Nigeria,Africa,2280.11128904338,18.12,166642887
2010,MNP,Northern Mariana Islands,Oceania,14772.4961635883,0.3,54108
2010,NOR,Norway,Europe,88163.2085931423,3.9,4889160
2010,OMN,Oman,Asia,22552.1990071233,9.51,2757451
2010,PAK,Pakistan,Asia,1011.59718017727,32.97,199239047
2010,PLW,Palau,Oceania,10149.637035053,0.18,18418
2010,PAN,Panama,North America,8124.55830734871,1.38,3628537
2010,PNG,Papua New Guinea,Oceania,1879.24055902232,1.08,7633523
2010,PRY,Paraguay,South America,4725.72634101583,9.72,5737974
2010,PER,Peru,South America,5047.2046433225,16.37,29086021
2010,PHL,Philippines,Asia,2201.77682813479,8.24,96337126
2010,POL,Poland,Europe,12504.2501856093,26.28,38095356
2010,PRT,Portugal,Europe,22520.6423124045,6.76,10578659
2010,PRI,Puerto Rico,North America,26435.74878578,1.51,3714835
2010,QAT,Qatar,Asia,73021.3097525035,19.83,1709240
2010,COG,Republic of Congo,Africa,2962.76248130765,24.74,4462303
2010,ROU,Romania,Europe,8397.80917311457,16.39,20432576
2010,RUS,Russia,Europe,10674.990234375,15.04,143934468
2010,RWA,Rwanda,Africa,594.115673355408,16.83,10317559
2010,KNA,Saint Kitts and Nevis,North America,16427.6210053903,0.62,46871
2010,LCA,Saint Lucia,North America,8672.21566785729,0.85,170920
2010,VCT,Saint Vincent and the Grenadines,North America,6590.98957888616,0.61,109976
2010,WSM,Samoa,Oceania,3494.39522455198,0.1,193035
2010,SMR,San Marino,Europe,59516.3233988223,11.18,30648
2010,STP,Sao Tome and Principe,Africa,1043.28142666295,8.35,181811
2010,SAU,Saudi Arabia,Asia,17958.9444813361,11.17,25157135
2010,SEN,Senegal,Africa,1286.60496647046,2.92,12635418
2010,SRB,Serbia,Europe,5735.42285659849,14.42,7395872
2010,SYC,Seychelles,Africa,10934.79494629,0.53,94993
2010,SLE,Sierra Leone,Africa,400.540743708337,5.82,6222715
2010,SGP,Singapore,Asia,47236.683084953,12.22,5077019
2010,SVK,Slovakia,Europe,16908.8479564876,20.85,5391857
2010,SVN,Slovenia,Europe,23532.4808545468,12.28,2044612
2010,SLB,Solomon Islands,Oceania,1661.99788468931,0.21,532977
2010,SOM,Somalia,Africa,223.487606875311,3.52,12261762
2010,ZAF,South Africa,Africa,8059.56279824609,19.0,52344045
2010,KOR,South Korea,Asia,23079.2601257735,21.54,48769330
2010,SSD,South Sudan,Africa,1503.13388901082,10.5,9745954
2010,ESP,Spain,Europe,30532.4805081656,6.87,46840470
2010,LKA,Sri Lanka,Asia,2836.97410911231,6.95,20879090
2010,PSE,State of Palestine,Asia,2557.07562356699,7.86,4016915
2010,SDN,Sudan,Africa,1356.89465332031,5.66,35414403
2010,SUR,Suriname,South America,7999.50739437676,0.76,549932
2010,SWZ,Swaziland,Africa,4035.53448063299,17.16,1111650
2010,SWE,Sweden,Europe,52869.0442891587,6.53,9378234
2010,CHE,Switzerland,Europe,76531.3729407691,11.46,7825751
2010,SYR,Syria,Asia,2748.32269383475,10.93,22482418
2010,TJK,Tajikistan,Asia,740.276134899351,25.01,7652144
2010,TZA,Tanzania,Africa,730.782348632813,8.8,44758489
2010,THA,Thailand,Asia,4996.37209760091,26.45,68579442
2011,AFG,Afghanistan,Asia,608.738850364613,11.97,29347709
2011,ALB,Albania,Europe,4437.14116097061,9.99,2911500
2011,DZA,Algeria,Africa,5974.57008682611,5.29,36903375
2011,ASM,American Samoa,Oceania,10495.3047320935,0.1,54917
2011,AND,Andorra,Europe,51428.1969515188,6.08,77801
2011,AGO,Angola,Africa,4608.15516572683,16.21,24218358
2011,ATG,Antigua and Barbuda,North America,14774.0321811278,0.5,86349
2011,ARG,Argentina,South America,12848.7391514568,7.51,41730655
2011,ARM,Armenia,Asia,3462.68177840431,15.26,2923267
2011,ABW,Aruba,North America,26043.1563253011,1.36,100994
2011,AUS,Australia,Oceania,62609.6607161044,2.74,22479778
2011,AUT,Austria,Europe,51442.2762464407,13.49,8393272
2011,AZE,Azerbaijan,Asia,7189.81869211976,14.85,9256154
2011,BHS,Bahamas,North America,26644.9265775896,1.61,371738
2011,BHR,Bahrain,Asia,23741.5574626702,16.03,1206734
2011,BGD,Bangladesh,Asia,856.178832752419,47.53,153591075
2011,BRB,Barbados,North America,16924.066921731,0.49,276149
2011,BLR,Belarus,Europe,6527.6593428786,13.72,9472737
2011,BEL,Belgium,Europe,47410.5669277464,13.42,11038627
2011,BLZ,Belize,North America,5519.3390084833,4.49,327307
2011,BEN,Benin,Africa,1099.4143107361,12.21,10093626
2011,BMU,Bermuda,North America,97774.1620717428,1.03,63751
2011,BTN,Bhutan,Asia,2717.44994790904,18.69,709387
2011,BOL,Bolivia,South America,2304.98246161085,9.0,10348932
2011,BIH,Bosnia and Herzegovina,Europe,4980.90468838995,12.37,3741800
2011,BWA,Botswana,Africa,7080.77864262565,14.2,2073537
2011,BRA,Brazil,South America,13200.5562348789,8.24,195284736
2011,BRN,Brunei Darussalam,Asia,46139.1075759182,7.74,399395
2011,BGR,Bulgaria,Europe,7857.16706984441,11.23,7380021
2011,BFA,Burkina Faso,Africa,727.612474511645,5.47,16661907
2011,BDI,Burundi,Africa,236.451347486235,17.51,9717980
2011,KHM,Cambodia,Asia,880.310304428913,13.69,14722587
2011,CMR,Cameroon,Africa,1497.92658566017,13.14,20232312
2011,CAN,Canada,North America,52223.8588398531,6.57,34555450
2011,CPV,Cape Verde,Africa,3880.06920520905,1.29,511453
2011,CYM,Cayman Islands,North America,75435.6152271054,1.9,55630
2011,CAF,Central African Republic,Africa,515.209503489402,17.11,4565022
2011,TCD,Chad,Africa,988.194160047305,5.58,12755003
2011,CHL,Chile,South America,14637.7561550875,13.58,17351811
2011,CHN,China,Asia,5614.38602225277,41.63,1360250657
2011,COL,Colombia,South America,7392.94359822972,6.39,45259614
2011,COM,Comoros,Africa,1526.83263942681,1.96,668064
2011,CRI,Costa Rica,North America,9137.4551007756,1.9,4609834
2011,CIV,Cote d'Ivoire,Africa,1701.7046397995,12.63,22982002
2011,HRV,Croatia,Europe,14664.3690796915,12.88,4280827
2011,CUB,Cuba,North America,6106.0067919258,3.16,11301577
2011,CYP,Cyprus,Asia,32485.802734375,6.59,1146492
2011,CZE,Czech Republic,Europe,21871.2660754128,17.84,10495508
2011,COD,Dem. Rep. Congo,Africa,376.374981129973,21.59,70849311
2011,DNK,Denmark,Europe,61753.647131977,10.09,5570846
2011,DJI,Djibouti,Africa,1322.72625083956,8.34,948566
2011,DMA,Dominica,North America,7288.49794777466,0.74,69072
2011,DOM,Dominican Republic,North America,5859.381524313,2.87,9945622
2011,ECU,Ecuador,South America,5183.62370033118,7.35,15326231
2011,EGY,Egypt,Africa,2645.6225349104,6.21,91093068
2011,SLV,El Salvador,North America,3304.97418347889,9.74,6090128
2011,GNQ,Equatorial Guinea,Africa,18659.4160247571,15.02,1241843
2011,ERI,Eritrea,Africa,643.790042311239,6.84,2998493
2011,EST,Estonia,Europe,17487.8047830922,7.53,1327366
2011,ETH,Ethiopia,Africa,348.001348291465,13.51,93149977
2011,FRO,Faeroe Islands,Europe,51786.480991824,1.4,47957
2011,FJI,Fiji,Oceania,4160.72119311815,0.12,912991
2011,FIN,Finland,Europe,51148.9316365833,6.82,5388236
2011,FRA,France,Europe,43846.4660764798,11.5,63733777
2011,PYF,French Polynesia,Oceania,21747.9888416729,0.11,271732
2011,GAB,Gabon,Africa,10273.798444898,16.36,1781986
2011,GMB,Gambia,Africa,705.47749534881,3.73,1983784
2011,GEO,Georgia,Asia,4119.66818307193,12.17,3868723
2011,DEU,Germany,Europe,46705.8957963353,12.7,80857877
2011,GHA,Ghana,Africa,1501.05917129856,13.81,26095090
2011,GRC,Greece,Europe,25483.8825644931,8.99,11108841
2011,GRL,Greenland,North America,47186.8759969388,0.79,56853
2011,GRD,Grenada,North America,6775.74927822931,0.55,112095
2011,GUM,Guam,Oceania,30087.7155914011,0.28,166554
2011,GTM,Guatemala,North America,3228.03827784076,9.6,14792122
2011,GIN,Guinea,Africa,644.502548659895,6.89,10656812
2011,GNB,Guinea-Bissau,Africa,719.118765750612,5.05,1608084
2011,GUY,Guyana,South America,4960.00472639074,1.15,746158
2011,HTI,Haiti,North America,1306.84531878112,3.79,9914904
2011,HND,Honduras,North America,2053.95969493403,8.83,8540587
2011,HKG,Hong Kong,Asia,35142.4879344543,26.41,7142969
2011,HUN,Hungary,Europe,14234.471576937,17.93,9946675
2011,ISL,Iceland,Europe,47714.5922308485,1.28,319140
2011,IND,India,Asia,1449.60330101112,41.63,1261224952
2011,IDN,Indonesia,Asia,3613.8008884858,8.41,249470029
2011,IRN,Iran,Asia,8201.58167797696,11.91,78383602
2011,IRQ,Iraq,Asia,5736.89895897239,14.53,32161425
2011,IRL,Ireland,Europe,52219.7057327581,4.79,4579604
2011,IMN,Isle of Man,Europe,77838.3764409883,6.94,84397
2011,ISR,Israel,Asia,34354.7161182231,6.75,7471021
2011,ITA,Italy,Europe,38649.6394836789,12.88,60367882
2011,JAM,Jamaica,North America,5259.93175297891,2.14,2760492
2011,JPN,Japan,Asia,48760.0789494211,9.57,128096431
2011,JOR,Jordan,Asia,4152.49398098582,7.01,7480430
2011,KAZ,Kazakhstan,Asia,11633.9985836418,9.5,17065997
2011,KEN,Kenya,Africa,1099.31546497439,9.47,42758466
2011,KIR,Kiribati,Oceania,1783.77176374565,0.15,110661
2011,KWT,Kuwait,Asia,48997.3937159758,20.42,3132816
2011,KGZ,Kyrgyzstan,Asia,1123.88314370665,11.13,5594537
2011,LAO,Laos,Asia,1363.72485647521,22.9,6426595
2011,LVA,Latvia,Europe,13338.9622350852,9.62,2059940
2011,LBN,Lebanon,Asia,7914.1095681645,8.0,5096018
2011,LSO,Lesotho,Africa,1265.85794508512,12.27,2014015
2011,LBR,Liberia,Africa,573.526422156584,9.66,4221178
2011,LBY,Libya,Africa,7784.13635877527,3.38,6343210
2011,LIE,Liechtenstein,Europe,158603.608966707,9.25,36295
2011,LTU,Lithuania,Europe,14376.9478643932,12.07,3028642
2011,LUX,Luxembourg,Europe,119025.057203467,10.81,518583
2011,MAC,Macao,Asia,64528.3628232928,31.39,575645
2011,MKD,Macedonia,Europe,5416.86672931659,10.83,2040442
2011,MDG,Madagascar,Africa,516.902539255093,3.76,22822305
2011,MWI,Malawi,Africa,769.052599195882,11.81,15265026
2011,MYS,Malaysia,Asia,10209.3719445027,12.1,29162033
2011,MDV,Maldives,Asia,7409.33190911542,2.4,373682
2011,MLI,Mali,Africa,810.182556036129,3.94,16469051
2011,MLT,Malta,Europe,23155.103527089,4.49,424634
2011,MHL,Marshall Islands,Oceania,3247.89998088945,0.08,51927
2011,MRT,Mauritania,Africa,1919.45227079679,1.74,3502814
2011,MUS,Mauritius,Africa,9197.04299089459,0.38,1286271
2011,MEX,Mexico,North America,10766.6099402311,15.25,115243504
2011,FSM,Micronesia,Oceania,2885.44124871393,0.05,107713
2011,MDA,Moldova,Europe,2941.36224066021,15.04,3557278
2011,MCO,Monaco,Europe,179369.268180394,12.68,33968
2011,MNG,Mongolia,Asia,3793.74365523458,5.59,2745182
2011,MNE,Montenegro,Europe,7328.78943085498,9.01,632691
2011,MAR,Morocco,Africa,3302.453125,4.7,32912586
2011,MOZ,Mozambique,Africa,615.278659781153,8.25,23649044
2011,MMR,Myanmar,Asia,1204.49647224228,18.23,49419824
2011,NAM,Namibia,Africa,5873.05938103204,9.6,2146330
2011,NRU,Nauru,Oceania,6328.10267224703,0.2,10116
2011,NPL,Nepal,Asia,791.225582105683,37.39,27464499
2011,NLD,Netherlands,Europe,54230.3129029852,13.32,16851061
2011,NCL,New Caledonia,Oceania,40697.6528593173,0.33,266547
2011,NZL,New Zealand,Oceania,38388.5280906616,1.78,4382702
2011,NIC,Nicaragua,North America,1644.79935412236,3.8,5819054
2011,NER,Niger,Africa,507.602495302453,4.76,17176286
2011,NGA,Nigeria,Africa,2504.87910104512,14.53,171379601
2011,MNP,Northern Mariana Islands,Oceania,13880.4265041889,0.3,53632
2011,NOR,Norway,Europe,101221.813476644,4.99,4952968
2011,OMN,Oman,Asia,24166.0963053624,9.59,3076761
2011,PAK,Pakistan,Asia,1161.04432084751,30.34,203746069
2011,PLW,Palau,Oceania,10903.1752536172,0.11,18097
2011,PAN,Panama,North America,9403.43990821634,1.4,3693508
2011,PNG,Papua New Guinea,Oceania,2303.8266113635,1.2,7859350
2011,PRY,Paraguay,South America,5776.2818479967,7.69,5814634
2011,PER,Peru,South America,5826.83230656078,15.21,29304083
2011,PHL,Philippines,Asia,2431.19996066282,7.18,98248616
2011,POL,Poland,Europe,13776.3883624327,21.07,38208644
2011,PRT,Portugal,Europe,23217.2954965207,7.63,10557049
2011,PRI,Puerto Rico,North America,27278.8830499205,1.45,3683711
2011,QAT,Qatar,Asia,92992.9971307452,18.8,1810958
2011,COG,Republic of Congo,Africa,3415.06237416639,25.09,4609728
2011,ROU,Romania,Europe,9560.15942530942,15.37,20282008
2011,RUS,Russia,Europe,14305.33203125,11.57,144043751
2011,RWA,Rwanda,Africa,650.936675868246,17.86,10573742
2011,KNA,Saint Kitts and Nevis,North America,17571.984460028,0.6,46916
2011,LCA,Saint Lucia,North America,9110.75181022028,0.83,171813
2011,VCT,Saint Vincent and the Grenadines,North America,6566.482713176,0.59,109366
2011,WSM,Samoa,Oceania,3789.62699537622,0.1,194726
2011,SMR,San Marino,Europe,55815.2852611454,12.3,32194
2011,STP,Sao Tome and Principe,Africa,1217.21206404444,9.06,185665
2011,SAU,Saudi Arabia,Asia,22441.5741087607,11.26,26105636
2011,SEN,Senegal,Africa,1383.53911649626,3.0,12958902
2011,SRB,Serbia,Europe,6809.15980400146,15.04,7364857
2011,SYC,Seychelles,Africa,12110.0937461973,0.69,97041
2011,SLE,Sierra Leone,Africa,443.451842171273,7.75,6387259
2011,SGP,Singapore,Asia,53891.4570264372,10.57,5182242
2011,SVK,Slovakia,Europe,18509.7402157541,19.23,5398104
2011,SVN,Slovenia,Europe,25128.0150431304,13.02,2048805
2011,SLB,Solomon Islands,Oceania,1921.35635220457,0.14,552957
2011,SOM,Somalia,Africa,237.868451296558,3.8,12348829
2011,ZAF,South Africa,Africa,8737.04126942435,17.5,52995210
2011,KOR,South Korea,Asia,25097.595426845,19.69,49127641
2011,SSD,South Sudan,Africa,1455.35840718862,11.36,10288111
2011,ESP,Spain,Europe,31677.9003083652,8.34,46998040
2011,LKA,Sri Lanka,Asia,3248.0402104632,6.95,21009054
2011,PSE,State of Palestine,Asia,2880.79843707909,7.34,4115912
2011,SDN,Sudan,Africa,1391.42565917969,5.89,36140807
2011,SUR,Suriname,South America,8009.25230244723,0.85,556279
2011,SWZ,Swaziland,Africa,4360.95996745324,15.24,1117845
2011,SWE,Sweden,Europe,60755.7595508465,6.75,9449262
2011,CHE,Switzerland,Europe,90476.7589651577,11.3,7914378
2011,SYR,Syria,Asia,2971.2824338307,10.0,22878103
2011,TJK,Tajikistan,Asia,837.881555757687,28.54,7824785
2011,TZA,Tanzania,Africa,768.933410644531,9.49,46029372
2011,THA,Thailand,Asia,5396.64358573682,23.17,69007211
2012,AFG,Afghanistan,Asia,653.417474910283,13.41,30560036
2012,ALB,Albania,Europe,4247.63134315945,10.27,2910003
2012,DZA,Algeria,Africa,6096.09001549263,5.6,37646164
2012,ASM,American Samoa,Oceania,11920.0610903131,0.1,54505
2012,AND,Andorra,Europe,44902.3807663645,6.23,76858
2012,AGO,Angola,Africa,5083.82687346735,16.27,25177399
2012,ATG,Antigua and Barbuda,North America,15136.8411091932,0.49,87275
2012,ARG,Argentina,South America,13082.664325572,6.68,42161718
2012,ARM,Armenia,Asia,3643.71540108565,16.81,2922528
2012,ABW,Aruba,North America,25611.1757666902,1.42,101774
2012,AUS,Australia,Oceania,68078.0442283168,2.97,22852649
2012,AUT,Austria,Europe,48564.9173350875,13.03,8431598
2012,AZE,Azerbaijan,Asia,7495.86527658099,15.74,9376181
2012,BHS,Bahamas,North America,28059.6553953426,1.7,375474
2012,BHR,Bahrain,Asia,25102.726348527,17.94,1216308
2012,BGD,Bangladesh,Asia,876.521652869848,54.26,155070111
2012,BRB,Barbados,North America,16736.9218347773,0.52,276947
2012,BLR,Belarus,Europe,6953.21591683101,14.29,9463075
2012,BEL,Belgium,Europe,44670.5606845101,13.77,11107524
2012,BLZ,Belize,North America,5635.52152550234,4.04,334420
2012,BEN,Benin,Africa,1112.56953619685,13.48,10397662
2012,BMU,Bermuda,North America,98431.8651810241,1.13,63665
2012,BTN,Bhutan,Asia,2689.79286575487,22.94,717288
2012,BOL,Bolivia,South America,2562.46678423329,9.54,10515813
2012,BIH,Bosnia and Herzegovina,Europe,4688.34582317708,11.75,3670108
2012,BWA,Botswana,Africa,6392.98734736839,14.3,2108614
2012,BRA,Brazil,South America,12327.5131013057,8.54,196876114
2012,BRN,Brunei Darussalam,Asia,46844.1973390647,11.73,405566
2012,BGR,Bulgaria,Europe,7430.7373804242,11.63,7317021
2012,BFA,Burkina Faso,Africa,733.97287958981,5.81,17172283
2012,BDI,Burundi,Africa,238.205945258781,21.4,10071034
2012,KHM,Cambodia,Asia,950.482544613835,16.99,14945090
2012,CMR,Cameroon,Africa,1433.72392712455,13.63,20809531
2012,CAN,Canada,North America,52670.3447335415,7.0,34922512
2012,CPV,Cape Verde,Africa,3583.46172510997,1.28,511966
2012,CYM,Cayman Islands,North America,75466.1358699971,3.08,57153
2012,CAF,Central African Republic,Africa,525.867504037729,15.34,4610848
2012,TCD,Chad,Africa,969.616142771586,5.32,13211007
2012,CHL,Chile,South America,15397.7804504673,12.64,17519114
2012,CHN,China,Asia,6300.58217951734,39.22,1369520865
2012,COL,Colombia,South America,8096.80150827421,9.99,45715807
2012,COM,Comoros,Africa,1483.95155791259,2.02,681637
2012,CRI,Costa Rica,North America,9971.65165576585,3.61,4663932
2012,CIV,Cote d'Ivoire,Africa,1649.30161629018,11.91,23467082
2012,HRV,Croatia,Europe,13452.9759027717,11.67,4259234
2012,CUB,Cuba,North America,6467.33791422804,4.55,11303173
2012,CYP,Cyprus,Asia,28991.9296875,7.91,1165402
2012,CZE,Czech Republic,Europe,19870.8012123403,17.09,10507338
2012,COD,Dem. Rep. Congo,Africa,412.776260544995,23.52,73254623
2012,DNK,Denmark,Europe,58507.5080517852,7.26,5591912
2012,DJI,Djibouti,Africa,1418.46085811933,7.12,966753
2012,DMA,Dominica,North America,7054.87597689432,0.8,69134
2012,DOM,Dominican Republic,North America,6049.47158709846,3.26,10070410
2012,ECU,Ecuador,South America,5666.21744687686,14.79,15572194
2012,EGY,Egypt,Africa,3059.13542779204,6.96,93161001
2012,SLV,El Salvador,North America,3471.05126865498,9.96,6113976
2012,GNQ,Equatorial Guinea,Africa,18756.4250273225,12.39,1293484
2012,EST,Estonia,Europe,17403.2053254767,7.11,1322616
2012,ETH,Ethiopia,Africa,458.550920793057,12.31,95798770
2012,FRO,Faeroe Islands,Europe,50157.0587890212,1.15,48112
2012,FJI,Fiji,Oceania,4359.79240035309,0.19,914919
2012,FIN,Finland,Europe,47708.0612784469,5.43,5413978
2012,FRA,France,Europe,40870.8523645734,11.53,64058465
2012,PYF,French Polynesia,Oceania,19864.5356998373,0.17,273093
2012,GAB,Gabon,Africa,9348.51487640056,15.2,1846893
2012,GMB,Gambia,Africa,686.557557719746,4.09,2043099
2012,GEO,Georgia,Asia,4530.69533409431,12.7,3839208
2012,DEU,Germany,Europe,43855.8544658618,12.35,80916393
2012,GHA,Ghana,Africa,1536.61963499859,13.39,26734272
2012,GRC,Greece,Europe,21912.9982879517,9.13,11048294
2012,GRL,Greenland,North America,45936.9562817724,0.99,56797
2012,GRD,Grenada,North America,6900.76507593244,0.56,112791
2012,GUM,Guam,Oceania,31642.1462570316,0.33,166347
2012,GTM,Guatemala,North America,3355.03477737406,10.57,15089639
2012,GIN,Guinea,Africa,707.967678199003,7.66,10921581
2012,GNB,Guinea-Bissau,Africa,634.961809599423,5.36,1651425
2012,GUY,Guyana,South America,5461.39008471262,1.79,746297
2012,HTI,Haiti,North America,1356.1727839335,4.08,10069769
2012,HND,Honduras,North America,2107.34542786596,8.64,8715080
2012,HKG,Hong Kong,Asia,36730.796195815,25.55,7201060
2012,HUN,Hungary,Europe,12984.8365730133,15.22,9916620
2012,ISL,Iceland,Europe,45995.5478789467,1.1,320847
2012,IND,India,Asia,1434.01798692108,40.15,1278674506
2012,IDN,Indonesia,Asia,3668.21208337097,12.41,252698526
2012,IRN,Iran,Asia,8329.00206664879,12.19,79370583
2012,IRQ,Iraq,Asia,6437.50291063284,14.18,33654841
2012,IRL,Ireland,Europe,48943.8206459561,4.62,4600137
2012,IMN,Isle of Man,Europe,79326.3816034182,6.78,84353
2012,ISR,Israel,Asia,33156.2283157638,7.8,7607784
2012,ITA,Italy,Europe,35051.5212697703,12.26,60531522
2012,JAM,Jamaica,North America,5365.24217204558,3.14,2772431
2012,JPN,Japan,Asia,49145.2804308193,8.93,127928283
2012,JOR,Jordan,Asia,4386.4618185538,7.38,7587134
2012,KAZ,Kazakhstan,Asia,12386.6992652963,10.46,17306114
2012,KEN,Kenya,Africa,1289.78079149822,10.19,43888306
2012,KIR,Kiribati,Oceania,1855.27421404281,0.11,112293
2012,KWT,Kuwait,Asia,51270.9790629251,18.91,3337025
2012,KGZ,Kyrgyzstan,Asia,1177.97526115747,10.59,5696519
2012,LAO,Laos,Asia,1566.00934755636,30.13,6518981
2012,LVA,Latvia,Europe,13847.3379393194,9.81,2034639
2012,LBN,Lebanon,Asia,8500.1805629403,8.9,5235744
2012,LSO,Lesotho,Africa,1205.85998481002,11.4,2034363
2012,LBR,Liberia,Africa,644.455576742833,10.63,4373045
2012,LBY,Libya,Africa,15765.4152696962,3.45,6179328
2012,LIE,Liechtenstein,Europe,149461.78557146,10.62,36620
2012,LTU,Lithuania,Europe,14367.709424872,12.82,2988334
2012,LUX,Luxembourg,Europe,112584.676270958,10.77,530952
2012,MAC,Macao,Asia,74111.6011863847,29.25,587451
2012,MKD,Macedonia,Europe,5049.8265386157,10.83,2027288
2012,MDG,Madagascar,Africa,504.173737710132,3.46,23462444
2012,MWI,Malawi,Africa,563.061539677727,13.42,15709576
2012,MYS,Malaysia,Asia,10601.5104558966,15.34,29662835
2012,MDV,Maldives,Asia,7447.41560773318,2.68,386822
2012,MLI,Mali,Africa,753.392137501905,4.23,16957039
2012,MLT,Malta,Europe,22526.5370208632,4.82,426616
2012,MHL,Marshall Islands,Oceania,3453.86430371952,0.08,51438
2012,MRT,Mauritania,Africa,1850.38496774479,1.76,3619035
2012,MUS,Mauritius,Africa,9291.23627601053,0.39,1289174
2012,MEX,Mexico,North America,10842.7330894856,15.22,116818209
2012,FSM,Micronesia,Oceania,3023.58544607879,0.1,107908
2012,MDA,Moldova,Europe,3044.8084324815,15.36,3482629
2012,MCO,Monaco,Europe,165497.097810044,10.28,34738
2012,MNG,Mongolia,Asia,4402.30452266711,5.03,2795463
2012,MNE,Montenegro,Europe,6586.39970256684,9.43,633549
2012,MAR,Morocco,Africa,3164.00463867188,4.69,33355247
2012,MOZ,Mozambique,Africa,681.49212857369,8.54,24337849
2012,MMR,Myanmar,Asia,1193.54764908799,21.81,49837450
2012,NAM,Namibia,Africa,6017.17836541483,8.93,2194657
2012,NRU,Nauru,Oceania,9675.95968504209,0.1,10289
2012,NPL,Nepal,Asia,794.092564101405,42.05,27534917
2012,NLD,Netherlands,Europe,50070.1416045904,12.87,16915191
2012,NCL,New Caledonia,Oceania,37294.0228471229,0.35,271640
2012,NZL,New Zealand,Oceania,39974.2997334925,1.63,4411682
2012,NIC,Nicaragua,North America,1746.41858428988,5.52,5901290
2012,NER,Niger,Africa,525.047284914011,4.68,17836770
2012,NGA,Nigeria,Africa,2728.02278831129,16.4,176200628
2012,MNP,Northern Mariana Islands,Oceania,14247.7893007888,0.39,53252
2012,NOR,Norway,Europe,102175.919298374,3.65,5018456
2012,OMN,Oman,Asia,24722.6388245874,9.61,3547106
2012,PAK,Pakistan,Asia,1236.89276298823,29.23,207667129
2012,PLW,Palau,Oceania,12022.8680562086,0.24,17791
2012,PAN,Panama,North America,10767.2931788172,1.92,3759260
2012,PNG,Papua New Guinea,Oceania,2653.09278970276,2.14,8081396
2012,PRY,Paraguay,South America,5617.10491786787,8.37,5897011
2012,PER,Peru,South America,6475.72044267849,17.11,29550366
2012,PHL,Philippines,Asia,2671.77752181561,8.5,100175512
2012,POL,Poland,Europe,13010.7555868425,20.33,38247868
2012,PRT,Portugal,Europe,20563.7136012629,6.04,10513154
2012,PRI,Puerto Rico,North America,27944.7338937424,1.41,3646422
2012,QAT,Qatar,Asia,98041.3622380894,19.76,1907121
2012,COG,Republic of Congo,Africa,3753.86092808102,24.09,4740456
2012,ROU,Romania,Europe,8930.72991164974,14.65,20158452
2012,RUS,Russia,Europe,15401.8515625,12.71,144291024
2012,RWA,Rwanda,Africa,706.137130523623,23.42,10829904
2012,KNA,Saint Kitts and Nevis,North America,17293.8060527894,0.56,47056
2012,LCA,Saint Lucia,North America,9231.57625405725,0.89,172595
2012,VCT,Saint Vincent and the Grenadines,North America,6754.37018395671,0.61,108754
2012,WSM,Samoa,Oceania,3902.31199231566,0.1,196517
2012,SMR,San Marino,Europe,48433.5702995685,11.14,33494
2012,STP,Sao Tome and Principe,Africa,1207.70070239994,6.52,189452
2012,SAU,Saudi Arabia,Asia,24069.1994773483,11.32,27062447
2012,SEN,Senegal,Africa,1334.72591526235,3.2,13310499
2012,SRB,Serbia,Europe,6015.94522756969,13.87,7324624
2012,SYC,Seychelles,Africa,12337.1554669388,0.74,99565
2012,SLE,Sierra Leone,Africa,558.179723315125,8.77,6551077
2012,SGP,Singapore,Asia,55547.5553077786,15.9,5293344
2012,SVK,Slovakia,Europe,17498.3539002594,17.03,5404877
2012,SVN,Slovenia,Europe,22641.805122503,11.41,2053321
2012,SLB,Solomon Islands,Oceania,2087.51788731499,0.17,573622
2012,SOM,Somalia,Africa,324.887176498939,3.46,12461164
2012,ZAF,South Africa,Africa,8173.8691381716,16.5,53782569
2012,KOR,South Korea,Asia,25459.1689000965,18.85,49599579
2012,SSD,South Sudan,Africa,1114.92372260191,9.56,10756244
2012,ESP,Spain,Europe,28322.9465923276,7.87,47018321
2012,LKA,Sri Lanka,Asia,3351.89247576451,7.39,21169461
2012,PSE,State of Palestine,Asia,3067.43872735614,8.16,4215318
2012,SDN,Sudan,Africa,1070.33972167969,5.05,36923176
2012,SUR,Suriname,South America,8922.95618613502,1.42,562640
2012,SWZ,Swaziland,Africa,4396.57912043588,14.31,1123869
2012,SWE,Sweden,Europe,58037.8213192173,4.69,9519479
2012,CHE,Switzerland,Europe,85836.2076767359,13.02,7998927
2012,SYR,Syria,Asia,1910.60452580833,10.59,22759763
2012,TJK,Tajikistan,Asia,959.360284998425,23.89,8014087
2012,TZA,Tanzania,Africa,854.540466308594,10.88,47374259
2012,THA,Thailand,Asia,5748.63272062158,29.84,69436091
2013,AFG,Afghanistan,Asia,638.73318101404,13.02,31622708
2013,ALB,Albania,Europe,4413.06338346821,9.69,2907570
2013,DZA,Algeria,Africa,6044.67490330703,5.4,38414176
2013,ASM,American Samoa,Oceania,12038.8715916596,0.1,54026
2013,AND,Andorra,Europe,44747.7538641695,4.65,75220
2013,AGO,Angola,Africa,5061.34925297484,18.97,26165616
2013,ATG,Antigua and Barbuda,North America,14977.0718321065,0.59,88074
2013,ARG,Argentina,South America,13080.2547323367,7.8,42582454
2013,ARM,Armenia,Asia,3833.15707396348,16.88,2922528
2013,ABW,Aruba,North America,26514.8689800777,1.39,102570
2013,AUS,Australia,Oceania,68198.4193446869,2.69,23236271
2013,AUT,Austria,Europe,50731.1272541847,14.08,8481411
2013,AZE,Azerbaijan,Asia,7875.34536661549,16.17,9504417
2013,BHS,Bahamas,North America,26956.5668352133,1.75,378957
2013,BHR,Bahrain,Asia,25790.7303121382,17.55,1257206
2013,BGD,Bangladesh,Asia,973.828617573534,48.24,156532135
2013,BRB,Barbados,North America,16952.1344337493,0.58,277670
2013,BLR,Belarus,Europe,7998.0802045456,13.52,9464454
2013,BEL,Belgium,Europe,46757.9518559598,12.52,11160277
2013,BLZ,Belize,North America,5865.47090174488,5.21,341633
2013,BEN,Benin,Africa,1214.29556540248,13.28,10708831
2013,BMU,Bermuda,North America,99471.6388978631,1.04,63594
2013,BTN,Bhutan,Asia,2624.76519363139,21.83,725283
2013,BOL,Bolivia,South America,2853.79716191598,10.52,10682612
2013,BIH,Bosnia and Herzegovina,Europe,5025.24175294061,11.02,3610858
2013,BWA,Botswana,Africa,6436.60331866558,14.64,2140687
2013,BRA,Brazil,South America,12258.5657091866,8.07,198478291
2013,BRN,Brunei Darussalam,Asia,43950.0454619989,8.06,411206
2013,BGR,Bulgaria,Europe,7687.71368243317,11.78,7264606
2013,BFA,Burkina Faso,Africa,762.303780103138,4.68,17695412
2013,BDI,Burundi,Africa,241.547665709857,20.43,10439345
2013,KHM,Cambodia,Asia,1015.22088134268,19.1,15170212
2013,CMR,Cameroon,Africa,1559.13904965903,12.9,21402379
2013,CAN,Canada,North America,52638.1187235237,6.45,35293420
2013,CPV,Cape Verde,Africa,3757.65995326233,1.09,512232
2013,CYM,Cayman Islands,North America,75685.3583652828,2.66,58678
2013,CAF,Central African Republic,Africa,352.22685487121,16.25,4642424
2013,TCD,Chad,Africa,980.083544373007,5.14,13691081
2013,CHL,Chile,South America,15842.159166151,12.84,17687006
2013,CHN,China,Asia,7020.3860742288,45.16,1379008046
2013,COL,Colombia,South America,8263.64192942212,8.23,46151584
2013,COM,Comoros,Africa,1595.98981808122,1.91,696202
2013,CRI,Costa Rica,North America,10633.2665504623,3.6,4716153
2013,CIV,Cote d'Ivoire,Africa,1903.05422876301,9.73,23939775
2013,HRV,Croatia,Europe,14002.2381023542,11.92,4242404
2013,CUB,Cuba,North America,6814.24384354868,4.31,11298163
2013,CYP,Cyprus,Asia,27797.453125,8.67,1183899
2013,CZE,Czech Republic,Europe,20133.1691431353,17.15,10511164
2013,COD,Dem. Rep. Congo,Africa,444.864357559096,24.27,75789395
2013,DNK,Denmark,Europe,61191.1937042028,7.21,5615334
2013,DJI,Djibouti,Africa,2102.19794830208,7.08,984832
2013,DMA,Dominica,North America,7240.67911908479,0.77,69733
2013,DOM,Dominican Republic,North America,6171.29512670907,2.89,10193837
2013,ECU,Ecuador,South America,6141.98318144215,9.49,15807130
2013,EGY,Egypt,Africa,3088.8908340843,7.79,95333551
2013,SLV,El Salvador,North America,3555.16209958481,11.24,6138845
2013,GNQ,Equatorial Guinea,Africa,17644.5943045414,11.53,1346220
2013,EST,Estonia,Europe,19056.0019226989,7.18,1317921
2013,ETH,Ethiopia,Africa,490.792478420391,12.68,98438750
2013,FRO,Faeroe Islands,Europe,55560.1330274996,1.22,48296
2013,FJI,Fiji,Oceania,4586.95521117587,0.19,916358
2013,FIN,Finland,Europe,49892.2233632732,5.28,5439058
2013,FRA,France,Europe,42602.7179652667,11.27,64387736
2013,PYF,French Polynesia,Oceania,20941.5173404574,0.19,274737
2013,GAB,Gabon,Africa,9250.08111462036,16.89,1913061
2013,GMB,Gambia,Africa,647.385534561172,3.61,2103826
2013,GEO,Georgia,Asia,4712.00229382665,12.75,3809128
2013,DEU,Germany,Europe,46298.9229177341,12.05,81041580
2013,GHA,Ghana,Africa,2282.40750113579,12.66,27386192
2013,GRC,Greece,Europe,21787.7877636035,9.79,10967535
2013,GRL,Greenland,North America,47535.4883792376,0.96,56532
2013,GRD,Grenada,North America,7205.25476521885,0.59,113498
2013,GUM,Guam,Oceania,32318.8908975541,0.4,165978
2013,GTM,Guatemala,North America,3522.76742900978,12.33,15387341
2013,GIN,Guinea,Africa,757.692272561928,5.25,11191874
2013,GNB,Guinea-Bissau,Africa,653.618532340544,4.63,1695978
2013,GUY,Guyana,South America,5576.25020582207,1.58,750021
2013,HTI,Haiti,North America,1452.31355887818,3.75,10222365
2013,HND,Honduras,North America,2064.55053629483,9.77,8889277
2013,HKG,Hong Kong,Asia,38403.7777145477,26.41,7264330
2013,HUN,Hungary,Europe,13715.0703590361,15.39,9889344
2013,ISL,Iceland,Europe,49804.9829978371,1.2,323891
2013,IND,India,Asia,1438.05700503424,44.93,1295829506
2013,IDN,Indonesia,Asia,3602.88551680629,10.36,255852466
2013,IRN,Iran,Asia,6280.68186740814,12.02,80414688
2013,IRQ,Iraq,Asia,6612.90225210234,12.9,35281987
2013,IRL,Ireland,Europe,51496.9616850661,5.01,4624687
2013,IMN,Isle of Man,Europe,83204.6922265718,7.34,84158
2013,ISR,Israel,Asia,36941.8423573582,8.65,7749369
2013,ITA,Italy,Europe,35560.0814062288,11.93,60653865
2013,JAM,Jamaica,North America,5143.72218263652,2.68,2783689
2013,JPN,Japan,Asia,40898.6478964744,11.78,127723641
2013,JOR,Jordan,Asia,4477.61832070861,7.78,7991812
2013,KAZ,Kazakhstan,Asia,13890.6339694612,12.0,17556502
2013,KEN,Kenya,Africa,1376.82920465019,9.92,44986794
2013,KIR,Kiribati,Oceania,1780.65702846669,0.16,113847
2013,KWT,Kuwait,Asia,47762.8566997928,17.86,3507754
2013,KGZ,Kyrgyzstan,Asia,1282.43824753314,13.55,5797296
2013,LAO,Laos,Asia,1815.44023786192,32.7,6611385
2013,LVA,Latvia,Europe,15007.4918561719,9.57,2013004
2013,LBN,Lebanon,Asia,8255.20921055985,9.0,5743440
2013,LSO,Lesotho,Africa,1141.3609231718,13.52,2056508
2013,LBR,Liberia,Africa,717.635753333907,7.02,4470245
2013,LBY,Libya,Africa,12589.5279437569,4.19,6304636
2013,LIE,Liechtenstein,Europe,173659.411799089,9.1,36930
2013,LTU,Lithuania,Europe,15729.6524666512,11.82,2958359
2013,LUX,Luxembourg,Europe,120000.140729859,11.06,543359
2013,MAC,Macao,Asia,86853.4770469877,30.2,598752
2013,MKD,Macedonia,Europe,5626.26115664893,10.08,2013280
2013,MDG,Madagascar,Africa,526.688019635403,4.36,24109290
2013,MWI,Malawi,Africa,501.19717297875,11.07,16161817
2013,MYS,Malaysia,Asia,10727.6690215542,13.43,30174269
2013,MDV,Maldives,Asia,8222.55803812328,2.39,400079
2013,MLI,Mali,Africa,778.797052798816,3.07,17459621
2013,MLT,Malta,Europe,24769.5962287121,4.78,428457
2013,MHL,Marshall Islands,Oceania,3618.49619492061,0.13,50696
2013,MRT,Mauritania,Africa,1929.7756392353,1.47,3734324
2013,MUS,Mauritius,Africa,9764.64413060045,0.4,1290989
2013,MEX,Mexico,North America,11317.4910604809,15.7,118343571
2013,FSM,Micronesia,Oceania,2920.70086272777,0.2,108133
2013,MDA,Moldova,Europe,3321.04397795719,14.5,3408741
2013,MCO,Monaco,Europe,185055.517569114,10.1,35475
2013,MNG,Mongolia,Asia,4422.30087600131,5.42,2851887
2013,MNE,Montenegro,Europe,7188.86361611271,8.23,633203
2013,MAR,Morocco,Africa,3377.6435546875,5.86,33787573
2013,MOZ,Mozambique,Africa,681.065114197441,8.44,25051613
2013,MMR,Myanmar,Asia,1189.96476478036,25.91,50262658
2013,NAM,Namibia,Africa,5463.03136620996,9.9,2252506
2013,NRU,Nauru,Oceania,8825.97858075408,0.2,10539
2013,NPL,Nepal,Asia,809.384453314378,41.38,27589997
2013,NLD,Netherlands,Europe,52198.8975607454,10.91,16967065
2013,NCL,New Caledonia,Oceania,38503.2540609118,0.43,276832
2013,NZL,New Zealand,Oceania,42977.388040868,1.65,4453859
2013,NIC,Nicaragua,North America,1794.77996471527,5.07,5983850
2013,NER,Niger,Africa,548.157848842165,4.01,18519898
2013,NGA,Nigeria,Africa,2976.75683168398,15.68,181049443
2013,MNP,Northern Mariana Islands,Oceania,14806.0067892829,0.39,52775
2013,NOR,Norway,Europe,103553.840134417,3.45,5080125
2013,OMN,Oman,Asia,23563.9405992228,9.41,3833915
2013,PAK,Pakistan,Asia,1259.66836828623,30.71,211073979
2013,PLW,Palau,Oceania,12595.6286007486,0.32,17669
2013,PAN,Panama,North America,11932.2862205866,1.59,3825332
2013,PNG,Papua New Guinea,Oceania,2578.49864720758,1.73,8302700
2013,PRY,Paraguay,South America,6410.81470278733,6.76,5982446
2013,PER,Peru,South America,6697.18774707052,16.71,29817909
2013,PHL,Philippines,Asia,2847.56794274704,8.05,102076337
2013,POL,Poland,Europe,13558.3411314221,18.85,38259266
2013,PRT,Portugal,Europe,21653.1959752225,6.62,10458286
2013,PRI,Puerto Rico,North America,28513.1657351067,1.5,3606771
2013,QAT,Qatar,Asia,97630.8255152088,20.58,2032650
2013,COG,Republic of Congo,Africa,3719.6510360643,26.93,4857106
2013,ROU,Romania,Europe,9497.20647561211,14.36,20062914
2013,RUS,Russia,Europe,15941.4482421875,13.51,144604102
2013,RWA,Rwanda,Africa,704.415555508211,21.53,11093340
2013,KNA,Saint Kitts and Nevis,North America,18315.914675326,0.61,47092
2013,LCA,Saint Lucia,North America,9542.71357425779,0.92,173380
2013,VCT,Saint Vincent and the Grenadines,North America,7117.55476276649,0.61,108156
2013,WSM,Samoa,Oceania,3989.89859047662,0.19,198282
2013,SMR,San Marino,Europe,50435.3673298211,10.89,33641
2013,STP,Sao Tome and Principe,Africa,1378.23019340903,9.41,193157
2013,SAU,Saudi Arabia,Asia,23945.511989974,11.67,28026826
2013,SEN,Senegal,Africa,1391.5321896037,2.82,13710857
2013,SRB,Serbia,Europe,6755.07367461629,12.79,7276184
2013,SYC,Seychelles,Africa,14821.2921476077,0.61,102108
2013,SLE,Sierra Leone,Africa,706.452681507398,5.69,6714057
2013,SGP,Singapore,Asia,56967.4257940383,14.36,5385589
2013,SVK,Slovakia,Europe,18276.0095516546,17.43,5410422
2013,SVN,Slovenia,Europe,23503.2824850255,12.71,2056452
2013,SLB,Solomon Islands,Oceania,2208.0852835112,0.24,594952
2013,SOM,Somalia,Africa,454.077264239248,2.97,12869599
2013,ZAF,South Africa,Africa,7441.23085399675,17.66,54678790
2013,KOR,South Korea,Asia,27179.5170146052,26.15,50071168
2013,SSD,South Sudan,Africa,1659.14078728478,10.2,11166276
2013,ESP,Spain,Europe,29077.1820557563,6.89,46860393
2013,LKA,Sri Lanka,Asia,3643.83244664348,8.05,21358829
2013,PSE,State of Palestine,Asia,3315.29753909282,9.04,4315264
2013,SDN,Sudan,Africa,1195.42028808594,5.95,37785854
2013,SUR,Suriname,South America,9124.54109297075,1.25,569025
2013,SWZ,Swaziland,Africa,4111.12838248065,16.61,1129999
2013,SWE,Sweden,Europe,61126.9431963979,5.01,9600621
2013,CHE,Switzerland,Europe,87304.3305813557,11.36,8091197
2013,SYR,Syria,Asia,993.739883114507,11.31,21666920
2013,TJK,Tajikistan,Asia,1038.32078940175,27.33,8216734
2013,TZA,Tanzania,Africa,954.658813476563,11.11,48824134
2013,THA,Thailand,Asia,6041.13394794203,33.19,69845115
2014,AFG,Afghanistan,Asia,626.512929086139,12.2,32792527
2014,ALB,Albania,Europe,4578.63320812155,9.35,2903748
2014,DZA,Algeria,Africa,6164.64469897525,6.05,39205035
2014,ASM,American Samoa,Oceania,12313.9973571825,0.2,53490
2014,AND,Andorra,Europe,45680.5349920165,4.82,73755
2014,AGO,Angola,Africa,5011.9844274536,16.11,27160766
2014,ATG,Antigua and Barbuda,North America,15451.4952444039,0.42,88783
2014,ARG,Argentina,South America,12334.7982453893,7.18,43024072
2014,ARM,Armenia,Asia,4017.22991449473,15.59,2922433
2014,ABW,Aruba,North America,26940.2641144313,1.29,103381
2014,AUS,Australia,Oceania,62558.2438786332,2.55,23595599
2014,AUT,Austria,Europe,51786.3771747905,15.4,8547812
2014,AZE,Azerbaijan,Asia,7890.84028062087,16.93,9631136
2014,BHS,Bahamas,North America,28201.556802208,1.66,382311
2014,BHR,Bahrain,Asia,25464.760097715,13.3,1312858
2014,BGD,Bangladesh,Asia,1108.52251321179,58.19,157964931
2014,BRB,Barbados,North America,16980.0270637458,0.52,278355
2014,BLR,Belarus,Europe,8341.29014337961,15.02,9472704
2014,BEL,Belgium,Europe,47764.0715120833,13.23,11210111
2014,BLZ,Belize,North America,6031.54840210944,2.7,348935
2014,BEN,Benin,Africa,1251.50476511083,9.99,11030008
2014,BMU,Bermuda,North America,98467.683993982,1.13,63551
2014,BTN,Bhutan,Asia,2793.93130333726,24.21,733151
2014,BOL,Bolivia,South America,3022.46288443562,10.28,10848889
2014,BIH,Bosnia and Herzegovina,Europe,5196.97008415107,12.1,3564831
2014,BWA,Botswana,Africa,6844.03324966349,13.39,2172052
2014,BRA,Brazil,South America,12071.4044637296,8.63,200085126
2014,BRN,Brunei Darussalam,Asia,41035.7771227892,7.24,416754
2014,BGR,Bulgaria,Europe,7912.27484371138,11.88,7223451
2014,BFA,Burkina Faso,Africa,767.371344051512,5.2,18229466
2014,BDI,Burundi,Africa,257.818557410131,18.91,10799790
2014,KHM,Cambodia,Asia,1098.07453750531,18.2,15396771
2014,CMR,Cameroon,Africa,1631.7139854966,12.4,22059894
2014,CAN,Canada,North America,50960.8431174661,6.42,35634265
2014,CPV,Cape Verde,Africa,3739.27827890219,1.09,512334
2014,CYM,Cayman Islands,North America,76610.647967975,2.34,60179
2014,CAF,Central African Republic,Africa,394.856932975083,14.71,4623188
2014,TCD,Chad,Africa,1017.78776208855,4.39,14188681
2014,CHL,Chile,South America,14675.1508630779,12.65,17864191
2014,CHN,China,Asia,7636.07434020616,43.03,1387951973
2014,COL,Colombia,South America,8167.47284156277,7.64,46565426
2014,COM,Comoros,Africa,1608.68787678758,1.96,711511
2014,CRI,Costa Rica,North America,10737.6788811529,4.61,4767126
2014,CIV,Cote d'Ivoire,Africa,2124.01942956841,7.76,24527392
2014,HRV,Croatia,Europe,14035.8597369389,13.16,4219485
2014,CUB,Cuba,North America,7117.53573456326,3.45,11285781
2014,CYP,Cyprus,Asia,27244.34375,9.35,1201807
2014,CZE,Czech Republic,Europe,19890.9199056648,18.57,10517222
2014,COD,Dem. Rep. Congo,Africa,472.266235725533,22.47,78403248
2014,DNK,Denmark,Europe,62548.9847332908,11.59,5643793
2014,DJI,Djibouti,Africa,2239.11453821208,6.3,1002720
2014,DMA,Dominica,North America,7502.12090974081,0.67,70385
2014,DOM,Dominican Republic,North America,6533.67091082712,2.74,10315524
2014,ECU,Ecuador,South America,6436.76103650622,7.3,16035126
2014,EGY,Egypt,Africa,3196.86138078687,7.64,97528656
2014,SLV,El Salvador,North America,3638.51765819162,6.98,6162953
2014,GNQ,Equatorial Guinea,Africa,16804.9249271976,13.76,1399829
2014,EST,Estonia,Europe,20261.0667303886,10.77,1314456
2014,ETH,Ethiopia,Africa,557.534148360438,10.77,101115615
2014,FRO,Faeroe Islands,Europe,60126.1256426858,1.69,48515
2014,FJI,Fiji,Oceania,5305.06440743199,0.19,917589
2014,FIN,Finland,Europe,50327.2402902632,8.76,5461686
2014,FRA,France,Europe,43068.5487241739,11.19,64692495
2014,PYF,French Polynesia,Oceania,21223.0754876891,0.2,276388
2014,GAB,Gabon,Africa,9255.36803467635,18.19,1978402
2014,GMB,Gambia,Africa,561.649634566263,3.47,2164533
2014,GEO,Georgia,Asia,4830.33486170249,13.47,3792921
2014,DEU,Germany,Europe,48023.8699845462,15.1,81376078
2014,GHA,Ghana,Africa,1942.92184179852,9.99,28041591
2014,GRC,Greece,Europe,21616.7100094908,10.39,10893169
2014,GRL,Greenland,North America,50485.2244135291,1.46,56196
2014,GRD,Grenada,North America,7726.37826175954,0.54,114148
2014,GUM,Guam,Oceania,33483.9414359299,0.4,165493
2014,GTM,Guatemala,North America,3779.62620518889,7.53,15681725
2014,GIN,Guinea,Africa,774.5690395852,4.56,11472921
2014,GNB,Guinea-Bissau,Africa,651.204531740983,3.93,1741125
2014,GUY,Guyana,South America,5495.37707515986,1.21,754230
2014,HTI,Haiti,North America,1454.64916032025,3.7,10373241
2014,HND,Honduras,North America,2164.42455009318,4.89,9063127
2014,HKG,Hong Kong,Asia,40315.3739510191,27.84,7319503
2014,HUN,Hungary,Europe,14294.2584180751,15.54,9862843
2014,ISL,Iceland,Europe,54576.7448146565,1.35,327516
2014,IND,India,Asia,1559.86377864962,47.34,1312277184
2014,IDN,Indonesia,Asia,3476.62485441547,12.73,258877397
2014,IRN,Iran,Asia,5757.54333251596,11.36,81502045
2014,IRQ,Iraq,Asia,6215.98603314029,8.43,36550059
2014,IRL,Ireland,Europe,55752.7649838131,4.61,4658237
2014,IMN,Isle of Man,Europe,91881.0719500484,6.83,83913
2014,ISR,Israel,Asia,38259.6810956173,8.52,7897173
2014,ITA,Italy,Europe,35565.7213771496,20.24,60664169
2014,JAM,Jamaica,North America,4991.56151652962,2.42,2793756
2014,JPN,Japan,Asia,38475.3952461838,11.81,127486600
2014,JOR,Jordan,Asia,4255.89430213385,7.7,8791715
2014,KAZ,Kazakhstan,Asia,12807.2630452048,9.52,17816285
2014,KEN,Kenya,Africa,1489.91972057277,9.81,46051441
2014,KIR,Kiribati,Oceania,1740.35605234457,0.16,115338
2014,KWT,Kuwait,Asia,43239.8826623799,11.37,3665769
2014,KGZ,Kyrgyzstan,Asia,1279.77078445418,10.68,5898324
2014,LAO,Laos,Asia,1984.50828271186,33.11,6703170
2014,LVA,Latvia,Europe,15742.3913381908,13.02,1994153
2014,LBN,Lebanon,Asia,7665.37969186256,9.09,6346993
2014,LSO,Lesotho,Africa,1165.05065002416,16.09,2080091
2014,LBR,Liberia,Africa,713.734882389203,5.52,4564301
2014,LBY,Libya,Africa,9408.75304325028,3.29,6427260
2014,LIE,Liechtenstein,Europe,179467.516166777,15.83,37191
2014,LTU,Lithuania,Europe,16551.018202078,14.92,2933172
2014,LUX,Luxembourg,Europe,123678.702143275,11.83,556285
2014,MAC,Macao,Asia,90873.6024865671,33.34,610308
2014,MKD,Macedonia,Europe,5925.38592218015,11.28,1997842
2014,MDG,Madagascar,Africa,517.136183122584,3.85,24764357
2014,MWI,Malawi,Africa,534.126977149089,11.33,16621535
2014,MYS,Malaysia,Asia,11045.5801207599,14.2,30696133
2014,MDV,Maldives,Asia,8872.12838570139,2.02,413623
2014,MLI,Mali,Africa,818.430341392215,3.14,18020267
2014,MLT,Malta,Europe,26753.2733830814,4.32,434494
2014,MHL,Marshall Islands,Oceania,3678.10539427642,0.11,49815
2014,MRT,Mauritania,Africa,1715.38883792802,1.58,3848513
2014,MUS,Mauritius,Africa,10366.3550754936,0.4,1292006
2014,MEX,Mexico,North America,11490.0216914226,12.5,119784263
2014,FSM,Micronesia,Oceania,2928.44878191958,0.18,108407
2014,MDA,Moldova,Europe,3289.95758568777,14.02,3342714
2014,MCO,Monaco,Europe,195772.724261668,12.38,36154
2014,MNG,Mongolia,Asia,4211.93943552954,4.72,2913041
2014,MNE,Montenegro,Europe,7387.87296917548,8.2,631376
2014,MAR,Morocco,Africa,3430.53442382813,6.13,34204783
2014,MOZ,Mozambique,Africa,690.443218144276,7.82,25788474
2014,MMR,Myanmar,Asia,1283.1064921138,25.74,50681634
2014,NAM,Namibia,Africa,5544.10406844675,8.53,2312144
2014,NRU,Nauru,Oceania,9063.00223035953,0.1,10765
2014,NPL,Nepal,Asia,827.744708369804,46.73,27672373
2014,NLD,Netherlands,Europe,52900.537415323,14.01,17030087
2014,NCL,New Caledonia,Oceania,39675.5664792121,0.35,281233
2014,NZL,New Zealand,Oceania,44578.2253868016,1.61,4522977
2014,NIC,Nicaragua,North America,1913.52134831663,3.04,6066491
2014,NER,Niger,Africa,560.754475169279,4.04,19215917
2014,NGA,Nigeria,Africa,3200.95279935925,14.45,185896917
2014,MNP,Northern Mariana Islands,Oceania,16044.4307312558,0.39,52199
2014,NOR,Norway,Europe,97666.6951838749,5.29,5137397
2014,OMN,Oman,Asia,23121.2063768559,7.73,4002445
2014,PAK,Pakistan,Asia,1303.18536985282,30.74,214264649
2014,PLW,Palau,Oceania,13808.2274910465,0.32,17739
2014,PAN,Panama,North America,12837.2479584282,1.61,3892101
2014,PNG,Papua New Guinea,Oceania,2742.25004998231,1.56,8523440
2014,PRY,Paraguay,South America,6629.41699277341,7.76,6069816
2014,PER,Peru,South America,6614.83081997934,15.6,30115826
2014,PHL,Philippines,Asia,2935.92859830401,8.34,103767129
2014,POL,Poland,Europe,14181.9486817352,19.83,38265113
2014,PRT,Portugal,Europe,22103.7009703321,7.29,10406202
2014,PRI,Puerto Rico,North America,28981.4573305866,1.23,3565368
2014,QAT,Qatar,Asia,93126.1494633822,14.48,2218377
2014,COG,Republic of Congo,Africa,3623.82705652473,26.94,4975887
2014,ROU,Romania,Europe,10031.3421526698,14.0,19968180
2014,RUS,Russia,Europe,14055.47265625,12.39,144925638
2014,RWA,Rwanda,Africa,724.721973748255,19.52,11364758
2014,KNA,Saint Kitts and Nevis,North America,19923.2273349748,0.47,47112
2014,LCA,Saint Lucia,North America,10006.551252747,0.77,174145
2014,VCT,Saint Vincent and the Grenadines,North America,7210.60311284047,0.6,107555
2014,WSM,Samoa,Oceania,3948.72802229336,0.2,200051
2014,SMR,San Marino,Europe,50133.6065243359,20.05,33753
2014,STP,Sao Tome and Principe,Africa,1484.17010509944,10.31,196780
2014,SAU,Saudi Arabia,Asia,23862.7986941075,9.04,28998127
2014,SEN,Senegal,Africa,1417.094987474,2.88,14152101
2014,SRB,Serbia,Europe,6600.05621129155,13.69,7227203
2014,SYC,Seychelles,Africa,15188.1902175113,0.57,104663
2014,SLE,Sierra Leone,Africa,702.338587730146,4.6,6876384
2014,SGP,Singapore,Asia,57564.8023114977,12.98,5457899
2014,SVK,Slovakia,Europe,18719.9881409371,16.94,5415237
2014,SVN,Slovenia,Europe,24247.1733184083,14.91,2058396
2014,SLB,Solomon Islands,Oceania,2235.7337028278,0.27,616915
2014,SOM,Somalia,Africa,491.189804120491,2.77,13339498
2014,ZAF,South Africa,Africa,6965.1378973693,17.46,55594838
2014,KOR,South Korea,Asia,29252.9312377352,24.87,50539055
2014,SSD,South Sudan,Africa,1245.14931107226,8.14,11235071
2014,ESP,Spain,Europe,29513.6511800405,7.67,46720186
2014,LKA,Sri Lanka,Asia,3885.62361617465,7.12,21547455
2014,PSE,State of Palestine,Asia,3352.11259506043,8.84,4415886
2014,SDN,Sudan,Africa,1338.17309570313,4.83,38823324
2014,SUR,Suriname,South America,9199.17789329145,0.82,575382
2014,SWZ,Swaziland,Africa,3928.5227551684,14.28,1136305
2014,SWE,Sweden,Europe,60020.3604576572,11.06,9696437
2014,CHE,Switzerland,Europe,88724.9909402638,17.88,8190238
2014,SYR,Syria,Asia,1071.23420366067,10.39,20273662
2014,TJK,Tajikistan,Asia,1094.43005016466,25.92,8425558
2014,TZA,Tanzania,Africa,1013.42877197266,10.07,50351505
2014,THA,Thailand,Asia,5822.37778295314,32.51,70216362
2015,AFG,Afghanistan,Asia,566.881129708434,15.23,33831765
2015,ALB,Albania,Europe,3952.80357364813,11.8,2898634
2015,DZA,Algeria,Africa,4741.49977033558,8.62,40019528
2015,ASM,American Samoa,Oceania,13101.5418159165,0.3,52895
2015,AND,Andorra,Europe,38885.5303222983,5.48,72194
2015,AGO,Angola,Africa,3217.33924005417,17.97,28157801
2015,ATG,Antigua and Barbuda,North America,15985.5411386971,0.55,89422
2015,ARG,Argentina,South America,13789.060424772,8.5,43477009
2015,ARM,Armenia,Asia,3666.14182210905,18.15,2921179
2015,ABW,Aruba,North America,28419.2645344661,1.59,104200
2015,AUS,Australia,Oceania,56758.8692027821,3.03,23947998
2015,AUT,Austria,Europe,44195.8175947748,14.08,8644037
2015,AZE,Azerbaijan,Asia,5500.50364628486,20.12,9752859
2015,BHS,Bahamas,North America,29722.4068429349,1.38,385355
2015,BHR,Bahrain,Asia,22850.6653959938,17.5,1369656
2015,BGD,Bangladesh,Asia,1236.4354555046,60.27,159383180
2015,BRB,Barbados,North America,17040.4176091311,0.69,278997
2015,BLR,Belarus,Europe,5967.06856034227,15.75,9487288
2015,BEL,Belgium,Europe,41008.296719472,13.51,11275332
2015,BLZ,Belize,North America,6098.60007958976,2.19,356340
2015,BEN,Benin,Africa,1041.65252312918,13.21,11360681
2015,BMU,Bermuda,North America,102005.62564189,0.86,63481
2015,BTN,Bhutan,Asia,2899.22829354394,23.92,740624
2015,BOL,Bolivia,South America,2975.64881143063,7.59,11014707
2015,BIH,Bosnia and Herzegovina,Europe,4654.60862038896,13.4,3518541
2015,BWA,Botswana,Africa,5869.73757890628,20.32,2203276
2015,BRA,Brazil,South America,8783.2154236384,9.6,201675534
2015,BRN,Brunei Darussalam,Asia,30681.4339698653,9.71,422224
2015,BGR,Bulgaria,Europe,7078.86032298969,12.43,7177516
2015,BFA,Burkina Faso,Africa,632.12668582235,6.16,18777488
2015,BDI,Burundi,Africa,289.359627206129,19.86,11047580
2015,KHM,Cambodia,Asia,1170.74281578643,17.49,15623253
2015,CMR,Cameroon,Africa,1399.67533596114,13.66,22763419
2015,CAN,Canada,North America,43594.1941045394,7.4,35962236
2015,CPV,Cape Verde,Africa,3169.07890082563,1.68,512405
2015,CYM,Cayman Islands,North America,77295.8456647776,2.08,61665
2015,CAF,Central African Republic,Africa,351.879754769554,15.9,4629323
2015,TCD,Chad,Africa,774.411603124119,5.98,14647625
2015,CHL,Chile,South America,13567.3572174332,15.42,18047628
2015,CHN,China,Asia,8016.44559489998,43.75,1396134164
2015,COL,Colombia,South America,6228.65162110371,7.12,46969937
2015,COM,Comoros,Africa,1322.93677605288,2.2,726685
2015,CRI,Costa Rica,North America,11529.9551730192,3.28,4818044
2015,CIV,Cote d'Ivoire,Africa,1941.58189765549,12.2,25246346
2015,HRV,Croatia,Europe,12135.1036186683,15.0,4183732
2015,CUB,Cuba,North America,7683.74025365669,2.91,11275068
2015,CYP,Cyprus,Asia,23487.21875,12.42,1219504
2015,CZE,Czech Republic,Europe,17829.6983223668,19.12,10524419
2015,COD,Dem. Rep. Congo,Africa,482.064568638238,27.65,81035535
2015,DNK,Denmark,Europe,53254.8563700916,8.79,5683698
2015,DJI,Djibouti,Africa,2409.31190224284,8.76,1020315
2015,DMA,Dominica,North America,7724.04241057376,1.02,70429
2015,DOM,Dominican Republic,North America,6838.93674590634,2.85,10434826
2015,ECU,Ecuador,South America,6002.1083111024,7.4,16266228
2015,EGY,Egypt,Africa,3370.38244716015,10.88,99597333
2015,SLV,El Salvador,North America,3761.51368000275,7.76,6183674
2015,GNQ,Equatorial Guinea,Africa,9788.98380369718,13.8,1453926
2015,EST,Estonia,Europe,17402.0376128079,6.26,1314581
2015,ETH,Ethiopia,Africa,630.312619383054,17.26,103867140
2015,FRO,Faeroe Islands,Europe,52726.6873782078,0.97,48916
2015,FJI,Fiji,Oceania,5105.18959221062,0.2,918583
2015,FIN,Finland,Europe,42801.9081167285,5.33,5479718
2015,FRA,France,Europe,36652.9223052178,10.7,64916336
2015,PYF,French Polynesia,Oceania,18252.5142032094,0.37,277878
2015,GAB,Gabon,Africa,7090.45463394942,18.0,2040990
2015,GMB,Gambia,Africa,611.67121911225,4.93,2224532
2015,GEO,Georgia,Asia,4086.6223465965,14.78,3791571
2015,DEU,Germany,Europe,41103.2564363768,13.12,82077546
2015,GHA,Ghana,Africa,1711.27132561453,13.67,28696071
2015,GRC,Greece,Europe,18083.8779056547,11.48,10820901
2015,GRL,Greenland,North America,44536.3549705377,0.64,56048
2015,GRD,Grenada,North America,8379.62184743156,0.8,114691
2015,GUM,Guam,Oceania,34522.3779304433,0.59,164914
2015,GTM,Guatemala,North America,3994.62908519019,7.94,15971745
2015,GIN,Guinea,Africa,756.425589810936,7.06,11767077
2015,GNB,Guinea-Bissau,Africa,644.179063890749,6.17,1786461
2015,GUY,Guyana,South America,5668.42976474423,1.48,758785
2015,HTI,Haiti,North America,1405.71477634354,3.79,10523249
2015,HND,Honduras,North America,2257.22528369354,4.9,9237305
2015,HKG,Hong Kong,Asia,42432.1619740441,23.68,7366411
2015,HUN,Hungary,Europe,12717.038597002,20.29,9839210
2015,ISL,Iceland,Europe,52951.6815110898,1.01,330962
2015,IND,India,Asia,1590.17433134297,49.18,1328024492
2015,IDN,Indonesia,Asia,3322.58167895444,16.35,261799249
2015,IRN,Iran,Asia,4990.93679541655,12.31,82619365
2015,IRQ,Iraq,Asia,4416.94292408042,12.69,37560535
2015,IRL,Ireland,Europe,62179.2642662951,3.9,4702497
2015,IMN,Isle of Man,Europe,84753.5187422732,5.82,83612
2015,ISR,Israel,Asia,36206.5222171621,9.81,8052915
2015,ITA,Italy,Europe,30242.3861352184,15.72,60575314
2015,JAM,Jamaica,North America,5077.55096915616,2.14,2802535
2015,JPN,Japan,Asia,34960.6393843385,12.93,127275868
2015,JOR,Jordan,Asia,4064.25301043642,8.9,9544730
2015,KAZ,Kazakhstan,Asia,10510.7703240885,11.0,18084173
2015,KEN,Kenya,Africa,1496.65357260021,9.53,47088527
2015,KIR,Kiribati,Oceania,1641.48097739743,0.27,116826
2015,KWT,Kuwait,Asia,29315.1931019553,18.92,3834464
2015,KGZ,Kyrgyzstan,Asia,1121.08269597662,12.87,6001876
2015,LAO,Laos,Asia,2125.4589005996,26.87,6801650
2015,LVA,Latvia,Europe,13786.4567953114,9.14,1977874
2015,LBN,Lebanon,Asia,7802.75136769776,11.38,6472470
2015,LSO,Lesotho,Africa,1113.83683453612,17.95,2104613
2015,LBR,Liberia,Africa,699.662946853965,9.3,4659438
2015,LBY,Libya,Africa,7867.51493141091,6.51,6531825
2015,LIE,Liechtenstein,Europe,167809.269874833,8.21,37424
2015,LTU,Lithuania,Europe,14263.9645773495,12.56,2905772
2015,LUX,Luxembourg,Europe,105462.012584423,10.91,569541
2015,MAC,Macao,Asia,73220.6355551661,27.93,622186
2015,MKD,Macedonia,Europe,5262.68671928674,11.48,1980366
2015,MDG,Madagascar,Africa,455.63803458407,4.74,25426704
2015,MWI,Malawi,Africa,544.276872741836,12.42,17085585
2015,MYS,Malaysia,Asia,9699.60046342736,17.85,31232796
2015,MDV,Maldives,Asia,9480.43151261807,1.73,428165
2015,MLI,Mali,Africa,723.504204947663,4.38,18593022
2015,MLT,Malta,Europe,24921.7141769982,7.13,444979
2015,MHL,Marshall Islands,Oceania,3708.21556179322,0.18,48822
2015,MRT,Mauritania,Africa,1562.72683648828,2.13,3965959
2015,MUS,Mauritius,Africa,9507.87133656424,0.37,1292282
2015,MEX,Mexico,North America,10098.173182095,12.02,121072310
2015,FSM,Micronesia,Oceania,2891.32210264749,0.33,108727
2015,MDA,Moldova,Europe,2749.55137054338,15.98,3287169
2015,MCO,Monaco,Europe,170338.680381498,10.75,36785
2015,MNG,Mongolia,Asia,3919.35121343969,6.46,2976528
2015,MNE,Montenegro,Europe,6517.19267514764,10.09,628147
2015,MAR,Morocco,Africa,3139.22827148438,9.14,34607590
2015,MOZ,Mozambique,Africa,603.838513777915,9.04,26547575
2015,MMR,Myanmar,Asia,1157.78396112581,22.91,51089060
2015,NAM,Namibia,Africa,4965.67276506551,11.39,2374305
2015,NRU,Nauru,Oceania,7587.25441038889,0.5,10974
2015,NPL,Nepal,Asia,882.30766159992,47.74,27823631
2015,NLD,Netherlands,Europe,45193.4032187971,13.36,17107427
2015,NCL,New Caledonia,Oceania,32428.5722348241,0.38,283177
2015,NZL,New Zealand,Oceania,38639.3501941427,1.55,4614037
2015,NIC,Nicaragua,North America,2025.32477597575,2.49,6149418
2015,NER,Niger,Africa,481.111301105002,5.69,19939497
2015,NGA,Nigeria,Africa,2679.5542234874,16.13,190671883
2015,MNP,Northern Mariana Islands,Oceania,17665.1007493109,0.67,51538
2015,NOR,Norway,Europe,74809.9658049898,3.22,5189776
2015,OMN,Oman,Asia,18777.4330589162,10.2,4184897
2015,PAK,Pakistan,Asia,1421.83527830089,33.98,217290885
2015,PLW,Palau,Oceania,16141.1696583338,0.97,17791
2015,PAN,Panama,North America,13669.5594424097,1.8,3960036
2015,PNG,Papua New Guinea,Oceania,2502.07344498028,1.72,8743247
2015,PRY,Paraguay,South America,5861.40189546648,11.67,6159106
2015,PER,Peru,South America,6180.11926810233,14.55,30457600
2015,PHL,Philippines,Asia,2974.29691673713,8.14,105312986
2015,POL,Poland,Europe,12560.051419682,22.19,38266314
2015,PRT,Portugal,Europe,19250.1065376852,6.55,10370266
2015,PRI,Puerto Rico,North America,29763.4883013861,1.32,3521810
2015,QAT,Qatar,Asia,66984.9102002396,19.43,2427337
2015,COG,Republic of Congo,Africa,2455.34085824476,28.24,5097583
2015,ROU,Romania,Europe,8976.9544892648,16.07,19871018
2015,RUS,Russia,Europe,9277.7138671875,13.2,145307611
2015,RWA,Rwanda,Africa,733.813379277367,21.44,11640027
2015,KNA,Saint Kitts and Nevis,North America,20029.759828881,0.6,47108
2015,LCA,Saint Lucia,North America,10292.7335300088,1.03,174919
2015,VCT,Saint Vincent and the Grenadines,North America,7386.74663845115,0.79,106975
2015,WSM,Samoa,Oceania,4048.46711296568,0.31,201794
2015,SMR,San Marino,Europe,42281.8112549264,14.4,33926
2015,STP,Sao Tome and Principe,Africa,1292.73305546523,9.55,200306
2015,SAU,Saudi Arabia,Asia,20442.3625620084,13.85,29974944
2015,SEN,Senegal,Africa,1238.12639978389,4.11,14593336
2015,SRB,Serbia,Europe,5588.9794435877,15.27,7177257
2015,SYC,Seychelles,Africa,15333.1051727105,0.48,107247
2015,SLE,Sierra Leone,Africa,581.293411814954,7.73,7037659
2015,SGP,Singapore,Asia,55645.6068614606,27.51,5525343
2015,SVK,Slovakia,Europe,16390.8821748507,20.84,5420279
2015,SVN,Slovenia,Europe,20890.1664304173,14.83,2059947
2015,SLB,Solomon Islands,Oceania,2134.80541826155,0.77,639423
2015,SOM,Somalia,Africa,507.482915467098,3.86,13806969
2015,ZAF,South Africa,Africa,6204.92990145846,23.21,56723537
2015,KOR,South Korea,Asia,28737.4391706499,28.32,50983908
2015,SSD,South Sudan,Africa,1071.77776475545,12.04,11107569
2015,ESP,Spain,Europe,25754.36102944,8.0,46683683
2015,LKA,Sri Lanka,Asia,3990.35311739446,6.28,21729974
2015,PSE,State of Palestine,Asia,3272.15432360708,10.18,4521566
2015,SDN,Sudan,Africa,1355.12609863281,5.82,40024436
2015,SUR,Suriname,South America,8907.83725830091,1.02,581633
2015,SWZ,Swaziland,Africa,3583.31129031343,19.61,1142823
2015,SWE,Sweden,Europe,51545.4836095322,5.89,9799482
2015,CHE,Switzerland,Europe,83806.4476003837,10.96,8283940
2015,SYR,Syria,Asia,857.417884760688,13.35,19424615
2015,TJK,Tajikistan,Asia,970.362547188452,29.77,8643839
2015,TZA,Tanzania,Africa,929.7998046875,9.64,52020959
2015,THA,Thailand,Asia,5708.79409105798,27.51,70540790
