SpatialDim,TimeDim,NumericValue
AFG,2000,1041.634
AFG,2001,1050.808
AFG,2002,1051.905
AFG,2003,1042.0
AFG,2004,1038.197
AFG,2005,1027.378
AFG,2006,1015.406
AFG,2007,1006.136
AFG,2008,989.2155
AFG,2009,964.597
AFG,2010,950.6849
AFG,2011,933.6707
AFG,2012,919.3029
AFG,2013,909.6195
AFG,2014,899.0647
AFG,2015,895.0696
AFG,2016,895.2938
AFG,2017,894.5685
AFG,2018,881.7846
AFG,2019,881.2331
AFR,2000,717.6634
AFR,2001,708.0605
AFR,2002,701.5699
AFR,2003,694.7129
AFR,2004,688.1443
AFR,2005,681.9823
AFR,2006,679.1009
AFR,2007,671.9229
AFR,2008,667.9754
AFR,2009,661.8307
AFR,2010,654.2022
AFR,2011,645.7646
AFR,2012,636.7758
AFR,2013,628.841
AFR,2014,620.6445
AFR,2015,615.8798
AFR,2016,608.6253
AFR,2017,601.1069
AFR,2018,593.4088
AFR,2019,587.145
AGO,2000,775.0211
AGO,2001,768.3793
AGO,2002,763.9988
AGO,2003,768.9059
AGO,2004,767.2207
AGO,2005,743.5797
AGO,2006,752.5267
AGO,2007,708.2771
AGO,2008,711.5917
AGO,2009,672.6966
AGO,2010,682.3022
AGO,2011,662.7888
AGO,2012,671.3505
AGO,2013,664.7145
AGO,2014,635.3622
AGO,2015,639.0939
AGO,2016,629.1572
AGO,2017,617.9132
AGO,2018,616.0638
AGO,2019,621.198
ALB,2000,655.9436
ALB,2001,484.8182
ALB,2002,532.3357
ALB,2003,586.1281
ALB,2004,558.5732
ALB,2005,599.841
ALB,2006,594.2396
ALB,2007,580.0494
ALB,2008,558.3331
ALB,2009,535.324
ALB,2010,505.859
ALB,2011,490.1731
ALB,2012,507.136
ALB,2013,486.3732
ALB,2014,484.1204
ALB,2015,513.9418
ALB,2016,527.4755
ALB,2017,551.6287
ALB,2018,576.4409
ALB,2019,601.9095
AMR,2000,496.2302
AMR,2001,488.2185
AMR,2002,482.4861
AMR,2003,479.4404
AMR,2004,467.4737
AMR,2005,463.7696
AMR,2006,452.0285
AMR,2007,445.8584
AMR,2008,444.1157
AMR,2009,434.9896
AMR,2010,435.7316
AMR,2011,428.9384
AMR,2012,423.6527
AMR,2013,420.983
AMR,2014,418.9266
AMR,2015,421.2091
AMR,2016,419.2556
AMR,2017,414.8853
AMR,2018,412.7573
AMR,2019,410.8346
ARE,2000,623.4324
ARE,2001,621.1947
ARE,2002,616.847
ARE,2003,612.4583
ARE,2004,601.6681
ARE,2005,602.9407
ARE,2006,588.3591
ARE,2007,586.6578
ARE,2008,564.0285
ARE,2009,559.2288
ARE,2010,555.3953
ARE,2011,553.1154
ARE,2012,554.1291
ARE,2013,554.1416
ARE,2014,553.9138
ARE,2015,552.526
ARE,2016,550.6718
ARE,2017,548.9692
ARE,2018,536.0204
ARE,2019,528.3586
ARG,2000,540.1609
ARG,2001,537.9625
ARG,2002,535.6886
ARG,2003,541.4004
ARG,2004,518.0276
ARG,2005,507.023
ARG,2006,490.6968
ARG,2007,513.5429
ARG,2008,483.3658
ARG,2009,476.6209
ARG,2010,491.2521
ARG,2011,478.6767
ARG,2012,469.9315
ARG,2013,462.301
ARG,2014,451.4683
ARG,2015,455.8905
ARG,2016,467.4254
ARG,2017,443.0612
ARG,2018,433.3245
ARG,2019,435.1655
ARM,2000,665.9269
ARM,2001,649.6638
ARM,2002,683.7334
ARM,2003,690.8287
ARM,2004,676.3682
ARM,2005,680.6968
ARM,2006,676.3671
ARM,2007,666.1693
ARM,2008,667.7339
ARM,2009,679.4732
ARM,2010,664.4413
ARM,2011,644.3419
ARM,2012,627.1027
ARM,2013,610.3327
ARM,2014,616.2661
ARM,2015,604.6804
ARM,2016,592.8332
ARM,2017,565.6854
ARM,2018,526.1781
ARM,2019,525.8599
ATG,2000,535.6154
ATG,2001,518.8667
ATG,2002,522.3464
ATG,2003,516.3991
ATG,2004,519.1674
ATG,2005,509.8657
ATG,2006,500.1902
ATG,2007,535.2674
ATG,2008,527.5396
ATG,2009,488.0465
ATG,2010,498.3196
ATG,2011,496.7363
ATG,2012,501.0449
ATG,2013,498.339
ATG,2014,499.3481
ATG,2015,507.3635
ATG,2016,507.5278
ATG,2017,516.5483
ATG,2018,503.5135
ATG,2019,501.1122
AUS,2000,386.0595
AUS,2001,373.3925
AUS,2002,372.1475
AUS,2003,357.422
AUS,2004,351.2596
AUS,2005,349.8418
AUS,2006,343.2277
AUS,2007,333.7824
AUS,2008,338.1143
AUS,2009,321.7652
AUS,2010,315.7202
AUS,2011,315.593
AUS,2012,304.3702
AUS,2013,298.7648
AUS,2014,300.5121
AUS,2015,302.1936
AUS,2016,293.0742
AUS,2017,287.2562
AUS,2018,278.8636
AUS,2019,278.5359
AUT,2000,453.2256
AUT,2001,436.098
AUT,2002,436.497
AUT,2003,438.0581
AUT,2004,417.2603
AUT,2005,406.6001
AUT,2006,391.9193
AUT,2007,383.3969
AUT,2008,375.7858
AUT,2009,381.391
AUT,2010,371.3937
AUT,2011,359.5703
AUT,2012,363.9361
AUT,2013,358.8583
AUT,2014,346.9919
AUT,2015,355.4178
AUT,2016,341.2905
AUT,2017,341.067
AUT,2018,338.1717
AUT,2019,329.3742
AZE,2000,857.2762
AZE,2001,848.2446
AZE,2002,863.722
AZE,2003,885.5614
AZE,2004,900.9445
AZE,2005,917.267
AZE,2006,919.5743
AZE,2007,909.596
AZE,2008,906.0598
AZE,2009,901.3747
AZE,2010,897.775
AZE,2011,895.798
AZE,2012,893.7852
AZE,2013,891.7318
AZE,2014,901.3432
AZE,2015,896.46
AZE,2016,898.0945
AZE,2017,897.9692
AZE,2018,857.7442
AZE,2019,839.4475
BDI,2000,926.0576
BDI,2001,886.9141
BDI,2002,863.5287
BDI,2003,840.6373
BDI,2004,825.1021
BDI,2005,809.1354
BDI,2006,794.7793
BDI,2007,768.9912
BDI,2008,749.5606
BDI,2009,736.1414
BDI,2010,727.4733
BDI,2011,718.538
BDI,2012,709.0632
BDI,2013,698.4474
BDI,2014,684.2701
BDI,2015,674.4165
BDI,2016,666.2349
BDI,2017,660.1179
BDI,2018,657.112
BDI,2019,651.5939
BEL,2000,444.7835
BEL,2001,433.5435
BEL,2002,437.474
BEL,2003,435.7167
BEL,2004,408.4439
BEL,2005,405.1485
BEL,2006,389.802
BEL,2007,378.6982
BEL,2008,378.5295
BEL,2009,368.5502
BEL,2010,369.449
BEL,2011,357.9637
BEL,2012,362.6959
BEL,2013,353.0936
BEL,2014,333.3416
BEL,2015,341.4275
BEL,2016,330.5083
BEL,2017,329.7923
BEL,2018,325.2854
BEL,2019,319.4781
BEN,2000,707.8835
BEN,2001,705.7768
BEN,2002,707.3965
BEN,2003,703.9888
BEN,2004,702.1298
BEN,2005,696.4601
BEN,2006,693.4294
BEN,2007,686.6649
BEN,2008,677.7152
BEN,2009,679.9878
BEN,2010,677.3536
BEN,2011,678.1187
BEN,2012,674.7512
BEN,2013,670.0813
BEN,2014,663.6338
BEN,2015,660.2991
BEN,2016,654.5806
BEN,2017,649.1138
BEN,2018,642.0223
BEN,2019,634.4233
BFA,2000,705.0036
BFA,2001,700.5778
BFA,2002,701.7333
BFA,2003,694.5023
BFA,2004,693.3173
BFA,2005,691.9764
BFA,2006,692.9737
BFA,2007,690.9371
BFA,2008,687.3043
BFA,2009,685.646
BFA,2010,685.4791
BFA,2011,681.0954
BFA,2012,683.5042
BFA,2013,686.0695
BFA,2014,679.1969
BFA,2015,676.8431
BFA,2016,670.2258
BFA,2017,662.6966
BFA,2018,654.7888
BFA,2019,647.7739
BGD,2000,596.0478
BGD,2001,590.4516
BGD,2002,600.4245
BGD,2003,607.3026
BGD,2004,603.0115
BGD,2005,612.4533
BGD,2006,622.5987
BGD,2007,608.9351
BGD,2008,585.3395
BGD,2009,570.4527
BGD,2010,558.7168
BGD,2011,506.2303
BGD,2012,468.0243
BGD,2013,459.4327
BGD,2014,463.2876
BGD,2015,454.5895
BGD,2016,454.4205
BGD,2017,471.4548
BGD,2018,473.1018
BGD,2019,473.6921
BGR,2000,792.9865
BGR,2001,769.5465
BGR,2002,769.6136
BGR,2003,760.6991
BGR,2004,742.0862
BGR,2005,746.8208
BGR,2006,735.7645
BGR,2007,722.0743
BGR,2008,697.2988
BGR,2009,678.8722
BGR,2010,686.8053
BGR,2011,665.9456
BGR,2012,655.466
BGR,2013,626.4147
BGR,2014,645.9651
BGR,2015,645.2061
BGR,2016,629.7375
BGR,2017,636.1922
BGR,2018,629.4221
BGR,2019,616.4898
BHR,2000,1001.605
BHR,2001,1001.35
BHR,2002,983.2288
BHR,2003,922.9663
BHR,2004,849.8815
BHR,2005,776.6976
BHR,2006,732.8306
BHR,2007,772.6669
BHR,2008,789.7679
BHR,2009,808.1885
BHR,2010,759.6007
BHR,2011,704.4346
BHR,2012,649.2184
BHR,2013,608.1402
BHR,2014,588.8359
BHR,2015,569.1351
BHR,2016,578.7435
BHR,2017,599.764
BHR,2018,634.4683
BHR,2019,644.3488
BHS,2000,532.0826
BHS,2001,549.5281
BHS,2002,522.833
BHS,2003,526.2798
BHS,2004,563.099
BHS,2005,537.2994
BHS,2006,549.7992
BHS,2007,529.0053
BHS,2008,535.3601
BHS,2009,543.8521
BHS,2010,548.504
BHS,2011,548.225
BHS,2012,534.7457
BHS,2013,519.1511
BHS,2014,513.3969
BHS,2015,525.5681
BHS,2016,526.4685
BHS,2017,518.2338
BHS,2018,530.8751
BHS,2019,532.2753
BIH,2000,575.2174
BIH,2001,605.8776
BIH,2002,622.2716
BIH,2003,623.1886
BIH,2004,618.7427
BIH,2005,627.5623
BIH,2006,612.2776
BIH,2007,628.2054
BIH,2008,592.5639
BIH,2009,584.3185
BIH,2010,573.4779
BIH,2011,573.7071
BIH,2012,562.9366
BIH,2013,562.7406
BIH,2014,563.1545
BIH,2015,571.9583
BIH,2016,560.1372
BIH,2017,554.2345
BIH,2018,554.2866
BIH,2019,550.9266
BLR,2000,840.5219
BLR,2001,872.2049
BLR,2002,910.0142
BLR,2003,882.3906
BLR,2004,857.726
BLR,2005,860.7502
BLR,2006,830.1802
BLR,2007,785.718
BLR,2008,777.3166
BLR,2009,776.1313
BLR,2010,782.8201
BLR,2011,764.4587
BLR,2012,705.4381
BLR,2013,690.6236
BLR,2014,665.2582
BLR,2015,646.6246
BLR,2016,640.632
BLR,2017,627.803
BLR,2018,627.4138
BLR,2019,607.9959
BLZ,2000,611.4111
BLZ,2001,542.3778
BLZ,2002,518.0282
BLZ,2003,512.0267
BLZ,2004,521.975
BLZ,2005,495.3034
BLZ,2006,496.6666
BLZ,2007,481.6201
BLZ,2008,451.9705
BLZ,2009,468.8624
BLZ,2010,475.1176
BLZ,2011,462.1175
BLZ,2012,447.91
BLZ,2013,441.7907
BLZ,2014,449.9452
BLZ,2015,447.3774
BLZ,2016,438.4191
BLZ,2017,443.121
BLZ,2018,443.9902
BLZ,2019,451.3149
BOL,2000,636.3513
BOL,2001,623.4911
BOL,2002,615.0431
BOL,2003,605.8061
BOL,2004,596.4451
BOL,2005,590.9103
BOL,2006,581.1663
BOL,2007,583.621
BOL,2008,580.0457
BOL,2009,579.5967
BOL,2010,579.6725
BOL,2011,583.4326
BOL,2012,581.3883
BOL,2013,582.4991
BOL,2014,586.3703
BOL,2015,588.0346
BOL,2016,590.8728
BOL,2017,585.8143
BOL,2018,584.8765
BOL,2019,583.2935
BRA,2000,581.1645
BRA,2001,568.4389
BRA,2002,559.5046
BRA,2003,551.9268
BRA,2004,548.9987
BRA,2005,523.6438
BRA,2006,515.4907
BRA,2007,504.8168
BRA,2008,499.542
BRA,2009,492.2363
BRA,2010,491.71
BRA,2011,485.4801
BRA,2012,467.7005
BRA,2013,460.3439
BRA,2014,449.2286
BRA,2015,449.0585
BRA,2016,446.726
BRA,2017,432.9491
BRA,2018,431.8904
BRA,2019,424.4876
BRB,2000,498.2933
BRB,2001,486.1631
BRB,2002,489.4351
BRB,2003,496.963
BRB,2004,498.8527
BRB,2005,492.5709
BRB,2006,489.5128
BRB,2007,493.9864
BRB,2008,486.974
BRB,2009,470.4583
BRB,2010,463.3883
BRB,2011,459.9705
BRB,2012,451.0178
BRB,2013,458.4041
BRB,2014,458.9638
BRB,2015,453.8469
BRB,2016,458.7537
BRB,2017,456.8497
BRB,2018,462.158
BRB,2019,475.9204
BRN,2000,807.4352
BRN,2001,787.8315
BRN,2002,760.5889
BRN,2003,728.3979
BRN,2004,694.11
BRN,2005,669.4313
BRN,2006,653.8481
BRN,2007,637.9745
BRN,2008,624.0638
BRN,2009,611.8162
BRN,2010,603.066
BRN,2011,595.0107
BRN,2012,593.0737
BRN,2013,588.9985
BRN,2014,585.9934
BRN,2015,585.4906
BRN,2016,595.0623
BRN,2017,613.6557
BRN,2018,626.0892
BRN,2019,629.4689
BTN,2000,625.0448
BTN,2001,619.685
BTN,2002,609.7472
BTN,2003,606.0249
BTN,2004,598.5207
BTN,2005,593.6858
BTN,2006,587.5106
BTN,2007,582.2412
BTN,2008,575.4093
BTN,2009,570.1933
BTN,2010,561.6434
BTN,2011,558.8384
BTN,2012,558.8258
BTN,2013,557.8521
BTN,2014,556.4506
BTN,2015,553.8483
BTN,2016,545.3086
BTN,2017,550.9731
BTN,2018,548.1467
BTN,2019,545.5936
BWA,2000,1017.445
BWA,2001,1015.469
BWA,2002,1002.175
BWA,2003,989.0806
BWA,2004,980.6343
BWA,2005,971.4807
BWA,2006,932.6203
BWA,2007,892.8159
BWA,2008,879.4435
BWA,2009,836.5858
BWA,2010,821.8852
BWA,2011,815.4093
BWA,2012,814.2465
BWA,2013,807.3794
BWA,2014,794.7628
BWA,2015,783.3272
BWA,2016,767.1024
BWA,2017,760.1081
BWA,2018,754.1115
BWA,2019,728.2663
CAF,2000,1058.896
CAF,2001,1038.124
CAF,2002,1037.029
CAF,2003,1022.345
CAF,2004,1008.958
CAF,2005,995.1874
CAF,2006,1008.467
CAF,2007,1000.402
CAF,2008,991.4949
CAF,2009,1006.566
CAF,2010,1002.364
CAF,2011,995.3439
CAF,2012,982.9266
CAF,2013,978.8602
CAF,2014,974.051
CAF,2015,968.4614
CAF,2016,948.9767
CAF,2017,943.3201
CAF,2018,924.2461
CAF,2019,911.1475
CAN,2000,410.5258
CAN,2001,400.8823
CAN,2002,395.4342
CAN,2003,387.7565
CAN,2004,376.5039
CAN,2005,369.7522
CAN,2006,355.838
CAN,2007,354.0722
CAN,2008,347.8774
CAN,2009,335.8882
CAN,2010,327.2321
CAN,2011,319.4794
CAN,2012,315.9403
CAN,2013,314.5137
CAN,2014,314.3606
CAN,2015,311.9243
CAN,2016,311.6964
CAN,2017,311.348
CAN,2018,303.8633
CAN,2019,301.3001
CHE,2000,381.0476
CHE,2001,370.8961
CHE,2002,360.3935
CHE,2003,364.4366
CHE,2004,344.0188
CHE,2005,339.8486
CHE,2006,329.4014
CHE,2007,324.3604
CHE,2008,316.9611
CHE,2009,315.2969
CHE,2010,309.7016
CHE,2011,302.551
CHE,2012,303.034
CHE,2013,299.9474
CHE,2014,287.0108
CHE,2015,294.0713
CHE,2016,277.7942
CHE,2017,279.2865
CHE,2018,274.5766
CHE,2019,269.5769
CHL,2000,450.1241
CHL,2001,456.8088
CHL,2002,441.6707
CHL,2003,443.9148
CHL,2004,439.4175
CHL,2005,425.8773
CHL,2006,405.9418
CHL,2007,410.093
CHL,2008,383.3156
CHL,2009,392.1218
CHL,2010,402.1875
CHL,2011,380.3507
CHL,2012,379.7392
CHL,2013,367.8437
CHL,2014,361.998
CHL,2015,357.731
CHL,2016,348.8799
CHL,2017,340.7742
CHL,2018,327.8622
CHL,2019,328.526
CHN,2000,687.5735
CHN,2001,682.3727
CHN,2002,678.3849
CHN,2003,673.7059
CHN,2004,673.3764
CHN,2005,659.0902
CHN,2006,627.9857
CHN,2007,607.3568
CHN,2008,599.0711
CHN,2009,593.9363
CHN,2010,590.7051
CHN,2011,579.7186
CHN,2012,562.6953
CHN,2013,548.6472
CHN,2014,535.3297
CHN,2015,521.355
CHN,2016,514.4859
CHN,2017,505.1145
CHN,2018,496.6205
CHN,2019,491.525
CIV,2000,779.943
CIV,2001,766.4996
CIV,2002,756.185
CIV,2003,752.5772
CIV,2004,744.6774
CIV,2005,734.1272
CIV,2006,742.15
CIV,2007,736.6106
CIV,2008,713.4245
CIV,2009,718.7011
CIV,2010,723.74
CIV,2011,710.4429
CIV,2012,706.1001
CIV,2013,696.8621
CIV,2014,676.7426
CIV,2015,663.8327
CIV,2016,646.4868
CIV,2017,632.6886
CIV,2018,624.7172
CIV,2019,618.1413
CMR,2000,774.193
CMR,2001,775.4163
CMR,2002,773.2878
CMR,2003,773.9737
CMR,2004,768.7594
CMR,2005,782.1669
CMR,2006,783.7742
CMR,2007,770.8117
CMR,2008,763.414
CMR,2009,758.1123
CMR,2010,749.1038
CMR,2011,746.192
CMR,2012,738.3208
CMR,2013,731.7088
CMR,2014,717.1222
CMR,2015,700.6856
CMR,2016,686.1246
CMR,2017,672.7538
CMR,2018,665.1824
CMR,2019,660.5367
COD,2000,753.806
COD,2001,749.9872
COD,2002,739.52
COD,2003,747.3604
COD,2004,742.0818
COD,2005,735.6375
COD,2006,731.8378
COD,2007,719.0803
COD,2008,719.349
COD,2009,726.057
COD,2010,719.6951
COD,2011,710.6475
COD,2012,699.3483
COD,2013,685.326
COD,2014,675.0063
COD,2015,661.028
COD,2016,650.264
COD,2017,648.6177
COD,2018,656.0077
COD,2019,652.8545
COG,2000,946.3993
COG,2001,891.7404
COG,2002,848.2569
COG,2003,827.3393
COG,2004,824.3923
COG,2005,807.1947
COG,2006,798.3703
COG,2007,785.3489
COG,2008,773.6809
COG,2009,772.3555
COG,2010,758.4731
COG,2011,745.1494
COG,2012,746.6352
COG,2013,729.5904
COG,2014,712.2509
COG,2015,685.2198
COG,2016,676.2205
COG,2017,661.8171
COG,2018,651.4636
COG,2019,642.8678
COL,2000,422.4111
COL,2001,414.4078
COL,2002,403.9541
COL,2003,412.2277
COL,2004,400.3552
COL,2005,398.3766
COL,2006,393.9385
COL,2007,381.9184
COL,2008,380.5569
COL,2009,358.0585
COL,2010,362.6839
COL,2011,343.6958
COL,2012,339.8121
COL,2013,336.5121
COL,2014,342.4632
COL,2015,346.5577
COL,2016,337.0512
COL,2017,333.5849
COL,2018,328.5183
COL,2019,326.0131
COM,2000,687.2599
COM,2001,675.6813
COM,2002,660.4126
COM,2003,642.8845
COM,2004,631.1379
COM,2005,624.974
COM,2006,616.9165
COM,2007,615.2984
COM,2008,616.9809
COM,2009,603.6506
COM,2010,603.1049
COM,2011,598.5634
COM,2012,596.2769
COM,2013,591.3012
COM,2014,601.8677
COM,2015,597.7139
COM,2016,593.3433
COM,2017,587.7971
COM,2018,581.3818
COM,2019,577.9128
CPV,2000,479.1217
CPV,2001,476.252
CPV,2002,472.999
CPV,2003,469.6175
CPV,2004,467.4895
CPV,2005,467.5992
CPV,2006,442.2188
CPV,2007,432.4218
CPV,2008,431.792
CPV,2009,430.5132
CPV,2010,427.677
CPV,2011,432.2863
CPV,2012,434.3043
CPV,2013,429.7941
CPV,2014,429.9197
CPV,2015,435.9541
CPV,2016,450.905
CPV,2017,454.0309
CPV,2018,517.7218
CPV,2019,512.8106
CRI,2000,409.9793
CRI,2001,414.4088
CRI,2002,376.7668
CRI,2003,383.9364
CRI,2004,387.8628
CRI,2005,349.9751
CRI,2006,359.098
CRI,2007,330.8498
CRI,2008,328.2635
CRI,2009,321.3982
CRI,2010,354.0905
CRI,2011,331.1617
CRI,2012,326.6177
CRI,2013,321.9832
CRI,2014,323.7229
CRI,2015,312.5879
CRI,2016,321.2185
CRI,2017,322.0474
CRI,2018,311.1019
CRI,2019,309.2164
CUB,2000,451.303
CUB,2001,452.8637
CUB,2002,420.8506
CUB,2003,438.8966
CUB,2004,442.6365
CUB,2005,454.505
CUB,2006,428.3308
CUB,2007,427.9943
CUB,2008,440.7111
CUB,2009,435.2164
CUB,2010,446.9096
CUB,2011,413.2498
CUB,2012,415.2168
CUB,2013,416.0881
CUB,2014,424.2946
CUB,2015,427.9116
CUB,2016,417.8109
CUB,2017,435.6466
CUB,2018,429.4151
CUB,2019,431.2169
CYP,2000,433.3034
CYP,2001,437.0521
CYP,2002,433.4324
CYP,2003,429.1366
CYP,2004,425.9886
CYP,2005,402.9899
CYP,2006,404.4281
CYP,2007,386.5593
CYP,2008,372.4622
CYP,2009,359.5821
CYP,2010,355.8325
CYP,2011,351.8823
CYP,2012,341.8869
CYP,2013,332.5227
CYP,2014,328.4655
CYP,2015,324.5235
CYP,2016,318.8215
CYP,2017,305.1727
CYP,2018,289.8578
CYP,2019,284.164
CZE,2000,603.1526
CZE,2001,595.5861
CZE,2002,595.981
CZE,2003,603.2551
CZE,2004,573.6269
CZE,2005,563.1205
CZE,2006,531.9721
CZE,2007,515.3429
CZE,2008,500.6822
CZE,2009,497.035
CZE,2010,483.4028
CZE,2011,476.2015
CZE,2012,469.91
CZE,2013,465.4432
CZE,2014,439.2887
CZE,2015,448.1576
CZE,2016,426.2185
CZE,2017,429.1614
CZE,2018,425.5738
CZE,2019,416.7531
DEU,2000,462.3202
DEU,2001,449.7099
DEU,2002,450.641
DEU,2003,451.8512
DEU,2004,428.0685
DEU,2005,420.6488
DEU,2006,405.5726
DEU,2007,397.3377
DEU,2008,395.3053
DEU,2009,390.5206
DEU,2010,383.9924
DEU,2011,372.111
DEU,2012,369.3531
DEU,2013,381.3582
DEU,2014,363.6909
DEU,2015,374.9515
DEU,2016,365.0966
DEU,2017,363.7444
DEU,2018,366.4172
DEU,2019,329.293
DJI,2000,634.7531
DJI,2001,625.3874
DJI,2002,627.3108
DJI,2003,628.5342
DJI,2004,631.6885
DJI,2005,627.1852
DJI,2006,622.8056
DJI,2007,617.2171
DJI,2008,614.4028
DJI,2009,614.3578
DJI,2010,618.7687
DJI,2011,619.3559
DJI,2012,618.7251
DJI,2013,621.9792
DJI,2014,619.0012
DJI,2015,612.498
DJI,2016,613.8499
DJI,2017,617.4306
DJI,2018,614.7856
DJI,2019,610.9455
DNK,2000,512.6339
DNK,2001,512.8628
DNK,2002,510.2013
DNK,2003,495.174
DNK,2004,477.5243
DNK,2005,461.1898
DNK,2006,460.6099
DNK,2007,450.8835
DNK,2008,438.2661
DNK,2009,433.0118
DNK,2010,423.008
DNK,2011,401.4984
DNK,2012,392.4547
DNK,2013,383.8298
DNK,2014,370.7118
DNK,2015,369.0484
DNK,2016,364.4044
DNK,2017,355.086
DNK,2018,358.3966
DNK,2019,342.9413
DOM,2000,393.1878
DOM,2001,385.2565
DOM,2002,388.0576
DOM,2003,406.6321
DOM,2004,421.7967
DOM,2005,437.4165
DOM,2006,450.691
DOM,2007,455.9575
DOM,2008,458.503
DOM,2009,465.5095
DOM,2010,461.3653
DOM,2011,469.9436
DOM,2012,491.1812
DOM,2013,514.05
DOM,2014,543.2272
DOM,2015,560.6918
DOM,2016,561.0871
DOM,2017,543.0046
DOM,2018,523.8926
DOM,2019,506.4565
DZA,2000,614.8163
DZA,2001,603.899
DZA,2002,591.8186
DZA,2003,566.7949
DZA,2004,555.9263
DZA,2005,542.8173
DZA,2006,530.4107
DZA,2007,518.4485
DZA,2008,507.7493
DZA,2009,498.4828
DZA,2010,487.8216
DZA,2011,481.4458
DZA,2012,474.7121
DZA,2013,468.8748
DZA,2014,464.4122
DZA,2015,460.686
DZA,2016,453.1556
DZA,2017,448.3381
DZA,2018,447.6672
DZA,2019,445.7562
ECU,2000,422.9123
ECU,2001,424.321
ECU,2002,450.0175
ECU,2003,449.234
ECU,2004,463.1761
ECU,2005,479.8215
ECU,2006,477.0811
ECU,2007,464.7892
ECU,2008,466.3833
ECU,2009,447.5203
ECU,2010,447.0049
ECU,2011,437.2645
ECU,2012,435.6141
ECU,2013,417.8376
ECU,2014,398.8374
ECU,2015,395.9943
ECU,2016,393.7679
ECU,2017,389.3566
ECU,2018,374.861
ECU,2019,364.6559
EGY,2000,714.1895
EGY,2001,746.2472
EGY,2002,760.3599
EGY,2003,787.3369
EGY,2004,768.8781
EGY,2005,760.7203
EGY,2006,756.2096
EGY,2007,751.8236
EGY,2008,759.0561
EGY,2009,766.4754
EGY,2010,772.979
EGY,2011,752.8554
EGY,2012,788.7341
EGY,2013,741.4087
EGY,2014,757.8838
EGY,2015,813.4011
EGY,2016,764.954
EGY,2017,732.5181
EGY,2018,734.5514
EGY,2019,733.7957
EMR,2000,734.6502
EMR,2001,736.3611
EMR,2002,735.6173
EMR,2003,736.374
EMR,2004,727.8195
EMR,2005,721.4701
EMR,2006,716.2059
EMR,2007,710.3787
EMR,2008,705.9935
EMR,2009,700.1999
EMR,2010,694.4518
EMR,2011,684.9088
EMR,2012,684.9261
EMR,2013,676.0737
EMR,2014,673.0426
EMR,2015,678.0953
EMR,2016,667.2064
EMR,2017,658.5721
EMR,2018,653.2585
EMR,2019,649.7101
ERI,2000,838.3307
ERI,2001,821.2214
ERI,2002,815.9656
ERI,2003,792.0897
ERI,2004,796.4029
ERI,2005,796.4568
ERI,2006,796.3832
ERI,2007,787.6928
ERI,2008,792.6536
ERI,2009,783.0221
ERI,2010,775.2514
ERI,2011,767.3051
ERI,2012,758.7238
ERI,2013,751.5022
ERI,2014,744.5029
ERI,2015,741.6771
ERI,2016,733.5047
ERI,2017,725.6213
ERI,2018,722.4801
ERI,2019,713.5643
ESP,2000,410.7521
ESP,2001,402.5581
ESP,2002,399.0127
ESP,2003,402.5764
ESP,2004,379.6921
ESP,2005,380.2927
ESP,2006,358.3868
ESP,2007,359.226
ESP,2008,349.8907
ESP,2009,340.8811
ESP,2010,331.769
ESP,2011,327.7519
ESP,2012,323.8132
ESP,2013,307.1517
ESP,2014,302.5145
ESP,2015,311.242
ESP,2016,296.013
ESP,2017,298.8669
ESP,2018,287.3876
ESP,2019,282.0769
EST,2000,707.8025
EST,2001,703.2022
EST,2002,698.7735
EST,2003,685.0561
EST,2004,665.3738
EST,2005,650.3095
EST,2006,639.5206
EST,2007,632.5781
EST,2008,597.0274
EST,2009,559.8829
EST,2010,538.7336
EST,2011,511.6393
EST,2012,508.3451
EST,2013,489.2373
EST,2014,486.9344
EST,2015,472.197
EST,2016,466.3476
EST,2017,450.4298
EST,2018,445.0395
EST,2019,426.4981
ETH,2000,725.9026
ETH,2001,700.8479
ETH,2002,684.127
ETH,2003,668.3742
ETH,2004,653.421
ETH,2005,640.0274
ETH,2006,624.1016
ETH,2007,610.8057
ETH,2008,598.009
ETH,2009,580.3856
ETH,2010,564.9946
ETH,2011,553.3602
ETH,2012,537.2716
ETH,2013,526.618
ETH,2014,520.3821
ETH,2015,522.314
ETH,2016,517.6079
ETH,2017,513.416
ETH,2018,512.1307
ETH,2019,511.2582
EUR,2000,613.8366
EUR,2001,607.2029
EUR,2002,611.4559
EUR,2003,614.7724
EUR,2004,588.9079
EUR,2005,586.3857
EUR,2006,560.2546
EUR,2007,546.5852
EUR,2008,537.4716
EUR,2009,521.2278
EUR,2010,512.0911
EUR,2011,492.8536
EUR,2012,487.056
EUR,2013,474.3655
EUR,2014,467.1237
EUR,2015,465.465
EUR,2016,454.1458
EUR,2017,446.3615
EUR,2018,440.5821
EUR,2019,427.1472
FIN,2000,450.7829
FIN,2001,436.4844
FIN,2002,435.4636
FIN,2003,426.3011
FIN,2004,413.8352
FIN,2005,411.2069
FIN,2006,403.5701
FIN,2007,402.6627
FIN,2008,392.5827
FIN,2009,388.6709
FIN,2010,386.1031
FIN,2011,373.5935
FIN,2012,375.7484
FIN,2013,364.3526
FIN,2014,360.3926
FIN,2015,351.2946
FIN,2016,352.0509
FIN,2017,343.2204
FIN,2018,339.5956
FIN,2019,334.3098
FJI,2000,1087.79
FJI,2001,1057.689
FJI,2002,1034.914
FJI,2003,1036.129
FJI,2004,986.7127
FJI,2005,980.6238
FJI,2006,980.2035
FJI,2007,993.3234
FJI,2008,990.9692
FJI,2009,964.2177
FJI,2010,962.183
FJI,2011,962.6304
FJI,2012,955.4291
FJI,2013,949.9745
FJI,2014,947.8743
FJI,2015,942.0722
FJI,2016,937.4429
FJI,2017,934.5187
FJI,2018,928.9125
FJI,2019,923.4328
FRA,2000,392.28
FRA,2001,390.6059
FRA,2002,387.7091
FRA,2003,392.7218
FRA,2004,362.3329
FRA,2005,362.0557
FRA,2006,346.1252
FRA,2007,337.7484
FRA,2008,335.2152
FRA,2009,329.1201
FRA,2010,325.2228
FRA,2011,314.2613
FRA,2012,323.3979
FRA,2013,309.2098
FRA,2014,298.0218
FRA,2015,305.2654
FRA,2016,299.4572
FRA,2017,295.822
FRA,2018,293.0137
FRA,2019,290.0675
FSM,2000,1145.244
FSM,2001,1141.537
FSM,2002,1132.951
FSM,2003,1133.8
FSM,2004,1139.571
FSM,2005,1144.892
FSM,2006,1140.977
FSM,2007,1134.555
FSM,2008,1133.181
FSM,2009,1133.234
FSM,2010,1131.792
FSM,2011,1134.818
FSM,2012,1134.078
FSM,2013,1133.711
FSM,2014,1136.171
FSM,2015,1152.058
FSM,2016,1151.075
FSM,2017,1156.838
FSM,2018,1166.429
FSM,2019,1171.389
GAB,2000,804.5092
GAB,2001,791.139
GAB,2002,758.1376
GAB,2003,755.4342
GAB,2004,720.8522
GAB,2005,731.1771
GAB,2006,746.0566
GAB,2007,729.2925
GAB,2008,751.6637
GAB,2009,720.0716
GAB,2010,709.6058
GAB,2011,706.0935
GAB,2012,650.324
GAB,2013,633.5504
GAB,2014,677.2948
GAB,2015,672.5241
GAB,2016,656.5581
GAB,2017,639.868
GAB,2018,632.2844
GAB,2019,613.2721
GBR,2000,447.4019
GBR,2001,460.6606
GBR,2002,456.2864
GBR,2003,452.1541
GBR,2004,429.4246
GBR,2005,418.4903
GBR,2006,404.9802
GBR,2007,399.0347
GBR,2008,394.6809
GBR,2009,376.4769
GBR,2010,372.6284
GBR,2011,359.0275
GBR,2012,362.777
GBR,2013,360.5927
GBR,2014,349.2096
GBR,2015,358.0378
GBR,2016,352.0923
GBR,2017,339.5256
GBR,2018,334.7525
GBR,2019,329.8761
GEO,2000,883.8296
GEO,2001,805.4846
GEO,2002,906.3646
GEO,2003,877.5052
GEO,2004,896.6879
GEO,2005,746.3931
GEO,2006,730.0621
GEO,2007,685.5195
GEO,2008,694.939
GEO,2009,752.7788
GEO,2010,745.5629
GEO,2011,754.8733
GEO,2012,732.0309
GEO,2013,719.4358
GEO,2014,726.0775
GEO,2015,727.1153
GEO,2016,743.3433
GEO,2017,697.6739
GEO,2018,686.8299
GEO,2019,695.3605
GHA,2000,659.2299
GHA,2001,668.3982
GHA,2002,673.8085
GHA,2003,676.2276
GHA,2004,677.5735
GHA,2005,682.3611
GHA,2006,688.4008
GHA,2007,693.6005
GHA,2008,697.0209
GHA,2009,695.7543
GHA,2010,695.4236
GHA,2011,688.0864
GHA,2012,683.0333
GHA,2013,675.6523
GHA,2014,663.63
GHA,2015,655.8415
GHA,2016,646.4127
GHA,2017,636.1301
GHA,2018,623.9687
GHA,2019,618.2837
GIN,2000,617.5055
GIN,2001,616.4656
GIN,2002,630.6338
GIN,2003,632.9856
GIN,2004,639.8863
GIN,2005,638.7067
GIN,2006,659.5905
GIN,2007,673.1107
GIN,2008,674.8795
GIN,2009,679.2254
GIN,2010,690.9118
GIN,2011,696.7298
GIN,2012,699.5362
GIN,2013,703.0487
GIN,2014,698.0687
GIN,2015,698.7112
GIN,2016,691.016
GIN,2017,680.3101
GIN,2018,670.3925
GIN,2019,660.1686
GMB,2000,643.9988
GMB,2001,645.2107
GMB,2002,649.9381
GMB,2003,650.1797
GMB,2004,654.8397
GMB,2005,649.7387
GMB,2006,647.813
GMB,2007,643.3529
GMB,2008,642.015
GMB,2009,636.3916
GMB,2010,629.9521
GMB,2011,635.437
GMB,2012,632.7205
GMB,2013,628.4221
GMB,2014,625.8992
GMB,2015,617.5552
GMB,2016,607.6424
GMB,2017,604.2066
GMB,2018,598.0298
GMB,2019,595.4962
GNB,2000,823.7275
GNB,2001,815.0811
GNB,2002,806.251
GNB,2003,786.6407
GNB,2004,788.4716
GNB,2005,777.806
GNB,2006,777.4606
GNB,2007,776.4982
GNB,2008,777.5085
GNB,2009,781.2108
GNB,2010,772.8546
GNB,2011,763.5076
GNB,2012,748.6665
GNB,2013,750.6713
GNB,2014,730.6655
GNB,2015,699.1035
GNB,2016,701.1511
GNB,2017,697.2309
GNB,2018,687.4936
GNB,2019,672.0589
GNQ,2000,779.2102
GNQ,2001,739.088
GNQ,2002,697.6027
GNQ,2003,685.316
GNQ,2004,668.6875
GNQ,2005,654.6727
GNQ,2006,658.5855
GNQ,2007,650.5539
GNQ,2008,646.5268
GNQ,2009,646.3395
GNQ,2010,653.3913
GNQ,2011,663.5865
GNQ,2012,651.2105
GNQ,2013,629.3723
GNQ,2014,634.9845
GNQ,2015,653.2124
GNQ,2016,655.164
GNQ,2017,635.1637
GNQ,2018,644.6146
GNQ,2019,637.1171
GRC,2000,468.9754
GRC,2001,447.1533
GRC,2002,440.4318
GRC,2003,435.1307
GRC,2004,426.2757
GRC,2005,417.369
GRC,2006,405.4258
GRC,2007,409.9281
GRC,2008,392.7994
GRC,2009,386.1058
GRC,2010,382.1969
GRC,2011,378.2394
GRC,2012,382.6723
GRC,2013,358.8368
GRC,2014,347.3401
GRC,2015,356.2025
GRC,2016,343.0009
GRC,2017,347.4625
GRC,2018,335.3741
GRC,2019,329.0385
GRD,2000,669.3575
GRD,2001,668.0384
GRD,2002,675.5336
GRD,2003,680.4731
GRD,2004,686.7384
GRD,2005,681.4081
GRD,2006,688.342
GRD,2007,693.8889
GRD,2008,691.8653
GRD,2009,707.8317
GRD,2010,714.0001
GRD,2011,691.078
GRD,2012,621.0159
GRD,2013,613.9888
GRD,2014,615.1488
GRD,2015,614.617
GRD,2016,638.5383
GRD,2017,635.7265
GRD,2018,623.732
GRD,2019,617.9438
GTM,2000,531.291
GTM,2001,528.3204
GTM,2002,511.0575
GTM,2003,518.029
GTM,2004,528.1763
GTM,2005,551.6446
GTM,2006,541.1646
GTM,2007,513.4512
GTM,2008,511.4023
GTM,2009,533.0255
GTM,2010,545.5955
GTM,2011,538.0942
GTM,2012,535.9606
GTM,2013,534.457
GTM,2014,534.1778
GTM,2015,538.5918
GTM,2016,527.6689
GTM,2017,509.862
GTM,2018,505.0034
GTM,2019,496.5364
GUY,2000,905.5567
GUY,2001,873.7954
GUY,2002,878.1665
GUY,2003,877.6388
GUY,2004,875.261
GUY,2005,860.9348
GUY,2006,846.264
GUY,2007,835.4106
GUY,2008,840.7297
GUY,2009,840.9669
GUY,2010,837.5163
GUY,2011,827.2064
GUY,2012,824.3726
GUY,2013,818.2972
GUY,2014,802.5902
GUY,2015,799.7336
GUY,2016,797.6097
GUY,2017,797.6681
GUY,2018,799.0694
GUY,2019,800.5491
HND,2000,561.1201
HND,2001,558.5347
HND,2002,564.7946
HND,2003,567.2274
HND,2004,568.0104
HND,2005,571.4647
HND,2006,572.4296
HND,2007,569.0338
HND,2008,565.5911
HND,2009,565.9003
HND,2010,574.1995
HND,2011,595.0072
HND,2012,683.4739
HND,2013,684.6093
HND,2014,685.0273
HND,2015,689.9077
HND,2016,637.878
HND,2017,639.1562
HND,2018,619.7465
HND,2019,613.4653
HRV,2000,630.7998
HRV,2001,615.154
HRV,2002,614.2369
HRV,2003,624.6207
HRV,2004,577.1274
HRV,2005,597.0256
HRV,2006,564.7483
HRV,2007,568.3899
HRV,2008,557.2948
HRV,2009,549.6429
HRV,2010,537.058
HRV,2011,513.8639
HRV,2012,503.7298
HRV,2013,481.3487
HRV,2014,473.8705
HRV,2015,493.8903
HRV,2016,458.8668
HRV,2017,464.7253
HRV,2018,451.3777
HRV,2019,443.7244
HTI,2000,922.9526
HTI,2001,914.757
HTI,2002,906.5625
HTI,2003,904.679
HTI,2004,897.942
HTI,2005,904.4739
HTI,2006,903.7913
HTI,2007,908.017
HTI,2008,904.1013
HTI,2009,903.4935
HTI,2010,865.4706
HTI,2011,895.8679
HTI,2012,888.9907
HTI,2013,880.3036
HTI,2014,875.3705
HTI,2015,871.5234
HTI,2016,858.3136
HTI,2017,848.5998
HTI,2018,844.5165
HTI,2019,837.3337
HUN,2000,772.6384
HUN,2001,712.5114
HUN,2002,710.2829
HUN,2003,720.9805
HUN,2004,695.1255
HUN,2005,706.3187
HUN,2006,676.2676
HUN,2007,672.1485
HUN,2008,645.5996
HUN,2009,637.5191
HUN,2010,625.0597
HUN,2011,609.2597
HUN,2012,604.0211
HUN,2013,582.9131
HUN,2014,575.301
HUN,2015,588.2619
HUN,2016,564.5885
HUN,2017,576.0552
HUN,2018,569.0954
HUN,2019,554.4997
IDN,2000,677.5051
IDN,2001,679.0486
IDN,2002,681.965
IDN,2003,684.6344
IDN,2004,689.7083
IDN,2005,691.643
IDN,2006,693.5404
IDN,2007,697.2732
IDN,2008,697.5948
IDN,2009,696.1401
IDN,2010,693.8264
IDN,2011,690.3127
IDN,2012,688.5458
IDN,2013,684.2324
IDN,2014,680.3245
IDN,2015,676.6601
IDN,2016,674.2744
IDN,2017,670.2769
IDN,2018,665.4683
IDN,2019,660.7458
IND,2000,687.328
IND,2001,688.1495
IND,2002,680.6622
IND,2003,655.7958
IND,2004,615.8517
IND,2005,620.9997
IND,2006,630.7375
IND,2007,634.1774
IND,2008,636.5817
IND,2009,603.7488
IND,2010,584.8598
IND,2011,582.5635
IND,2012,580.1339
IND,2013,588.5986
IND,2014,583.2563
IND,2015,575.5431
IND,2016,565.9017
IND,2017,559.6881
IND,2018,563.1912
IND,2019,558.4635
IRL,2000,514.3089
IRL,2001,486.1219
IRL,2002,468.9396
IRL,2003,449.4974
IRL,2004,435.2672
IRL,2005,413.1
IRL,2006,409.7148
IRL,2007,405.5802
IRL,2008,395.1996
IRL,2009,392.8691
IRL,2010,368.691
IRL,2011,368.9662
IRL,2012,369.7444
IRL,2013,365.3
IRL,2014,364.941
IRL,2015,349.9082
IRL,2016,344.4636
IRL,2017,339.2244
IRL,2018,333.5587
IRL,2019,326.8401
IRN,2000,585.3028
IRN,2001,575.0948
IRN,2002,565.5089
IRN,2003,552.4738
IRN,2004,542.4975
IRN,2005,529.7278
IRN,2006,518.4794
IRN,2007,508.914
IRN,2008,494.3016
IRN,2009,483.2053
IRN,2010,471.8776
IRN,2011,464.0311
IRN,2012,457.0305
IRN,2013,455.8382
IRN,2014,457.0787
IRN,2015,460.4794
IRN,2016,458.7975
IRN,2017,455.3019
IRN,2018,448.3569
IRN,2019,445.6564
IRQ,2000,697.9544
IRQ,2001,684.6883
IRQ,2002,676.2066
IRQ,2003,678.5539
IRQ,2004,670.1746
IRQ,2005,661.2146
IRQ,2006,656.1155
IRQ,2007,662.9008
IRQ,2008,666.6893
IRQ,2009,659.514
IRQ,2010,653.1456
IRQ,2011,646.6065
IRQ,2012,636.7329
IRQ,2013,627.614
IRQ,2014,618.0772
IRQ,2015,611.7103
IRQ,2016,605.3551
IRQ,2017,597.4928
IRQ,2018,599.5434
IRQ,2019,610.7923
ISL,2000,390.2141
ISL,2001,381.9442
ISL,2002,372.1268
ISL,2003,367.5526
ISL,2004,358.8624
ISL,2005,354.9714
ISL,2006,346.2395
ISL,2007,344.1237
ISL,2008,341.0959
ISL,2009,333.2168
ISL,2010,330.7889
ISL,2011,323.4202
ISL,2012,318.122
ISL,2013,314.7195
ISL,2014,315.8292
ISL,2015,313.0251
ISL,2016,307.899
ISL,2017,305.8113
ISL,2018,303.2281
ISL,2019,304.9298
ISR,2000,427.4781
ISR,2001,411.8916
ISR,2002,410.255
ISR,2003,402.082
ISR,2004,387.2275
ISR,2005,384.2281
ISR,2006,370.8654
ISR,2007,370.8066
ISR,2008,348.181
ISR,2009,325.464
ISR,2010,321.4469
ISR,2011,316.0666
ISR,2012,320.2371
ISR,2013,310.3055
ISR,2014,304.5946
ISR,2015,307.792
ISR,2016,297.2838
ISR,2017,292.6009
ISR,2018,284.0275
ISR,2019,285.2773
ITA,2000,411.605
ITA,2001,400.6919
ITA,2002,389.3319
ITA,2003,398.0037
ITA,2004,370.8179
ITA,2005,372.7696
ITA,2006,351.3703
ITA,2007,347.5137
ITA,2008,341.9887
ITA,2009,336.1912
ITA,2010,324.7137
ITA,2011,325.8506
ITA,2012,326.1862
ITA,2013,310.2056
ITA,2014,301.2672
ITA,2015,313.5476
ITA,2016,293.8131
ITA,2017,302.9005
ITA,2018,293.8382
ITA,2019,289.0596
JAM,2000,468.2693
JAM,2001,462.8681
JAM,2002,443.833
JAM,2003,431.2133
JAM,2004,414.2825
JAM,2005,384.8809
JAM,2006,388.9055
JAM,2007,418.4193
JAM,2008,461.1044
JAM,2009,490.8733
JAM,2010,434.7227
JAM,2011,464.4575
JAM,2012,423.8323
JAM,2013,420.8798
JAM,2014,454.779
JAM,2015,459.065
JAM,2016,454.7283
JAM,2017,449.6096
JAM,2018,452.2978
JAM,2019,454.3693
JOR,2000,648.4239
JOR,2001,647.6856
JOR,2002,637.9234
JOR,2003,608.1028
JOR,2004,608.3787
JOR,2005,616.0513
JOR,2006,603.9169
JOR,2007,548.8125
JOR,2008,508.154
JOR,2009,489.3561
JOR,2010,481.7828
JOR,2011,470.0447
JOR,2012,460.1861
JOR,2013,444.7565
JOR,2014,438.4364
JOR,2015,433.5251
JOR,2016,432.7708
JOR,2017,434.8775
JOR,2018,439.8459
JOR,2019,441.2214
JPN,2000,303.0393
JPN,2001,295.4911
JPN,2002,288.2538
JPN,2003,284.8407
JPN,2004,280.7143
JPN,2005,282.0568
JPN,2006,273.1296
JPN,2007,269.8056
JPN,2008,268.3632
JPN,2009,260.3406
JPN,2010,262.0595
JPN,2011,260.4669
JPN,2012,257.0699
JPN,2013,252.4881
JPN,2014,247.7777
JPN,2015,243.0984
JPN,2016,240.4216
JPN,2017,242.8418
JPN,2018,240.7954
JPN,2019,235.3629
KAZ,2000,1033.997
KAZ,2001,1033.503
KAZ,2002,1027.581
KAZ,2003,1050.646
KAZ,2004,984.785
KAZ,2005,978.7336
KAZ,2006,946.901
KAZ,2007,939.5386
KAZ,2008,887.9333
KAZ,2009,821.8043
KAZ,2010,844.1254
KAZ,2011,823.5419
KAZ,2012,800.8957
KAZ,2013,750.3404
KAZ,2014,718.3979
KAZ,2015,697.291
KAZ,2016,680.6025
KAZ,2017,659.8183
KAZ,2018,640.5885
KAZ,2019,620.8768
KEN,2000,624.1512
KEN,2001,609.6957
KEN,2002,605.5612
KEN,2003,596.0334
KEN,2004,587.5858
KEN,2005,607.5051
KEN,2006,610.2954
KEN,2007,619.4048
KEN,2008,621.8052
KEN,2009,611.5557
KEN,2010,607.5497
KEN,2011,607.196
KEN,2012,605.0617
KEN,2013,603.6367
KEN,2014,592.6793
KEN,2015,582.9666
KEN,2016,576.5121
KEN,2017,579.6616
KEN,2018,588.3095
KEN,2019,587.0545
KGZ,2000,886.1519
KGZ,2001,820.3584
KGZ,2002,884.2665
KGZ,2003,883.8877
KGZ,2004,829.5752
KGZ,2005,861.2382
KGZ,2006,872.4683
KGZ,2007,843.748
KGZ,2008,826.2758
KGZ,2009,815.3787
KGZ,2010,797.4685
KGZ,2011,796.0873
KGZ,2012,786.9341
KGZ,2013,735.8795
KGZ,2014,744.3094
KGZ,2015,715.6752
KGZ,2016,658.8026
KGZ,2017,641.928
KGZ,2018,615.6833
KGZ,2019,588.149
KHM,2000,766.9135
KHM,2001,756.3255
KHM,2002,743.1042
KHM,2003,730.6104
KHM,2004,727.1653
KHM,2005,723.0419
KHM,2006,716.2349
KHM,2007,708.245
KHM,2008,696.4563
KHM,2009,686.721
KHM,2010,685.024
KHM,2011,682.5751
KHM,2012,677.6391
KHM,2013,670.6614
KHM,2014,663.7538
KHM,2015,660.4201
KHM,2016,657.8941
KHM,2017,655.182
KHM,2018,654.0558
KHM,2019,652.4398
KIR,2000,1424.009
KIR,2001,1417.845
KIR,2002,1409.4
KIR,2003,1395.079
KIR,2004,1389.004
KIR,2005,1386.398
KIR,2006,1369.945
KIR,2007,1368.684
KIR,2008,1365.382
KIR,2009,1352.952
KIR,2010,1340.952
KIR,2011,1333.949
KIR,2012,1323.477
KIR,2013,1320.109
KIR,2014,1309.666
KIR,2015,1303.7
KIR,2016,1297.591
KIR,2017,1292.389
KIR,2018,1282.255
KIR,2019,1281.429
KOR,2000,495.3435
KOR,2001,467.5859
KOR,2002,460.7293
KOR,2003,435.9921
KOR,2004,420.4106
KOR,2005,401.9228
KOR,2006,380.3652
KOR,2007,366.5291
KOR,2008,349.025
KOR,2009,328.6769
KOR,2010,324.5832
KOR,2011,310.4161
KOR,2012,308.2421
KOR,2013,292.8124
KOR,2014,281.4661
KOR,2015,275.2334
KOR,2016,264.7215
KOR,2017,254.8861
KOR,2018,249.931
KOR,2019,237.0526
KWT,2000,425.5814
KWT,2001,391.9617
KWT,2002,410.5679
KWT,2003,396.846
KWT,2004,402.0507
KWT,2005,398.6764
KWT,2006,397.203
KWT,2007,385.7068
KWT,2008,419.1859
KWT,2009,395.1488
KWT,2010,356.6781
KWT,2011,327.4836
KWT,2012,320.3738
KWT,2013,313.0661
KWT,2014,307.289
KWT,2015,308.4543
KWT,2016,311.7383
KWT,2017,315.5597
KWT,2018,318.1507
KWT,2019,324.4085
LAO,2000,809.9764
LAO,2001,813.0787
LAO,2002,801.1957
LAO,2003,791.8247
LAO,2004,783.8885
LAO,2005,781.2263
LAO,2006,775.1779
LAO,2007,762.6697
LAO,2008,757.304
LAO,2009,743.7667
LAO,2010,731.9614
LAO,2011,722.1845
LAO,2012,711.4449
LAO,2013,704.5832
LAO,2014,699.8789
LAO,2015,697.2095
LAO,2016,693.866
LAO,2017,694.4595
LAO,2018,697.8235
LAO,2019,699.9042
LBN,2000,566.6804
LBN,2001,561.3521
LBN,2002,557.0805
LBN,2003,554.7038
LBN,2004,555.4968
LBN,2005,557.2578
LBN,2006,554.5839
LBN,2007,562.2727
LBN,2008,563.7325
LBN,2009,564.2589
LBN,2010,562.3444
LBN,2011,564.2193
LBN,2012,559.4359
LBN,2013,555.3655
LBN,2014,551.3706
LBN,2015,548.1272
LBN,2016,541.6841
LBN,2017,538.8262
LBN,2018,526.0604
LBN,2019,526.887
LBR,2000,577.3606
LBR,2001,558.0463
LBR,2002,564.7992
LBR,2003,548.9586
LBR,2004,563.2081
LBR,2005,547.7848
LBR,2006,557.4019
LBR,2007,568.7727
LBR,2008,570.014
LBR,2009,571.1407
LBR,2010,572.0454
LBR,2011,581.8522
LBR,2012,575.3907
LBR,2013,557.6828
LBR,2014,554.1971
LBR,2015,514.6751
LBR,2016,512.0491
LBR,2017,508.803
LBR,2018,505.4322
LBR,2019,506.4478
LBY,2000,506.2231
LBY,2001,508.0745
LBY,2002,509.6406
LBY,2003,496.1588
LBY,2004,465.0095
LBY,2005,459.3751
LBY,2006,455.7005
LBY,2007,487.9558
LBY,2008,487.4172
LBY,2009,494.8573
LBY,2010,476.2903
LBY,2011,466.4952
LBY,2012,468.7309
LBY,2013,462.0999
LBY,2014,471.2353
LBY,2015,472.9524
LBY,2016,473.8015
LBY,2017,485.5919
LBY,2018,489.9426
LBY,2019,478.9978
LCA,2000,579.2968
LCA,2001,577.7319
LCA,2002,565.3778
LCA,2003,561.1397
LCA,2004,546.5042
LCA,2005,535.5394
LCA,2006,529.6902
LCA,2007,508.3318
LCA,2008,509.2349
LCA,2009,488.9758
LCA,2010,474.4162
LCA,2011,457.9618
LCA,2012,468.7062
LCA,2013,474.0673
LCA,2014,486.8751
LCA,2015,486.2383
LCA,2016,505.8002
LCA,2017,515.1866
LCA,2018,517.952
LCA,2019,515.6624
LKA,2000,593.4418
LKA,2001,575.7879
LKA,2002,559.8503
LKA,2003,566.6311
LKA,2004,564.2751
LKA,2005,586.9413
LKA,2006,540.6174
LKA,2007,537.0759
LKA,2008,537.6689
LKA,2009,543.3658
LKA,2010,544.0673
LKA,2011,505.3885
LKA,2012,493.6551
LKA,2013,497.3965
LKA,2014,489.7663
LKA,2015,486.5917
LKA,2016,481.8829
LKA,2017,477.4568
LKA,2018,472.7572
LKA,2019,466.6501
LSO,2000,832.9887
LSO,2001,824.3235
LSO,2002,858.4733
LSO,2003,905.7381
LSO,2004,923.0782
LSO,2005,930.3887
LSO,2006,995.4579
LSO,2007,1023.739
LSO,2008,1101.555
LSO,2009,1116.89
LSO,2010,1127.561
LSO,2011,1153.469
LSO,2012,1213.22
LSO,2013,1263.736
LSO,2014,1292.073
LSO,2015,1284.276
LSO,2016,1240.627
LSO,2017,1176.695
LSO,2018,1156.96
LSO,2019,1137.235
LTU,2000,635.7363
LTU,2001,658.3908
LTU,2002,656.2554
LTU,2003,645.4353
LTU,2004,646.7481
LTU,2005,672.3548
LTU,2006,690.6639
LTU,2007,698.9835
LTU,2008,659.6448
LTU,2009,619.5367
LTU,2010,615.689
LTU,2011,596.2631
LTU,2012,581.7743
LTU,2013,577.6173
LTU,2014,556.2027
LTU,2015,572.7116
LTU,2016,557.6546
LTU,2017,535.4196
LTU,2018,525.3699
LTU,2019,525.0189
LUX,2000,439.7427
LUX,2001,434.2876
LUX,2002,425.0442
LUX,2003,418.4745
LUX,2004,415.4779
LUX,2005,405.5287
LUX,2006,390.8029
LUX,2007,378.1104
LUX,2008,368.534
LUX,2009,352.2245
LUX,2010,343.5767
LUX,2011,337.1521
LUX,2012,331.1277
LUX,2013,321.07
LUX,2014,310.1874
LUX,2015,304.4514
LUX,2016,302.4836
LUX,2017,302.9793
LUX,2018,301.2912
LUX,2019,303.1368
LVA,2000,725.4789
LVA,2001,752.1807
LVA,2002,736.3652
LVA,2003,736.0108
LVA,2004,728.3365
LVA,2005,741.1064
LVA,2006,748.3008
LVA,2007,743.1643
LVA,2008,690.6504
LVA,2009,659.9834
LVA,2010,654.3962
LVA,2011,615.5921
LVA,2012,611.9717
LVA,2013,595.3089
LVA,2014,579.6889
LVA,2015,572.024
LVA,2016,566.764
LVA,2017,565.8204
LVA,2018,566.3633
LVA,2019,558.6684
MAR,2000,663.559
MAR,2001,648.8078
MAR,2002,639.4819
MAR,2003,647.7925
MAR,2004,646.4813
MAR,2005,647.4425
MAR,2006,648.8399
MAR,2007,652.1167
MAR,2008,649.1737
MAR,2009,646.1265
MAR,2010,642.2638
MAR,2011,638.5666
MAR,2012,636.3828
MAR,2013,665.3446
MAR,2014,660.353
MAR,2015,656.0092
MAR,2016,651.7556
MAR,2017,649.5944
MAR,2018,647.9436
MAR,2019,643.9508
MDA,2000,983.6506
MDA,2001,939.926
MDA,2002,971.6094
MDA,2003,976.3714
MDA,2004,926.3645
MDA,2005,982.8376
MDA,2006,918.4567
MDA,2007,879.0549
MDA,2008,845.4603
MDA,2009,845.0198
MDA,2010,866.9025
MDA,2011,776.4594
MDA,2012,771.2856
MDA,2013,731.1924
MDA,2014,745.7348
MDA,2015,748.2275
MDA,2016,704.8599
MDA,2017,666.9814
MDA,2018,659.1305
MDA,2019,637.9902
MDG,2000,742.6823
MDG,2001,732.997
MDG,2002,742.9445
MDG,2003,751.6382
MDG,2004,750.8274
MDG,2005,738.3757
MDG,2006,733.7598
MDG,2007,722.9704
MDG,2008,720.3327
MDG,2009,715.5328
MDG,2010,712.8586
MDG,2011,710.5093
MDG,2012,699.2688
MDG,2013,694.4511
MDG,2014,692.8704
MDG,2015,681.4446
MDG,2016,678.8152
MDG,2017,672.6487
MDG,2018,669.7382
MDG,2019,665.2159
MDV,2000,692.2454
MDV,2001,659.5735
MDV,2002,635.138
MDV,2003,634.669
MDV,2004,614.0586
MDV,2005,584.3607
MDV,2006,569.5185
MDV,2007,555.0329
MDV,2008,535.2485
MDV,2009,518.2298
MDV,2010,502.7089
MDV,2011,478.0597
MDV,2012,466.2569
MDV,2013,456.9692
MDV,2014,451.9631
MDV,2015,448.0327
MDV,2016,440.622
MDV,2017,432.7071
MDV,2018,414.4378
MDV,2019,401.9516
MEX,2000,472.407
MEX,2001,466.8867
MEX,2002,472.195
MEX,2003,476.2321
MEX,2004,465.631
MEX,2005,473.0984
MEX,2006,459.0686
MEX,2007,456.5366
MEX,2008,472.0116
MEX,2009,464.0498
MEX,2010,474.3286
MEX,2011,455.9002
MEX,2012,454.8326
MEX,2013,452.9262
MEX,2014,462.9772
MEX,2015,470.0107
MEX,2016,476.8757
MEX,2017,470.1135
MEX,2018,465.6027
MEX,2019,464.8334
MKD,2000,894.7417
MKD,2001,856.1038
MKD,2002,912.0088
MKD,2003,901.9348
MKD,2004,871.3481
MKD,2005,875.8756
MKD,2006,857.6669
MKD,2007,880.2756
MKD,2008,837.0281
MKD,2009,819.9961
MKD,2010,804.344
MKD,2011,801.6014
MKD,2012,813.4299
MKD,2013,762.3015
MKD,2014,778.5318
MKD,2015,767.7646
MKD,2016,760.3801
MKD,2017,751.2053
MKD,2018,742.6261
MKD,2019,733.6896
MLI,2000,689.1614
MLI,2001,678.7827
MLI,2002,676.5946
MLI,2003,668.5801
MLI,2004,665.2017
MLI,2005,666.0277
MLI,2006,662.1044
MLI,2007,664.6549
MLI,2008,666.4974
MLI,2009,664.9669
MLI,2010,658.4092
MLI,2011,655.4922
MLI,2012,653.6552
MLI,2013,650.9225
MLI,2014,645.6585
MLI,2015,640.6984
MLI,2016,633.7928
MLI,2017,622.2756
MLI,2018,617.521
MLI,2019,611.4052
MLT,2000,473.0388
MLT,2001,456.5313
MLT,2002,442.9948
MLT,2003,437.6287
MLT,2004,430.2291
MLT,2005,427.0775
MLT,2006,417.4194
MLT,2007,405.6008
MLT,2008,391.1036
MLT,2009,378.3791
MLT,2010,371.8654
MLT,2011,362.3366
MLT,2012,352.6861
MLT,2013,339.6806
MLT,2014,332.7779
MLT,2015,325.9941
MLT,2016,319.2371
MLT,2017,316.6334
MLT,2018,315.4164
MLT,2019,314.681
MMR,2000,822.0772
MMR,2001,816.6206
MMR,2002,816.1621
MMR,2003,818.2944
MMR,2004,823.9167
MMR,2005,812.1739
MMR,2006,809.0516
MMR,2007,789.6461
MMR,2008,763.7136
MMR,2009,750.7457
MMR,2010,735.4998
MMR,2011,728.2601
MMR,2012,717.1466
MMR,2013,705.871
MMR,2014,700.8567
MMR,2015,694.1783
MMR,2016,689.9409
MMR,2017,680.3107
MMR,2018,679.8684
MMR,2019,673.7039
MNE,2000,638.8287
MNE,2001,640.884
MNE,2002,646.4164
MNE,2003,655.8064
MNE,2004,660.6509
MNE,2005,665.1246
MNE,2006,667.1358
MNE,2007,662.7153
MNE,2008,658.7012
MNE,2009,654.7148
MNE,2010,644.3857
MNE,2011,643.6849
MNE,2012,637.491
MNE,2013,635.0834
MNE,2014,637.6504
MNE,2015,638.9944
MNE,2016,633.5189
MNE,2017,630.7436
MNE,2018,617.9519
MNE,2019,603.134
MNG,2000,1311.299
MNG,2001,1317.657
MNG,2002,1295.371
MNG,2003,1275.895
MNG,2004,1237.733
MNG,2005,1218.692
MNG,2006,1195.032
MNG,2007,1151.79
MNG,2008,1122.802
MNG,2009,1119.204
MNG,2010,1101.308
MNG,2011,1073.726
MNG,2012,1034.115
MNG,2013,994.4349
MNG,2014,949.5185
MNG,2015,930.5413
MNG,2016,941.5158
MNG,2017,935.6192
MNG,2018,929.9976
MNG,2019,939.1735
MOZ,2000,761.4721
MOZ,2001,753.7438
MOZ,2002,752.0185
MOZ,2003,750.8288
MOZ,2004,755.7267
MOZ,2005,761.1972
MOZ,2006,768.3381
MOZ,2007,769.9499
MOZ,2008,787.7968
MOZ,2009,809.2767
MOZ,2010,821.8432
MOZ,2011,832.2925
MOZ,2012,843.0791
MOZ,2013,837.5458
MOZ,2014,817.8975
MOZ,2015,805.3956
MOZ,2016,793.7207
MOZ,2017,786.8588
MOZ,2018,783.6419
MOZ,2019,778.6395
MRT,2000,533.2045
MRT,2001,520.3837
MRT,2002,512.3715
MRT,2003,505.4961
MRT,2004,509.1068
MRT,2005,492.711
MRT,2006,496.4582
MRT,2007,496.0656
MRT,2008,488.5033
MRT,2009,488.1867
MRT,2010,481.8436
MRT,2011,472.9137
MRT,2012,485.5955
MRT,2013,477.158
MRT,2014,474.6163
MRT,2015,472.3468
MRT,2016,470.5328
MRT,2017,470.2414
MRT,2018,472.8701
MRT,2019,476.2181
MUS,2000,736.8014
MUS,2001,730.0012
MUS,2002,717.3502
MUS,2003,723.3245
MUS,2004,711.9571
MUS,2005,709.4715
MUS,2006,693.6555
MUS,2007,683.8018
MUS,2008,667.0787
MUS,2009,647.712
MUS,2010,624.5519
MUS,2011,611.5919
MUS,2012,605.7
MUS,2013,597.6564
MUS,2014,586.6402
MUS,2015,584.0462
MUS,2016,581.669
MUS,2017,577.2082
MUS,2018,580.2143
MUS,2019,581.4777
MWI,2000,832.5674
MWI,2001,802.9139
MWI,2002,774.4934
MWI,2003,757.5665
MWI,2004,740.776
MWI,2005,718.7295
MWI,2006,726.006
MWI,2007,729.3953
MWI,2008,722.3135
MWI,2009,726.225
MWI,2010,723.4214
MWI,2011,693.3592
MWI,2012,670.3755
MWI,2013,649.9828
MWI,2014,639.1448
MWI,2015,633.6963
MWI,2016,624.5359
MWI,2017,611.7369
MWI,2018,598.9771
MWI,2019,589.8055
MYS,2000,618.8829
MYS,2001,610.729
MYS,2002,610.3748
MYS,2003,604.6412
MYS,2004,581.3911
MYS,2005,565.6688
MYS,2006,552.3922
MYS,2007,539.3502
MYS,2008,540.7009
MYS,2009,538.7115
MYS,2010,524.288
MYS,2011,511.4454
MYS,2012,497.354
MYS,2013,471.4479
MYS,2014,477.4129
MYS,2015,478.3
MYS,2016,485.9939
MYS,2017,489.5738
MYS,2018,490.3209
MYS,2019,501.1372
NAM,2000,829.2006
NAM,2001,816.429
NAM,2002,814.439
NAM,2003,801.6702
NAM,2004,774.1565
NAM,2005,788.0497
NAM,2006,779.9173
NAM,2007,759.1688
NAM,2008,712.0007
NAM,2009,698.1824
NAM,2010,689.5213
NAM,2011,662.4527
NAM,2012,642.3589
NAM,2013,640.4745
NAM,2014,656.008
NAM,2015,671.2905
NAM,2016,653.4491
NAM,2017,651.9677
NAM,2018,629.7722
NAM,2019,627.8507
NER,2000,621.686
NER,2001,624.2292
NER,2002,621.6929
NER,2003,629.5321
NER,2004,618.3465
NER,2005,627.2313
NER,2006,622.1667
NER,2007,623.4272
NER,2008,616.1597
NER,2009,616.6104
NER,2010,618.0262
NER,2011,619.3489
NER,2012,620.601
NER,2013,619.1032
NER,2014,617.3565
NER,2015,616.5239
NER,2016,612.7639
NER,2017,609.8355
NER,2018,605.3606
NER,2019,599.6858
NGA,2000,641.6394
NGA,2001,643.0712
NGA,2002,640.7603
NGA,2003,633.232
NGA,2004,632.5731
NGA,2005,622.7278
NGA,2006,619.0512
NGA,2007,613.4112
NGA,2008,605.6073
NGA,2009,595.3662
NGA,2010,584.7866
NGA,2011,582.138
NGA,2012,576.6899
NGA,2013,569.6545
NGA,2014,560.4395
NGA,2015,554.304
NGA,2016,549.3988
NGA,2017,542.831
NGA,2018,537.2948
NGA,2019,530.1731
NIC,2000,529.8788
NIC,2001,531.9276
NIC,2002,548.4907
NIC,2003,553.932
NIC,2004,559.6349
NIC,2005,564.7007
NIC,2006,539.6817
NIC,2007,557.0197
NIC,2008,566.3811
NIC,2009,567.5561
NIC,2010,558.9366
NIC,2011,566.6024
NIC,2012,564.1862
NIC,2013,567.2327
NIC,2014,571.2192
NIC,2015,554.0691
NIC,2016,561.7719
NIC,2017,553.7467
NIC,2018,557.0285
NIC,2019,546.8134
NLD,2000,465.1415
NLD,2001,458.2558
NLD,2002,457.3864
NLD,2003,447.2296
NLD,2004,424.6453
NLD,2005,410.5251
NLD,2006,398.7395
NLD,2007,383.6661
NLD,2008,378.8637
NLD,2009,365.5114
NLD,2010,362.6355
NLD,2011,352.7792
NLD,2012,353.681
NLD,2013,347.942
NLD,2014,335.3472
NLD,2015,342.7553
NLD,2016,340.2113
NLD,2017,331.9296
NLD,2018,315.673
NLD,2019,319.9304
NOR,2000,428.679
NOR,2001,424.0501
NOR,2002,420.7502
NOR,2003,403.3169
NOR,2004,387.4078
NOR,2005,374.4516
NOR,2006,368.1093
NOR,2007,368.1544
NOR,2008,362.46
NOR,2009,350.1838
NOR,2010,349.4518
NOR,2011,339.6276
NOR,2012,339.6811
NOR,2013,329.5086
NOR,2014,318.8636
NOR,2015,313.0998
NOR,2016,307.4672
NOR,2017,304.4417
NOR,2018,298.4014
NOR,2019,291.3123
NPL,2000,485.9063
NPL,2001,480.7926
NPL,2002,483.9995
NPL,2003,490.8385
NPL,2004,491.3463
NPL,2005,504.9177
NPL,2006,515.1443
NPL,2007,523.4691
NPL,2008,534.7344
NPL,2009,548.2055
NPL,2010,554.8206
NPL,2011,570.1618
NPL,2012,580.9109
NPL,2013,588.4593
NPL,2014,595.5375
NPL,2015,597.4412
NPL,2016,595.6367
NPL,2017,598.563
NPL,2018,602.2581
NPL,2019,602.6794
NZL,2000,430.6708
NZL,2001,438.1948
NZL,2002,428.9557
NZL,2003,413.2422
NZL,2004,412.0285
NZL,2005,380.9962
NZL,2006,384.7087
NZL,2007,376.4204
NZL,2008,364.4278
NZL,2009,356.7012
NZL,2010,340.7987
NZL,2011,346.9283
NZL,2012,336.4241
NZL,2013,330.5657
NZL,2014,330.5128
NZL,2015,331.7032
NZL,2016,317.2854
NZL,2017,329.0762
NZL,2018,313.1337
NZL,2019,308.857
OMN,2000,866.8546
OMN,2001,843.0437
OMN,2002,835.3436
OMN,2003,827.8301
OMN,2004,802.0792
OMN,2005,811.6755
OMN,2006,831.4707
OMN,2007,827.9521
OMN,2008,822.2892
OMN,2009,815.8798
OMN,2010,821.5869
OMN,2011,789.9625
OMN,2012,752.4108
OMN,2013,763.196
OMN,2014,767.4699
OMN,2015,781.6818
OMN,2016,786.5437
OMN,2017,772.214
OMN,2018,709.228
OMN,2019,683.6013
PAK,2000,844.7229
PAK,2001,849.5009
PAK,2002,851.4736
PAK,2003,852.5268
PAK,2004,850.4037
PAK,2005,846.369
PAK,2006,843.9307
PAK,2007,834.6957
PAK,2008,828.7265
PAK,2009,821.0371
PAK,2010,815.222
PAK,2011,807.8645
PAK,2012,802.5293
PAK,2013,797.2666
PAK,2014,791.2642
PAK,2015,784.5251
PAK,2016,777.9018
PAK,2017,770.7289
PAK,2018,761.2336
PAK,2019,753.4131
PAN,2000,373.6544
PAN,2001,377.9596
PAN,2002,372.6733
PAN,2003,385.6026
PAN,2004,382.4737
PAN,2005,378.9393
PAN,2006,366.6328
PAN,2007,356.7827
PAN,2008,348.4614
PAN,2009,343.3657
PAN,2010,355.2218
PAN,2011,341.2638
PAN,2012,349.875
PAN,2013,345.3335
PAN,2014,342.8108
PAN,2015,342.2629
PAN,2016,343.7617
PAN,2017,347.4865
PAN,2018,337.1353
PAN,2019,333.7239
PER,2000,376.7252
PER,2001,361.3635
PER,2002,357.567
PER,2003,359.4718
PER,2004,344.9102
PER,2005,336.3868
PER,2006,326.7803
PER,2007,315.6409
PER,2008,317.9698
PER,2009,349.2841
PER,2010,356.996
PER,2011,350.7505
PER,2012,344.2809
PER,2013,337.4688
PER,2014,325.0186
PER,2015,314.6056
PER,2016,309.4818
PER,2017,308.5269
PER,2018,305.4615
PER,2019,302.7007
PHL,2000,650.6467
PHL,2001,660.7835
PHL,2002,680.0169
PHL,2003,664.0414
PHL,2004,693.3588
PHL,2005,677.8252
PHL,2006,689.2686
PHL,2007,667.7644
PHL,2008,664.8532
PHL,2009,662.8298
PHL,2010,643.5757
PHL,2011,629.1053
PHL,2012,658.9255
PHL,2013,662.5466
PHL,2014,623.6088
PHL,2015,673.1861
PHL,2016,682.8842
PHL,2017,693.2962
PHL,2018,703.1941
PHL,2019,713.631
PNG,2000,750.3043
PNG,2001,773.7828
PNG,2002,773.1242
PNG,2003,795.6057
PNG,2004,811.8264
PNG,2005,820.1348
PNG,2006,824.1733
PNG,2007,835.2363
PNG,2008,829.078
PNG,2009,817.584
PNG,2010,828.7205
PNG,2011,828.4864
PNG,2012,843.9088
PNG,2013,840.772
PNG,2014,846.5028
PNG,2015,847.5084
PNG,2016,842.6536
PNG,2017,835.7194
PNG,2018,835.5329
PNG,2019,837.5352
POL,2000,639.7912
POL,2001,624.74
POL,2002,604.4471
POL,2003,606.4289
POL,2004,590.8958
POL,2005,582.4471
POL,2006,570.081
POL,2007,567.0609
POL,2008,552.5503
POL,2009,546.9597
POL,2010,520.6473
POL,2011,502.5733
POL,2012,503.248
POL,2013,493.4306
POL,2014,469.3275
POL,2015,482.0739
POL,2016,465.3901
POL,2017,469.7468
POL,2018,449.7857
POL,2019,441.6346
PRK,2000,648.7793
PRK,2001,641.9809
PRK,2002,651.8218
PRK,2003,648.6385
PRK,2004,640.4826
PRK,2005,636.8352
PRK,2006,637.3981
PRK,2007,650.8127
PRK,2008,667.8159
PRK,2009,667.295
PRK,2010,670.6828
PRK,2011,670.5352
PRK,2012,660.8415
PRK,2013,656.1887
PRK,2014,650.3815
PRK,2015,649.2306
PRK,2016,638.2346
PRK,2017,617.7866
PRK,2018,599.6102
PRK,2019,597.0314
PRT,2000,486.3463
PRT,2001,475.1176
PRT,2002,468.2217
PRT,2003,468.6125
PRT,2004,430.2889
PRT,2005,441.5219
PRT,2006,410.552
PRT,2007,404.7673
PRT,2008,394.4748
PRT,2009,385.1304
PRT,2010,377.5815
PRT,2011,358.5134
PRT,2012,360.2042
PRT,2013,350.9625
PRT,2014,338.0025
PRT,2015,339.1442
PRT,2016,340.0181
PRT,2017,330.1312
PRT,2018,330.6813
PRT,2019,317.5592
PRY,2000,426.8902
PRY,2001,418.0908
PRY,2002,418.713
PRY,2003,421.1744
PRY,2004,440.9236
PRY,2005,442.9556
PRY,2006,451.2968
PRY,2007,436.9312
PRY,2008,438.1814
PRY,2009,441.0893
PRY,2010,450.4861
PRY,2011,441.4126
PRY,2012,441.5575
PRY,2013,445.7435
PRY,2014,446.0981
PRY,2015,446.567
PRY,2016,454.6766
PRY,2017,456.0146
PRY,2018,449.8281
PRY,2019,447.0504
QAT,2000,869.3347
QAT,2001,840.8492
QAT,2002,845.3443
QAT,2003,809.8657
QAT,2004,773.7075
QAT,2005,774.05
QAT,2006,822.8069
QAT,2007,844.8688
QAT,2008,823.881
QAT,2009,814.3652
QAT,2010,794.3533
QAT,2011,744.5095
QAT,2012,708.267
QAT,2013,692.3367
QAT,2014,689.7652
QAT,2015,695.574
QAT,2016,681.9256
QAT,2017,668.7929
QAT,2018,657.3685
QAT,2019,650.1274
ROU,2000,737.8953
ROU,2001,738.6678
ROU,2002,771.93
ROU,2003,762.8967
ROU,2004,728.2761
ROU,2005,724.7859
ROU,2006,699.981
ROU,2007,668.9481
ROU,2008,656.3917
ROU,2009,655.9005
ROU,2010,647.9892
ROU,2011,617.8642
ROU,2012,612.7525
ROU,2013,583.2392
ROU,2014,590.8749
ROU,2015,592.371
ROU,2016,577.6521
ROU,2017,576.2491
ROU,2018,572.4485
ROU,2019,555.2721
RUS,2000,937.6258
RUS,2001,944.4765
RUS,2002,972.2711
RUS,2003,999.7576
RUS,2004,966.3377
RUS,2005,967.375
RUS,2006,906.3127
RUS,2007,860.6192
RUS,2008,851.7895
RUS,2009,818.2922
RUS,2010,805.2656
RUS,2011,750.0156
RUS,2012,725.2233
RUS,2013,701.6843
RUS,2014,708.4768
RUS,2015,688.0004
RUS,2016,675.1375
RUS,2017,644.1252
RUS,2018,642.4669
RUS,2019,619.5153
RWA,2000,995.8544
RWA,2001,928.7592
RWA,2002,877.2084
RWA,2003,823.4869
RWA,2004,772.0315
RWA,2005,732.4929
RWA,2006,706.3082
RWA,2007,684.8018
RWA,2008,666.1157
RWA,2009,642.864
RWA,2010,629.4411
RWA,2011,616.1587
RWA,2012,607.7369
RWA,2013,597.4718
RWA,2014,595.2958
RWA,2015,591.5815
RWA,2016,585.0562
RWA,2017,580.6861
RWA,2018,579.7557
RWA,2019,579.0164
SAU,2000,721.7238
SAU,2001,716.9145
SAU,2002,711.3831
SAU,2003,705.767
SAU,2004,693.0622
SAU,2005,687.2494
SAU,2006,688.2592
SAU,2007,688.9049
SAU,2008,688.1321
SAU,2009,682.0916
SAU,2010,673.4129
SAU,2011,657.3336
SAU,2012,641.2311
SAU,2013,628.8485
SAU,2014,617.0768
SAU,2015,603.9601
SAU,2016,592.4833
SAU,2017,580.1168
SAU,2018,568.4491
SAU,2019,558.053
SDN,2000,693.3426
SDN,2001,686.5813
SDN,2002,682.4741
SDN,2003,672.2821
SDN,2004,662.9541
SDN,2005,660.8406
SDN,2006,655.8845
SDN,2007,650.3451
SDN,2008,649.1648
SDN,2009,651.6257
SDN,2010,640.6141
SDN,2011,654.4936
SDN,2012,643.9174
SDN,2013,645.2914
SDN,2014,640.0354
SDN,2015,636.7054
SDN,2016,633.3056
SDN,2017,631.7936
SDN,2018,629.6476
SDN,2019,625.6681
SEN,2000,640.5448
SEN,2001,636.6511
SEN,2002,627.7875
SEN,2003,626.3482
SEN,2004,623.1056
SEN,2005,617.3824
SEN,2006,610.2486
SEN,2007,599.1626
SEN,2008,599.8969
SEN,2009,594.1585
SEN,2010,588.4334
SEN,2011,584.2936
SEN,2012,584.1741
SEN,2013,582.4429
SEN,2014,578.1939
SEN,2015,574.7205
SEN,2016,566.2332
SEN,2017,560.8512
SEN,2018,554.9469
SEN,2019,551.3592
SGP,2000,404.5219
SGP,2001,388.5166
SGP,2002,366.1948
SGP,2003,351.1515
SGP,2004,329.1087
SGP,2005,317.1021
SGP,2006,313.233
SGP,2007,326.0615
SGP,2008,314.0723
SGP,2009,288.915
SGP,2010,284.3339
SGP,2011,278.2809
SGP,2012,269.6838
SGP,2013,261.7495
SGP,2014,254.295
SGP,2015,247.6645
SGP,2016,240.5533
SGP,2017,238.9244
SGP,2018,233.2794
SGP,2019,234.8398
SLB,2000,833.6346
SLB,2001,828.0827
SLB,2002,839.6317
SLB,2003,860.8835
SLB,2004,796.1553
SLB,2005,836.1916
SLB,2006,835.693
SLB,2007,906.877
SLB,2008,945.2007
SLB,2009,945.005
SLB,2010,939.8665
SLB,2011,942.0361
SLB,2012,938.4285
SLB,2013,933.2666
SLB,2014,931.8994
SLB,2015,926.0387
SLB,2016,915.3072
SLB,2017,911.577
SLB,2018,918.317
SLB,2019,909.0732
SLE,2000,643.177
SLE,2001,652.8038
SLE,2002,661.5579
SLE,2003,667.9681
SLE,2004,667.0498
SLE,2005,663.8656
SLE,2006,683.1851
SLE,2007,682.8994
SLE,2008,687.1624
SLE,2009,687.4923
SLE,2010,690.3626
SLE,2011,679.8579
SLE,2012,677.9814
SLE,2013,663.0277
SLE,2014,644.6782
SLE,2015,636.9045
SLE,2016,642.5806
SLE,2017,640.8821
SLE,2018,641.9648
SLE,2019,636.3089
SLV,2000,440.3181
SLV,2001,433.2666
SLV,2002,407.1051
SLV,2003,419.4049
SLV,2004,421.0858
SLV,2005,427.6151
SLV,2006,427.0156
SLV,2007,416.96
SLV,2008,415.0405
SLV,2009,417.0423
SLV,2010,417.5217
SLV,2011,419.0731
SLV,2012,403.6089
SLV,2013,416.5821
SLV,2014,425.7984
SLV,2015,445.215
SLV,2016,395.871
SLV,2017,401.4689
SLV,2018,396.5286
SLV,2019,392.6714
SOM,2000,814.9826
SOM,2001,807.9359
SOM,2002,806.4362
SOM,2003,813.7188
SOM,2004,817.9054
SOM,2005,820.9388
SOM,2006,812.8286
SOM,2007,810.5897
SOM,2008,817.5877
SOM,2009,815.0139
SOM,2010,796.783
SOM,2011,791.3944
SOM,2012,795.2697
SOM,2013,793.467
SOM,2014,786.5375
SOM,2015,784.4539
SOM,2016,779.4497
SOM,2017,775.3841
SOM,2018,773.1409
SOM,2019,769.1506
SRB,2000,827.5371
SRB,2001,773.6538
SRB,2002,795.4893
SRB,2003,790.8827
SRB,2004,773.2271
SRB,2005,770.5912
SRB,2006,724.6184
SRB,2007,711.2605
SRB,2008,698.9232
SRB,2009,691.2195
SRB,2010,677.9091
SRB,2011,673.0385
SRB,2012,656.7658
SRB,2013,630.7576
SRB,2014,628.5218
SRB,2015,631.935
SRB,2016,608.2832
SRB,2017,634.034
SRB,2018,607.268
SRB,2019,600.8104
SSD,2000,528.3458
SSD,2001,510.9508
SSD,2002,500.8985
SSD,2003,499.3918
SSD,2004,498.35
SSD,2005,493.6227
SSD,2006,493.5678
SSD,2007,489.6195
SSD,2008,484.3649
SSD,2009,478.4071
SSD,2010,475.5692
SSD,2011,473.1592
SSD,2012,481.3396
SSD,2013,462.8906
SSD,2014,456.6115
SSD,2015,467.2167
SSD,2016,472.4146
SSD,2017,467.1477
SSD,2018,480.8507
SSD,2019,481.0701
STP,2000,645.078
STP,2001,656.8494
STP,2002,651.3973
STP,2003,587.1084
STP,2004,599.8421
STP,2005,624.1928
STP,2006,626.7025
STP,2007,652.1762
STP,2008,648.3073
STP,2009,643.6044
STP,2010,631.7991
STP,2011,622.3297
STP,2012,634.8828
STP,2013,625.294
STP,2014,626.5077
STP,2015,616.2083
STP,2016,614.6321
STP,2017,622.738
STP,2018,617.101
STP,2019,613.2271
SUR,2000,612.285
SUR,2001,636.4633
SUR,2002,642.275
SUR,2003,634.5231
SUR,2004,625.4579
SUR,2005,615.9424
SUR,2006,603.4701
SUR,2007,593.0967
SUR,2008,581.5743
SUR,2009,572.03
SUR,2010,566.1869
SUR,2011,561.6
SUR,2012,560.3179
SUR,2013,564.4443
SUR,2014,563.37
SUR,2015,570.7879
SUR,2016,590.5213
SUR,2017,615.7037
SUR,2018,652.1457
SUR,2019,665.3646
SVK,2000,675.0776
SVK,2001,674.5759
SVK,2002,658.2769
SVK,2003,656.4372
SVK,2004,638.1589
SVK,2005,643.7726
SVK,2006,626.5566
SVK,2007,619.6369
SVK,2008,597.0269
SVK,2009,582.2866
SVK,2010,573.1215
SVK,2011,546.5968
SVK,2012,539.0045
SVK,2013,522.6861
SVK,2014,506.036
SVK,2015,496.8771
SVK,2016,483.1348
SVK,2017,468.8167
SVK,2018,454.9777
SVK,2019,441.7813
SVN,2000,517.9278
SVN,2001,513.6631
SVN,2002,506.1415
SVN,2003,515.1691
SVN,2004,476.1814
SVN,2005,468.6515
SVN,2006,436.2365
SVN,2007,434.421
SVN,2008,411.7279
SVN,2009,406.5994
SVN,2010,393.5813
SVN,2011,380.2912
SVN,2012,378.8346
SVN,2013,371.3012
SVN,2014,355.2853
SVN,2015,363.1196
SVN,2016,349.4848
SVN,2017,354.9479
SVN,2018,352.0996
SVN,2019,339.7941
SWE,2000,404.4066
SWE,2001,400.6166
SWE,2002,397.5081
SWE,2003,388.4446
SWE,2004,376.6507
SWE,2005,372.1363
SWE,2006,366.471
SWE,2007,360.0382
SWE,2008,353.8372
SWE,2009,344.7501
SWE,2010,343.0995
SWE,2011,334.5965
SWE,2012,335.1134
SWE,2013,326.4049
SWE,2014,315.1689
SWE,2015,321.0464
SWE,2016,315.6616
SWE,2017,312.0859
SWE,2018,304.2881
SWE,2019,300.5463
SWZ,2000,1014.084
SWZ,2001,1074.453
SWZ,2002,1147.534
SWZ,2003,1195.864
SWZ,2004,1225.529
SWZ,2005,1244.995
SWZ,2006,1257.001
SWZ,2007,1295.328
SWZ,2008,1295.327
SWZ,2009,1275.995
SWZ,2010,1225.672
SWZ,2011,1168.905
SWZ,2012,1153.438
SWZ,2013,1111.989
SWZ,2014,1047.767
SWZ,2015,995.3467
SWZ,2016,969.333
SWZ,2017,938.6309
SWZ,2018,911.5076
SWZ,2019,917.1078
SYC,2000,637.5849
SYC,2001,631.2491
SYC,2002,633.4456
SYC,2003,646.7938
SYC,2004,639.949
SYC,2005,639.0606
SYC,2006,630.9516
SYC,2007,621.1474
SYC,2008,623.7379
SYC,2009,611.8236
SYC,2010,588.427
SYC,2011,573.0127
SYC,2012,578.8928
SYC,2013,572.5359
SYC,2014,566.722
SYC,2015,567.7754
SYC,2016,570.9974
SYC,2017,572.771
SYC,2018,570.9917
SYC,2019,569.9074
SYR,2000,777.7982
SYR,2001,736.2527
SYR,2002,724.3859
SYR,2003,678.4512
SYR,2004,665.4338
SYR,2005,647.7149
SYR,2006,636.7774
SYR,2007,634.9199
SYR,2008,640.0538
SYR,2009,630.0326
SYR,2010,634.7083
SYR,2011,630.6203
SYR,2012,629.2848
SYR,2013,643.1573
SYR,2014,601.4931
SYR,2015,588.721
SYR,2016,615.1557
SYR,2017,635.5046
SYR,2018,632.5567
SYR,2019,633.5135
TCD,2000,674.5362
TCD,2001,670.6154
TCD,2002,673.0152
TCD,2003,674.7388
TCD,2004,666.4847
TCD,2005,665.6417
TCD,2006,665.9103
TCD,2007,672.9303
TCD,2008,670.9466
TCD,2009,674.3413
TCD,2010,678.3023
TCD,2011,677.7646
TCD,2012,677.1518
TCD,2013,671.7463
TCD,2014,661.5235
TCD,2015,653.5579
TCD,2016,644.9865
TCD,2017,644.7499
TCD,2018,637.9879
TCD,2019,626.21
TGO,2000,728.2188
TGO,2001,733.8608
TGO,2002,740.5262
TGO,2003,748.5441
TGO,2004,746.8979
TGO,2005,746.066
TGO,2006,752.5476
TGO,2007,750.7228
TGO,2008,749.7085
TGO,2009,741.8373
TGO,2010,734.0184
TGO,2011,730.1363
TGO,2012,723.2267
TGO,2013,714.3616
TGO,2014,704.5713
TGO,2015,694.2779
TGO,2016,678.7704
TGO,2017,666.0694
TGO,2018,654.6523
TGO,2019,649.4303
THA,2000,510.128
THA,2001,465.6545
THA,2002,457.3631
THA,2003,445.3036
THA,2004,446.7335
THA,2005,433.2086
THA,2006,423.0374
THA,2007,410.2234
THA,2008,400.5647
THA,2009,390.9368
THA,2010,389.4678
THA,2011,380.4378
THA,2012,371.1757
THA,2013,362.7401
THA,2014,362.195
THA,2015,360.7033
THA,2016,364.74
THA,2017,361.8216
THA,2018,363.1325
THA,2019,362.563
TJK,2000,774.7386
TJK,2001,789.7433
TJK,2002,805.2883
TJK,2003,818.2089
TJK,2004,834.1482
TJK,2005,858.499
TJK,2006,863.3409
TJK,2007,874.4821
TJK,2008,879.5672
TJK,2009,881.5115
TJK,2010,908.9756
TJK,2011,921.2661
TJK,2012,922.3143
TJK,2013,911.0889
TJK,2014,926.9935
TJK,2015,943.0413
TJK,2016,960.785
TJK,2017,951.2525
TJK,2018,903.3761
TJK,2019,876.12
TKM,2000,937.1512
TKM,2001,929.6625
TKM,2002,1008.779
TKM,2003,1011.594
TKM,2004,999.6888
TKM,2005,1037.396
TKM,2006,982.3613
TKM,2007,965.3282
TKM,2008,934.4875
TKM,2009,839.6606
TKM,2010,807.7249
TKM,2011,796.258
TKM,2012,768.196
TKM,2013,760.0387
TKM,2014,747.0846
TKM,2015,721.5681
TKM,2016,705.8132
TKM,2017,673.8793
TKM,2018,665.8989
TKM,2019,668.159
TLS,2000,539.437
TLS,2001,542.3149
TLS,2002,528.5632
TLS,2003,551.869
TLS,2004,562.4181
TLS,2005,554.7252
TLS,2006,529.5721
TLS,2007,507.8693
TLS,2008,504.0121
TLS,2009,580.2183
TLS,2010,572.9746
TLS,2011,573.4523
TLS,2012,553.0551
TLS,2013,552.903
TLS,2014,555.1077
TLS,2015,541.0281
TLS,2016,552.3087
TLS,2017,547.5837
TLS,2018,561.3124
TLS,2019,570.3933
TON,2000,708.2203
TON,2001,698.1857
TON,2002,697.1768
TON,2003,699.2565
TON,2004,684.8712
TON,2005,650.1369
TON,2006,644.0637
TON,2007,646.2235
TON,2008,645.8454
TON,2009,649.4504
TON,2010,655.3664
TON,2011,653.7016
TON,2012,654.2315
TON,2013,654.7301
TON,2014,656.3315
TON,2015,655.4849
TON,2016,646.5234
TON,2017,644.5188
TON,2018,636.5571
TON,2019,624.7742
TTO,2000,731.4385
TTO,2001,730.4539
TTO,2002,703.834
TTO,2003,719.4416
TTO,2004,693.865
TTO,2005,675.6889
TTO,2006,638.7331
TTO,2007,617.0223
TTO,2008,645.4515
TTO,2009,575.9139
TTO,2010,608.2366
TTO,2011,549.0679
TTO,2012,547.6576
TTO,2013,536.7092
TTO,2014,517.4348
TTO,2015,500.1244
TTO,2016,485.305
TTO,2017,469.3304
TTO,2018,452.695
TTO,2019,438.9595
TUN,2000,545.6102
TUN,2001,540.2514
TUN,2002,535.2599
TUN,2003,529.9163
TUN,2004,524.6876
TUN,2005,519.4114
TUN,2006,514.9946
TUN,2007,510.6154
TUN,2008,506.9531
TUN,2009,502.5931
TUN,2010,498.8354
TUN,2011,493.2166
TUN,2012,488.8568
TUN,2013,484.9097
TUN,2014,480.4905
TUN,2015,476.1771
TUN,2016,472.7055
TUN,2017,470.5569
TUN,2018,467.2878
TUN,2019,462.4613
TUR,2000,514.9706
TUR,2001,510.6857
TUR,2002,509.1946
TUR,2003,496.2983
TUR,2004,481.9291
TUR,2005,467.4097
TUR,2006,468.2661
TUR,2007,469.8862
TUR,2008,478.9665
TUR,2009,491.789
TUR,2010,494.4386
TUR,2011,487.53
TUR,2012,480.0189
TUR,2013,478.4098
TUR,2014,475.5677
TUR,2015,463.9265
TUR,2016,457.5084
TUR,2017,451.987
TUR,2018,441.5491
TUR,2019,436.8309
TZA,2000,627.6441
TZA,2001,604.2267
TZA,2002,580.2401
TZA,2003,565.8428
TZA,2004,547.1433
TZA,2005,536.3496
TZA,2006,541.3491
TZA,2007,547.4218
TZA,2008,561.5032
TZA,2009,555.1293
TZA,2010,537.9997
TZA,2011,529.0114
TZA,2012,512.1704
TZA,2013,518.3198
TZA,2014,504.794
TZA,2015,504.7085
TZA,2016,506.3085
TZA,2017,501.4967
TZA,2018,495.9666
TZA,2019,496.4681
UGA,2000,788.9227
UGA,2001,779.0942
UGA,2002,764.9377
UGA,2003,755.6381
UGA,2004,754.3711
UGA,2005,752.0422
UGA,2006,734.918
UGA,2007,692.8602
UGA,2008,665.0422
UGA,2009,653.6306
UGA,2010,639.6353
UGA,2011,637.4371
UGA,2012,618.3852
UGA,2013,610.3243
UGA,2014,596.0294
UGA,2015,589.5602
UGA,2016,589.9539
UGA,2017,572.456
UGA,2018,570.1151
UGA,2019,572.2314
UKR,2000,895.1192
UKR,2001,877.594
UKR,2002,898.2449
UKR,2003,911.4757
UKR,2004,906.1452
UKR,2005,926.9603
UKR,2006,889.5735
UKR,2007,886.132
UKR,2008,873.6475
UKR,2009,811.327
UKR,2010,791.931
UKR,2011,744.1383
UKR,2012,734.1656
UKR,2013,719.3033
UKR,2014,731.5562
UKR,2015,679.9641
UKR,2016,671.6245
UKR,2017,644.0109
UKR,2018,658.9348
UKR,2019,649.0498
URY,2000,527.7119
URY,2001,528.6724
URY,2002,520.8349
URY,2003,537.1211
URY,2004,521.8799
URY,2005,510.9148
URY,2006,482.9668
URY,2007,515.4821
URY,2008,472.3777
URY,2009,460.748
URY,2010,471.9775
URY,2011,465.2266
URY,2012,463.7161
URY,2013,450.4699
URY,2014,439.389
URY,2015,445.6162
URY,2016,456.547
URY,2017,436.2206
URY,2018,443.2175
URY,2019,445.2019
USA,2000,481.6506
USA,2001,473.2376
USA,2002,468.6373
USA,2003,462.5188
USA,2004,446.4185
USA,2005,447.3389
USA,2006,434.8043
USA,2007,425.2504
USA,2008,424.6878
USA,2009,412.7165
USA,2010,409.7563
USA,2011,406.7545
USA,2012,403.2602
USA,2013,403.3087
USA,2014,401.5546
USA,2015,406.6224
USA,2016,404.1515
USA,2017,405.1816
USA,2018,406.9146
USA,2019,407.882
UZB,2000,932.3693
UZB,2001,906.1778
UZB,2002,942.8326
UZB,2003,932.3827
UZB,2004,881.7629
UZB,2005,937.174
UZB,2006,866.7787
UZB,2007,839.6832
UZB,2008,812.4457
UZB,2009,749.83
UZB,2010,768.3947
UZB,2011,780.2631
UZB,2012,777.9634
UZB,2013,756.6919
UZB,2014,761.1903
UZB,2015,738.0721
UZB,2016,722.1115
UZB,2017,711.4009
UZB,2018,693.6673
UZB,2019,673.0668
VCT,2000,684.3497
VCT,2001,648.1669
VCT,2002,644.3765
VCT,2003,631.8359
VCT,2004,640.9305
VCT,2005,621.0928
VCT,2006,610.1952
VCT,2007,602.4184
VCT,2008,588.5205
VCT,2009,567.9542
VCT,2010,578.9325
VCT,2011,591.1674
VCT,2012,601.583
VCT,2013,596.0478
VCT,2014,593.1291
VCT,2015,575.0298
VCT,2016,562.9848
VCT,2017,551.9427
VCT,2018,540.8986
VCT,2019,537.206
VEN,2000,468.3722
VEN,2001,471.7991
VEN,2002,445.3852
VEN,2003,464.4311
VEN,2004,445.6473
VEN,2005,441.945
VEN,2006,431.9538
VEN,2007,432.6228
VEN,2008,439.1757
VEN,2009,430.0074
VEN,2010,441.0689
VEN,2011,442.7633
VEN,2012,433.7243
VEN,2013,424.7395
VEN,2014,451.9731
VEN,2015,428.6688
VEN,2016,432.6359
VEN,2017,427.4056
VEN,2018,419.0227
VEN,2019,411.264
VNM,2000,592.6441
VNM,2001,590.2299
VNM,2002,589.5135
VNM,2003,587.1926
VNM,2004,588.4679
VNM,2005,587.8757
VNM,2006,589.0249
VNM,2007,593.202
VNM,2008,596.0728
VNM,2009,596.5348
VNM,2010,595.1967
VNM,2011,595.2508
VNM,2012,594.8094
VNM,2013,592.168
VNM,2014,589.6118
VNM,2015,587.0139
VNM,2016,583.5897
VNM,2017,579.4889
VNM,2018,575.1737
VNM,2019,569.4175
VUT,2000,1015.482
VUT,2001,1014.779
VUT,2002,1010.356
VUT,2003,1003.352
VUT,2004,999.9222
VUT,2005,997.4313
VUT,2006,1008.52
VUT,2007,1002.58
VUT,2008,998.3199
VUT,2009,1012.392
VUT,2010,1005.209
VUT,2011,1003.836
VUT,2012,1009.514
VUT,2013,1006.556
VUT,2014,998.6141
VUT,2015,998.7245
VUT,2016,992.4004
VUT,2017,988.8961
VUT,2018,987.2289
VUT,2019,986.3082
WPR,2000,601.0716
WPR,2001,595.3186
WPR,2002,591.3627
WPR,2003,586.053
WPR,2004,583.8036
WPR,2005,571.6203
WPR,2006,548.4686
WPR,2007,532.5885
WPR,2008,525.6822
WPR,2009,518.2451
WPR,2010,514.2534
WPR,2011,506.3917
WPR,2012,495.1104
WPR,2013,483.905
WPR,2014,473.0207
WPR,2015,463.5069
WPR,2016,458.8916
WPR,2017,453.9692
WPR,2018,448.3298
WPR,2019,443.7806
WSM,2000,832.8198
WSM,2001,829.2257
WSM,2002,823.9022
WSM,2003,819.8469
WSM,2004,814.1533
WSM,2005,811.0063
WSM,2006,808.0962
WSM,2007,804.071
WSM,2008,799.685
WSM,2009,785.6034
WSM,2010,795.1462
WSM,2011,793.0283
WSM,2012,790.2432
WSM,2013,782.95
WSM,2014,785.1766
WSM,2015,782.2725
WSM,2016,779.0927
WSM,2017,773.2452
WSM,2018,771.2489
WSM,2019,765.6934
YEM,2000,800.114
YEM,2001,791.1903
YEM,2002,780.9326
YEM,2003,770.1229
YEM,2004,762.2051
YEM,2005,753.4019
YEM,2006,745.25
YEM,2007,739.5816
YEM,2008,736.2176
YEM,2009,727.714
YEM,2010,717.1278
YEM,2011,713.3403
YEM,2012,711.4266
YEM,2013,707.6467
YEM,2014,702.0568
YEM,2015,700.4047
YEM,2016,701.4818
YEM,2017,705.1882
YEM,2018,703.9417
YEM,2019,717.1033
ZAF,2000,809.6087
ZAF,2001,805.8688
ZAF,2002,812.7379
ZAF,2003,816.7828
ZAF,2004,801.7928
ZAF,2005,797.1734
ZAF,2006,800.1682
ZAF,2007,798.1669
ZAF,2008,803.9962
ZAF,2009,799.4991
ZAF,2010,782.7194
ZAF,2011,753.1015
ZAF,2012,731.3497
ZAF,2013,717.675
ZAF,2014,719.4066
ZAF,2015,721.9691
ZAF,2016,714.1045
ZAF,2017,700.6222
ZAF,2018,647.3963
ZAF,2019,618.3997
ZMB,2000,904.1346
ZMB,2001,876.2611
ZMB,2002,861.0396
ZMB,2003,839.5849
ZMB,2004,845.261
ZMB,2005,829.3073
ZMB,2006,822.3
ZMB,2007,782.832
ZMB,2008,762.5465
ZMB,2009,757.3806
ZMB,2010,769.0663
ZMB,2011,774.9455
ZMB,2012,754.8958
ZMB,2013,744.744
ZMB,2014,737.326
ZMB,2015,729.0304
ZMB,2016,722.4375
ZMB,2017,718.941
ZMB,2018,704.56
ZMB,2019,679.4242
ZWE,2000,608.2065
ZWE,2001,613.5933
ZWE,2002,631.8235
ZWE,2003,638.3904
ZWE,2004,667.0287
ZWE,2005,685.7761
ZWE,2006,707.8461
ZWE,2007,769.5797
ZWE,2008,828.699
ZWE,2009,866.4008
ZWE,2010,861.7858
ZWE,2011,842.1525
ZWE,2012,826.4386
ZWE,2013,810.2175
ZWE,2014,804.2693
ZWE,2015,800.0917
ZWE,2016,782.6051
ZWE,2017,755.6024
ZWE,2018,738.462
ZWE,2019,734.978
